participant_id,birth_year,sample_year,age,age_group,enterovirus_type,neutralizing_ab_titer,antibody_positive,immunity_level,susceptibility_fraction
P0001,1964,2005,41,40-59,EV-A71,256,1,Protected,0.1
P0001,1964,2005,41,40-59,EV-D68,256,1,Protected,0.1
P0001,1964,2005,41,40-59,CVA6,256,1,Protected,0.1
P0001,1964,2005,41,40-59,CVA16,256,1,Protected,0.1
P0001,1964,2010,46,40-59,EV-A71,256,1,Protected,0.1
P0001,1964,2010,46,40-59,EV-D68,128,1,Protected,0.1
P0001,1964,2010,46,40-59,CVA6,128,1,Protected,0.1
P0001,1964,2010,46,40-59,CVA16,128,1,Protected,0.1
P0001,1964,2015,51,40-59,EV-A71,512,1,Protected,0.1
P0001,1964,2015,51,40-59,EV-D68,128,1,Protected,0.1
P0001,1964,2015,51,40-59,CVA6,512,1,Protected,0.1
P0001,1964,2015,51,40-59,CVA16,128,1,Protected,0.1
P0001,1964,2020,56,40-59,EV-A71,512,1,Protected,0.1
P0001,1964,2020,56,40-59,EV-D68,256,1,Protected,0.1
P0001,1964,2020,56,40-59,CVA6,512,1,Protected,0.1
P0001,1964,2020,56,40-59,CVA16,256,1,Protected,0.1
P0001,1964,2025,61,60+,EV-A71,512,1,Protected,0.1
P0001,1964,2025,61,60+,EV-D68,256,1,Protected,0.1
P0001,1964,2025,61,60+,CVA6,512,1,Protected,0.1
P0001,1964,2025,61,60+,CVA16,256,1,Protected,0.1
P0002,1953,2005,52,40-59,EV-A71,512,1,Protected,0.1
P0002,1953,2005,52,40-59,EV-D68,128,1,Protected,0.1
P0002,1953,2005,52,40-59,CVA6,256,1,Protected,0.1
P0002,1953,2005,52,40-59,CVA16,64,1,Protected,0.1
P0002,1953,2010,57,40-59,EV-A71,128,1,Protected,0.1
P0002,1953,2010,57,40-59,EV-D68,128,1,Protected,0.1
P0002,1953,2010,57,40-59,CVA6,256,1,Protected,0.1
P0002,1953,2010,57,40-59,CVA16,64,1,Protected,0.1
P0002,1953,2015,62,60+,EV-A71,512,1,Protected,0.1
P0002,1953,2015,62,60+,EV-D68,256,1,Protected,0.1
P0002,1953,2015,62,60+,CVA6,512,1,Protected,0.1
P0002,1953,2015,62,60+,CVA16,128,1,Protected,0.1
P0002,1953,2020,67,60+,EV-A71,512,1,Protected,0.1
P0002,1953,2020,67,60+,EV-D68,256,1,Protected,0.1
P0002,1953,2020,67,60+,CVA6,512,1,Protected,0.1
P0002,1953,2020,67,60+,CVA16,256,1,Protected,0.1
P0002,1953,2025,72,60+,EV-A71,512,1,Protected,0.1
P0002,1953,2025,72,60+,EV-D68,256,1,Protected,0.1
P0002,1953,2025,72,60+,CVA6,512,1,Protected,0.1
P0002,1953,2025,72,60+,CVA16,256,1,Protected,0.1
P0003,1985,2005,20,20-39,EV-A71,512,1,Protected,0.1
P0003,1985,2005,20,20-39,EV-D68,256,1,Protected,0.1
P0003,1985,2005,20,20-39,CVA6,256,1,Protected,0.1
P0003,1985,2005,20,20-39,CVA16,128,1,Protected,0.1
P0003,1985,2010,25,20-39,EV-A71,256,1,Protected,0.1
P0003,1985,2010,25,20-39,EV-D68,128,1,Protected,0.1
P0003,1985,2010,25,20-39,CVA6,256,1,Protected,0.1
P0003,1985,2010,25,20-39,CVA16,128,1,Protected,0.1
P0003,1985,2015,30,20-39,EV-A71,256,1,Protected,0.1
P0003,1985,2015,30,20-39,EV-D68,256,1,Protected,0.1
P0003,1985,2015,30,20-39,CVA6,256,1,Protected,0.1
P0003,1985,2015,30,20-39,CVA16,256,1,Protected,0.1
P0003,1985,2020,35,20-39,EV-A71,512,1,Protected,0.1
P0003,1985,2020,35,20-39,EV-D68,256,1,Protected,0.1
P0003,1985,2020,35,20-39,CVA6,512,1,Protected,0.1
P0003,1985,2020,35,20-39,CVA16,256,1,Protected,0.1
P0003,1985,2025,40,40-59,EV-A71,256,1,Protected,0.1
P0003,1985,2025,40,40-59,EV-D68,256,1,Protected,0.1
P0003,1985,2025,40,40-59,CVA6,256,1,Protected,0.1
P0003,1985,2025,40,40-59,CVA16,256,1,Protected,0.1
P0004,1981,2005,24,20-39,EV-A71,512,1,Protected,0.1
P0004,1981,2005,24,20-39,EV-D68,64,1,Protected,0.1
P0004,1981,2005,24,20-39,CVA6,256,1,Protected,0.1
P0004,1981,2005,24,20-39,CVA16,128,1,Protected,0.1
P0004,1981,2010,29,20-39,EV-A71,256,1,Protected,0.1
P0004,1981,2010,29,20-39,EV-D68,256,1,Protected,0.1
P0004,1981,2010,29,20-39,CVA6,256,1,Protected,0.1
P0004,1981,2010,29,20-39,CVA16,128,1,Protected,0.1
P0004,1981,2015,34,20-39,EV-A71,256,1,Protected,0.1
P0004,1981,2015,34,20-39,EV-D68,256,1,Protected,0.1
P0004,1981,2015,34,20-39,CVA6,512,1,Protected,0.1
P0004,1981,2015,34,20-39,CVA16,128,1,Protected,0.1
P0004,1981,2020,39,20-39,EV-A71,512,1,Protected,0.1
P0004,1981,2020,39,20-39,EV-D68,512,1,Protected,0.1
P0004,1981,2020,39,20-39,CVA6,512,1,Protected,0.1
P0004,1981,2020,39,20-39,CVA16,512,1,Protected,0.1
P0004,1981,2025,44,40-59,EV-A71,512,1,Protected,0.1
P0004,1981,2025,44,40-59,EV-D68,128,1,Protected,0.1
P0004,1981,2025,44,40-59,CVA6,512,1,Protected,0.1
P0004,1981,2025,44,40-59,CVA16,256,1,Protected,0.1
P0005,1978,2005,27,20-39,EV-A71,256,1,Protected,0.1
P0005,1978,2005,27,20-39,EV-D68,64,1,Protected,0.1
P0005,1978,2005,27,20-39,CVA6,256,1,Protected,0.1
P0005,1978,2005,27,20-39,CVA16,64,1,Protected,0.1
P0005,1978,2010,32,20-39,EV-A71,128,1,Protected,0.1
P0005,1978,2010,32,20-39,EV-D68,128,1,Protected,0.1
P0005,1978,2010,32,20-39,CVA6,256,1,Protected,0.1
P0005,1978,2010,32,20-39,CVA16,64,1,Protected,0.1
P0005,1978,2015,37,20-39,EV-A71,256,1,Protected,0.1
P0005,1978,2015,37,20-39,EV-D68,256,1,Protected,0.1
P0005,1978,2015,37,20-39,CVA6,512,1,Protected,0.1
P0005,1978,2015,37,20-39,CVA16,256,1,Protected,0.1
P0005,1978,2020,42,40-59,EV-A71,512,1,Protected,0.1
P0005,1978,2020,42,40-59,EV-D68,256,1,Protected,0.1
P0005,1978,2020,42,40-59,CVA6,512,1,Protected,0.1
P0005,1978,2020,42,40-59,CVA16,512,1,Protected,0.1
P0005,1978,2025,47,40-59,EV-A71,512,1,Protected,0.1
P0005,1978,2025,47,40-59,EV-D68,512,1,Protected,0.1
P0005,1978,2025,47,40-59,CVA6,512,1,Protected,0.1
P0005,1978,2025,47,40-59,CVA16,256,1,Protected,0.1
P0006,1967,2005,38,20-39,EV-A71,128,1,Protected,0.1
P0006,1967,2005,38,20-39,EV-D68,128,1,Protected,0.1
P0006,1967,2005,38,20-39,CVA6,512,1,Protected,0.1
P0006,1967,2005,38,20-39,CVA16,128,1,Protected,0.1
P0006,1967,2010,43,40-59,EV-A71,256,1,Protected,0.1
P0006,1967,2010,43,40-59,EV-D68,64,1,Protected,0.1
P0006,1967,2010,43,40-59,CVA6,256,1,Protected,0.1
P0006,1967,2010,43,40-59,CVA16,128,1,Protected,0.1
P0006,1967,2015,48,40-59,EV-A71,512,1,Protected,0.1
P0006,1967,2015,48,40-59,EV-D68,256,1,Protected,0.1
P0006,1967,2015,48,40-59,CVA6,512,1,Protected,0.1
P0006,1967,2015,48,40-59,CVA16,256,1,Protected,0.1
P0006,1967,2020,53,40-59,EV-A71,256,1,Protected,0.1
P0006,1967,2020,53,40-59,EV-D68,256,1,Protected,0.1
P0006,1967,2020,53,40-59,CVA6,512,1,Protected,0.1
P0006,1967,2020,53,40-59,CVA16,256,1,Protected,0.1
P0006,1967,2025,58,40-59,EV-A71,256,1,Protected,0.1
P0006,1967,2025,58,40-59,EV-D68,256,1,Protected,0.1
P0006,1967,2025,58,40-59,CVA6,512,1,Protected,0.1
P0006,1967,2025,58,40-59,CVA16,256,1,Protected,0.1
P0007,1963,2005,42,40-59,EV-A71,128,1,Protected,0.1
P0007,1963,2005,42,40-59,EV-D68,128,1,Protected,0.1
P0007,1963,2005,42,40-59,CVA6,128,1,Protected,0.1
P0007,1963,2005,42,40-59,CVA16,128,1,Protected,0.1
P0007,1963,2010,47,40-59,EV-A71,512,1,Protected,0.1
P0007,1963,2010,47,40-59,EV-D68,64,1,Protected,0.1
P0007,1963,2010,47,40-59,CVA6,128,1,Protected,0.1
P0007,1963,2010,47,40-59,CVA16,128,1,Protected,0.1
P0007,1963,2015,52,40-59,EV-A71,512,1,Protected,0.1
P0007,1963,2015,52,40-59,EV-D68,256,1,Protected,0.1
P0007,1963,2015,52,40-59,CVA6,512,1,Protected,0.1
P0007,1963,2015,52,40-59,CVA16,256,1,Protected,0.1
P0007,1963,2020,57,40-59,EV-A71,256,1,Protected,0.1
P0007,1963,2020,57,40-59,EV-D68,512,1,Protected,0.1
P0007,1963,2020,57,40-59,CVA6,512,1,Protected,0.1
P0007,1963,2020,57,40-59,CVA16,512,1,Protected,0.1
P0007,1963,2025,62,60+,EV-A71,512,1,Protected,0.1
P0007,1963,2025,62,60+,EV-D68,256,1,Protected,0.1
P0007,1963,2025,62,60+,CVA6,512,1,Protected,0.1
P0007,1963,2025,62,60+,CVA16,256,1,Protected,0.1
P0008,2019,2020,1,0-4,EV-A71,256,1,Protected,0.1
P0008,2019,2020,1,0-4,EV-D68,32,1,Partially protected,0.5
P0008,2019,2020,1,0-4,CVA6,128,1,Protected,0.1
P0008,2019,2020,1,0-4,CVA16,64,1,Protected,0.1
P0008,2019,2025,6,5-9,EV-A71,128,1,Protected,0.1
P0008,2019,2025,6,5-9,EV-D68,128,1,Protected,0.1
P0008,2019,2025,6,5-9,CVA6,128,1,Protected,0.1
P0008,2019,2025,6,5-9,CVA16,64,1,Protected,0.1
P0009,1961,2005,44,40-59,EV-A71,128,1,Protected,0.1
P0009,1961,2005,44,40-59,EV-D68,64,1,Protected,0.1
P0009,1961,2005,44,40-59,CVA6,256,1,Protected,0.1
P0009,1961,2005,44,40-59,CVA16,64,1,Protected,0.1
P0009,1961,2010,49,40-59,EV-A71,256,1,Protected,0.1
P0009,1961,2010,49,40-59,EV-D68,128,1,Protected,0.1
P0009,1961,2010,49,40-59,CVA6,512,1,Protected,0.1
P0009,1961,2010,49,40-59,CVA16,128,1,Protected,0.1
P0009,1961,2015,54,40-59,EV-A71,256,1,Protected,0.1
P0009,1961,2015,54,40-59,EV-D68,256,1,Protected,0.1
P0009,1961,2015,54,40-59,CVA6,512,1,Protected,0.1
P0009,1961,2015,54,40-59,CVA16,128,1,Protected,0.1
P0009,1961,2020,59,40-59,EV-A71,512,1,Protected,0.1
P0009,1961,2020,59,40-59,EV-D68,256,1,Protected,0.1
P0009,1961,2020,59,40-59,CVA6,512,1,Protected,0.1
P0009,1961,2020,59,40-59,CVA16,128,1,Protected,0.1
P0009,1961,2025,64,60+,EV-A71,256,1,Protected,0.1
P0009,1961,2025,64,60+,EV-D68,256,1,Protected,0.1
P0009,1961,2025,64,60+,CVA6,512,1,Protected,0.1
P0009,1961,2025,64,60+,CVA16,256,1,Protected,0.1
P0010,2004,2005,1,0-4,EV-A71,128,1,Protected,0.1
P0010,2004,2005,1,0-4,EV-D68,64,1,Protected,0.1
P0010,2004,2005,1,0-4,CVA6,32,1,Partially protected,0.5
P0010,2004,2005,1,0-4,CVA16,32,1,Partially protected,0.5
P0010,2004,2010,6,5-9,EV-A71,128,1,Protected,0.1
P0010,2004,2010,6,5-9,EV-D68,32,1,Partially protected,0.5
P0010,2004,2010,6,5-9,CVA6,128,1,Protected,0.1
P0010,2004,2010,6,5-9,CVA16,16,0,Susceptible,1.0
P0010,2004,2015,11,10-14,EV-A71,512,1,Protected,0.1
P0010,2004,2015,11,10-14,EV-D68,128,1,Protected,0.1
P0010,2004,2015,11,10-14,CVA6,256,1,Protected,0.1
P0010,2004,2015,11,10-14,CVA16,64,1,Protected,0.1
P0010,2004,2020,16,15-19,EV-A71,128,1,Protected,0.1
P0010,2004,2020,16,15-19,EV-D68,128,1,Protected,0.1
P0010,2004,2020,16,15-19,CVA6,256,1,Protected,0.1
P0010,2004,2020,16,15-19,CVA16,128,1,Protected,0.1
P0010,2004,2025,21,20-39,EV-A71,256,1,Protected,0.1
P0010,2004,2025,21,20-39,EV-D68,256,1,Protected,0.1
P0010,2004,2025,21,20-39,CVA6,512,1,Protected,0.1
P0010,2004,2025,21,20-39,CVA16,128,1,Protected,0.1
P0011,1954,2005,51,40-59,EV-A71,128,1,Protected,0.1
P0011,1954,2005,51,40-59,EV-D68,128,1,Protected,0.1
P0011,1954,2005,51,40-59,CVA6,512,1,Protected,0.1
P0011,1954,2005,51,40-59,CVA16,128,1,Protected,0.1
P0011,1954,2010,56,40-59,EV-A71,128,1,Protected,0.1
P0011,1954,2010,56,40-59,EV-D68,128,1,Protected,0.1
P0011,1954,2010,56,40-59,CVA6,256,1,Protected,0.1
P0011,1954,2010,56,40-59,CVA16,256,1,Protected,0.1
P0011,1954,2015,61,60+,EV-A71,512,1,Protected,0.1
P0011,1954,2015,61,60+,EV-D68,512,1,Protected,0.1
P0011,1954,2015,61,60+,CVA6,512,1,Protected,0.1
P0011,1954,2015,61,60+,CVA16,256,1,Protected,0.1
P0011,1954,2020,66,60+,EV-A71,512,1,Protected,0.1
P0011,1954,2020,66,60+,EV-D68,512,1,Protected,0.1
P0011,1954,2020,66,60+,CVA6,512,1,Protected,0.1
P0011,1954,2020,66,60+,CVA16,256,1,Protected,0.1
P0011,1954,2025,71,60+,EV-A71,512,1,Protected,0.1
P0011,1954,2025,71,60+,EV-D68,512,1,Protected,0.1
P0011,1954,2025,71,60+,CVA6,512,1,Protected,0.1
P0011,1954,2025,71,60+,CVA16,128,1,Protected,0.1
P0012,1953,2005,52,40-59,EV-A71,128,1,Protected,0.1
P0012,1953,2005,52,40-59,EV-D68,256,1,Protected,0.1
P0012,1953,2005,52,40-59,CVA6,256,1,Protected,0.1
P0012,1953,2005,52,40-59,CVA16,128,1,Protected,0.1
P0012,1953,2010,57,40-59,EV-A71,256,1,Protected,0.1
P0012,1953,2010,57,40-59,EV-D68,128,1,Protected,0.1
P0012,1953,2010,57,40-59,CVA6,256,1,Protected,0.1
P0012,1953,2010,57,40-59,CVA16,128,1,Protected,0.1
P0012,1953,2015,62,60+,EV-A71,512,1,Protected,0.1
P0012,1953,2015,62,60+,EV-D68,256,1,Protected,0.1
P0012,1953,2015,62,60+,CVA6,512,1,Protected,0.1
P0012,1953,2015,62,60+,CVA16,128,1,Protected,0.1
P0012,1953,2020,67,60+,EV-A71,512,1,Protected,0.1
P0012,1953,2020,67,60+,EV-D68,256,1,Protected,0.1
P0012,1953,2020,67,60+,CVA6,512,1,Protected,0.1
P0012,1953,2020,67,60+,CVA16,256,1,Protected,0.1
P0012,1953,2025,72,60+,EV-A71,512,1,Protected,0.1
P0012,1953,2025,72,60+,EV-D68,256,1,Protected,0.1
P0012,1953,2025,72,60+,CVA6,512,1,Protected,0.1
P0012,1953,2025,72,60+,CVA16,128,1,Protected,0.1
P0013,1961,2005,44,40-59,EV-A71,128,1,Protected,0.1
P0013,1961,2005,44,40-59,EV-D68,64,1,Protected,0.1
P0013,1961,2005,44,40-59,CVA6,128,1,Protected,0.1
P0013,1961,2005,44,40-59,CVA16,128,1,Protected,0.1
P0013,1961,2010,49,40-59,EV-A71,128,1,Protected,0.1
P0013,1961,2010,49,40-59,EV-D68,128,1,Protected,0.1
P0013,1961,2010,49,40-59,CVA6,256,1,Protected,0.1
P0013,1961,2010,49,40-59,CVA16,256,1,Protected,0.1
P0013,1961,2015,54,40-59,EV-A71,256,1,Protected,0.1
P0013,1961,2015,54,40-59,EV-D68,512,1,Protected,0.1
P0013,1961,2015,54,40-59,CVA6,512,1,Protected,0.1
P0013,1961,2015,54,40-59,CVA16,512,1,Protected,0.1
P0013,1961,2020,59,40-59,EV-A71,512,1,Protected,0.1
P0013,1961,2020,59,40-59,EV-D68,128,1,Protected,0.1
P0013,1961,2020,59,40-59,CVA6,512,1,Protected,0.1
P0013,1961,2020,59,40-59,CVA16,256,1,Protected,0.1
P0013,1961,2025,64,60+,EV-A71,512,1,Protected,0.1
P0013,1961,2025,64,60+,EV-D68,128,1,Protected,0.1
P0013,1961,2025,64,60+,CVA6,512,1,Protected,0.1
P0013,1961,2025,64,60+,CVA16,512,1,Protected,0.1
P0014,1977,2005,28,20-39,EV-A71,256,1,Protected,0.1
P0014,1977,2005,28,20-39,EV-D68,128,1,Protected,0.1
P0014,1977,2005,28,20-39,CVA6,128,1,Protected,0.1
P0014,1977,2005,28,20-39,CVA16,256,1,Protected,0.1
P0014,1977,2010,33,20-39,EV-A71,512,1,Protected,0.1
P0014,1977,2010,33,20-39,EV-D68,128,1,Protected,0.1
P0014,1977,2010,33,20-39,CVA6,256,1,Protected,0.1
P0014,1977,2010,33,20-39,CVA16,128,1,Protected,0.1
P0014,1977,2015,38,20-39,EV-A71,512,1,Protected,0.1
P0014,1977,2015,38,20-39,EV-D68,128,1,Protected,0.1
P0014,1977,2015,38,20-39,CVA6,512,1,Protected,0.1
P0014,1977,2015,38,20-39,CVA16,512,1,Protected,0.1
P0014,1977,2020,43,40-59,EV-A71,512,1,Protected,0.1
P0014,1977,2020,43,40-59,EV-D68,128,1,Protected,0.1
P0014,1977,2020,43,40-59,CVA6,512,1,Protected,0.1
P0014,1977,2020,43,40-59,CVA16,512,1,Protected,0.1
P0014,1977,2025,48,40-59,EV-A71,512,1,Protected,0.1
P0014,1977,2025,48,40-59,EV-D68,256,1,Protected,0.1
P0014,1977,2025,48,40-59,CVA6,512,1,Protected,0.1
P0014,1977,2025,48,40-59,CVA16,512,1,Protected,0.1
P0015,1979,2005,26,20-39,EV-A71,512,1,Protected,0.1
P0015,1979,2005,26,20-39,EV-D68,256,1,Protected,0.1
P0015,1979,2005,26,20-39,CVA6,128,1,Protected,0.1
P0015,1979,2005,26,20-39,CVA16,256,1,Protected,0.1
P0015,1979,2010,31,20-39,EV-A71,256,1,Protected,0.1
P0015,1979,2010,31,20-39,EV-D68,64,1,Protected,0.1
P0015,1979,2010,31,20-39,CVA6,256,1,Protected,0.1
P0015,1979,2010,31,20-39,CVA16,128,1,Protected,0.1
P0015,1979,2015,36,20-39,EV-A71,512,1,Protected,0.1
P0015,1979,2015,36,20-39,EV-D68,256,1,Protected,0.1
P0015,1979,2015,36,20-39,CVA6,512,1,Protected,0.1
P0015,1979,2015,36,20-39,CVA16,128,1,Protected,0.1
P0015,1979,2020,41,40-59,EV-A71,512,1,Protected,0.1
P0015,1979,2020,41,40-59,EV-D68,256,1,Protected,0.1
P0015,1979,2020,41,40-59,CVA6,512,1,Protected,0.1
P0015,1979,2020,41,40-59,CVA16,256,1,Protected,0.1
P0015,1979,2025,46,40-59,EV-A71,256,1,Protected,0.1
P0015,1979,2025,46,40-59,EV-D68,256,1,Protected,0.1
P0015,1979,2025,46,40-59,CVA6,256,1,Protected,0.1
P0015,1979,2025,46,40-59,CVA16,128,1,Protected,0.1
P0016,2014,2015,1,0-4,EV-A71,256,1,Protected,0.1
P0016,2014,2015,1,0-4,EV-D68,64,1,Protected,0.1
P0016,2014,2015,1,0-4,CVA6,128,1,Protected,0.1
P0016,2014,2015,1,0-4,CVA16,64,1,Protected,0.1
P0016,2014,2020,6,5-9,EV-A71,128,1,Protected,0.1
P0016,2014,2020,6,5-9,EV-D68,64,1,Protected,0.1
P0016,2014,2020,6,5-9,CVA6,128,1,Protected,0.1
P0016,2014,2020,6,5-9,CVA16,64,1,Protected,0.1
P0016,2014,2025,11,10-14,EV-A71,256,1,Protected,0.1
P0016,2014,2025,11,10-14,EV-D68,128,1,Protected,0.1
P0016,2014,2025,11,10-14,CVA6,512,1,Protected,0.1
P0016,2014,2025,11,10-14,CVA16,256,1,Protected,0.1
P0017,1953,2005,52,40-59,EV-A71,128,1,Protected,0.1
P0017,1953,2005,52,40-59,EV-D68,64,1,Protected,0.1
P0017,1953,2005,52,40-59,CVA6,256,1,Protected,0.1
P0017,1953,2005,52,40-59,CVA16,128,1,Protected,0.1
P0017,1953,2010,57,40-59,EV-A71,512,1,Protected,0.1
P0017,1953,2010,57,40-59,EV-D68,64,1,Protected,0.1
P0017,1953,2010,57,40-59,CVA6,128,1,Protected,0.1
P0017,1953,2010,57,40-59,CVA16,128,1,Protected,0.1
P0017,1953,2015,62,60+,EV-A71,512,1,Protected,0.1
P0017,1953,2015,62,60+,EV-D68,256,1,Protected,0.1
P0017,1953,2015,62,60+,CVA6,512,1,Protected,0.1
P0017,1953,2015,62,60+,CVA16,512,1,Protected,0.1
P0017,1953,2020,67,60+,EV-A71,512,1,Protected,0.1
P0017,1953,2020,67,60+,EV-D68,256,1,Protected,0.1
P0017,1953,2020,67,60+,CVA6,512,1,Protected,0.1
P0017,1953,2020,67,60+,CVA16,256,1,Protected,0.1
P0017,1953,2025,72,60+,EV-A71,512,1,Protected,0.1
P0017,1953,2025,72,60+,EV-D68,128,1,Protected,0.1
P0017,1953,2025,72,60+,CVA6,512,1,Protected,0.1
P0017,1953,2025,72,60+,CVA16,256,1,Protected,0.1
P0018,1975,2005,30,20-39,EV-A71,128,1,Protected,0.1
P0018,1975,2005,30,20-39,EV-D68,128,1,Protected,0.1
P0018,1975,2005,30,20-39,CVA6,512,1,Protected,0.1
P0018,1975,2005,30,20-39,CVA16,128,1,Protected,0.1
P0018,1975,2010,35,20-39,EV-A71,512,1,Protected,0.1
P0018,1975,2010,35,20-39,EV-D68,128,1,Protected,0.1
P0018,1975,2010,35,20-39,CVA6,128,1,Protected,0.1
P0018,1975,2010,35,20-39,CVA16,128,1,Protected,0.1
P0018,1975,2015,40,40-59,EV-A71,512,1,Protected,0.1
P0018,1975,2015,40,40-59,EV-D68,512,1,Protected,0.1
P0018,1975,2015,40,40-59,CVA6,256,1,Protected,0.1
P0018,1975,2015,40,40-59,CVA16,128,1,Protected,0.1
P0018,1975,2020,45,40-59,EV-A71,512,1,Protected,0.1
P0018,1975,2020,45,40-59,EV-D68,256,1,Protected,0.1
P0018,1975,2020,45,40-59,CVA6,512,1,Protected,0.1
P0018,1975,2020,45,40-59,CVA16,256,1,Protected,0.1
P0018,1975,2025,50,40-59,EV-A71,512,1,Protected,0.1
P0018,1975,2025,50,40-59,EV-D68,256,1,Protected,0.1
P0018,1975,2025,50,40-59,CVA6,512,1,Protected,0.1
P0018,1975,2025,50,40-59,CVA16,128,1,Protected,0.1
P0019,2019,2020,1,0-4,EV-A71,64,1,Protected,0.1
P0019,2019,2020,1,0-4,EV-D68,64,1,Protected,0.1
P0019,2019,2020,1,0-4,CVA6,128,1,Protected,0.1
P0019,2019,2020,1,0-4,CVA16,64,1,Protected,0.1
P0019,2019,2025,6,5-9,EV-A71,128,1,Protected,0.1
P0019,2019,2025,6,5-9,EV-D68,64,1,Protected,0.1
P0019,2019,2025,6,5-9,CVA6,256,1,Protected,0.1
P0019,2019,2025,6,5-9,CVA16,64,1,Protected,0.1
P0020,2003,2005,2,0-4,EV-A71,128,1,Protected,0.1
P0020,2003,2005,2,0-4,EV-D68,64,1,Protected,0.1
P0020,2003,2005,2,0-4,CVA6,64,1,Protected,0.1
P0020,2003,2005,2,0-4,CVA16,16,0,Susceptible,1.0
P0020,2003,2010,7,5-9,EV-A71,64,1,Protected,0.1
P0020,2003,2010,7,5-9,EV-D68,16,0,Susceptible,1.0
P0020,2003,2010,7,5-9,CVA6,64,1,Protected,0.1
P0020,2003,2010,7,5-9,CVA16,16,0,Susceptible,1.0
P0020,2003,2015,12,10-14,EV-A71,256,1,Protected,0.1
P0020,2003,2015,12,10-14,EV-D68,64,1,Protected,0.1
P0020,2003,2015,12,10-14,CVA6,256,1,Protected,0.1
P0020,2003,2015,12,10-14,CVA16,256,1,Protected,0.1
P0020,2003,2020,17,15-19,EV-A71,256,1,Protected,0.1
P0020,2003,2020,17,15-19,EV-D68,256,1,Protected,0.1
P0020,2003,2020,17,15-19,CVA6,256,1,Protected,0.1
P0020,2003,2020,17,15-19,CVA16,128,1,Protected,0.1
P0020,2003,2025,22,20-39,EV-A71,512,1,Protected,0.1
P0020,2003,2025,22,20-39,EV-D68,128,1,Protected,0.1
P0020,2003,2025,22,20-39,CVA6,512,1,Protected,0.1
P0020,2003,2025,22,20-39,CVA16,128,1,Protected,0.1
P0021,1978,2005,27,20-39,EV-A71,256,1,Protected,0.1
P0021,1978,2005,27,20-39,EV-D68,128,1,Protected,0.1
P0021,1978,2005,27,20-39,CVA6,512,1,Protected,0.1
P0021,1978,2005,27,20-39,CVA16,128,1,Protected,0.1
P0021,1978,2010,32,20-39,EV-A71,256,1,Protected,0.1
P0021,1978,2010,32,20-39,EV-D68,64,1,Protected,0.1
P0021,1978,2010,32,20-39,CVA6,256,1,Protected,0.1
P0021,1978,2010,32,20-39,CVA16,64,1,Protected,0.1
P0021,1978,2015,37,20-39,EV-A71,512,1,Protected,0.1
P0021,1978,2015,37,20-39,EV-D68,256,1,Protected,0.1
P0021,1978,2015,37,20-39,CVA6,512,1,Protected,0.1
P0021,1978,2015,37,20-39,CVA16,256,1,Protected,0.1
P0021,1978,2020,42,40-59,EV-A71,512,1,Protected,0.1
P0021,1978,2020,42,40-59,EV-D68,128,1,Protected,0.1
P0021,1978,2020,42,40-59,CVA6,512,1,Protected,0.1
P0021,1978,2020,42,40-59,CVA16,256,1,Protected,0.1
P0021,1978,2025,47,40-59,EV-A71,512,1,Protected,0.1
P0021,1978,2025,47,40-59,EV-D68,256,1,Protected,0.1
P0021,1978,2025,47,40-59,CVA6,512,1,Protected,0.1
P0021,1978,2025,47,40-59,CVA16,256,1,Protected,0.1
P0022,2007,2010,3,0-4,EV-A71,32,1,Partially protected,0.5
P0022,2007,2010,3,0-4,EV-D68,64,1,Protected,0.1
P0022,2007,2010,3,0-4,CVA6,32,1,Partially protected,0.5
P0022,2007,2010,3,0-4,CVA16,64,1,Protected,0.1
P0022,2007,2015,8,5-9,EV-A71,256,1,Protected,0.1
P0022,2007,2015,8,5-9,EV-D68,64,1,Protected,0.1
P0022,2007,2015,8,5-9,CVA6,128,1,Protected,0.1
P0022,2007,2015,8,5-9,CVA16,64,1,Protected,0.1
P0022,2007,2020,13,10-14,EV-A71,256,1,Protected,0.1
P0022,2007,2020,13,10-14,EV-D68,128,1,Protected,0.1
P0022,2007,2020,13,10-14,CVA6,128,1,Protected,0.1
P0022,2007,2020,13,10-14,CVA16,128,1,Protected,0.1
P0022,2007,2025,18,15-19,EV-A71,256,1,Protected,0.1
P0022,2007,2025,18,15-19,EV-D68,128,1,Protected,0.1
P0022,2007,2025,18,15-19,CVA6,256,1,Protected,0.1
P0022,2007,2025,18,15-19,CVA16,256,1,Protected,0.1
P0023,1985,2005,20,20-39,EV-A71,256,1,Protected,0.1
P0023,1985,2005,20,20-39,EV-D68,64,1,Protected,0.1
P0023,1985,2005,20,20-39,CVA6,256,1,Protected,0.1
P0023,1985,2005,20,20-39,CVA16,128,1,Protected,0.1
P0023,1985,2010,25,20-39,EV-A71,256,1,Protected,0.1
P0023,1985,2010,25,20-39,EV-D68,256,1,Protected,0.1
P0023,1985,2010,25,20-39,CVA6,512,1,Protected,0.1
P0023,1985,2010,25,20-39,CVA16,128,1,Protected,0.1
P0023,1985,2015,30,20-39,EV-A71,512,1,Protected,0.1
P0023,1985,2015,30,20-39,EV-D68,512,1,Protected,0.1
P0023,1985,2015,30,20-39,CVA6,512,1,Protected,0.1
P0023,1985,2015,30,20-39,CVA16,256,1,Protected,0.1
P0023,1985,2020,35,20-39,EV-A71,512,1,Protected,0.1
P0023,1985,2020,35,20-39,EV-D68,256,1,Protected,0.1
P0023,1985,2020,35,20-39,CVA6,256,1,Protected,0.1
P0023,1985,2020,35,20-39,CVA16,256,1,Protected,0.1
P0023,1985,2025,40,40-59,EV-A71,512,1,Protected,0.1
P0023,1985,2025,40,40-59,EV-D68,256,1,Protected,0.1
P0023,1985,2025,40,40-59,CVA6,512,1,Protected,0.1
P0023,1985,2025,40,40-59,CVA16,512,1,Protected,0.1
P0024,1950,2005,55,40-59,EV-A71,128,1,Protected,0.1
P0024,1950,2005,55,40-59,EV-D68,128,1,Protected,0.1
P0024,1950,2005,55,40-59,CVA6,512,1,Protected,0.1
P0024,1950,2005,55,40-59,CVA16,64,1,Protected,0.1
P0024,1950,2010,60,60+,EV-A71,256,1,Protected,0.1
P0024,1950,2010,60,60+,EV-D68,128,1,Protected,0.1
P0024,1950,2010,60,60+,CVA6,256,1,Protected,0.1
P0024,1950,2010,60,60+,CVA16,64,1,Protected,0.1
P0024,1950,2015,65,60+,EV-A71,256,1,Protected,0.1
P0024,1950,2015,65,60+,EV-D68,256,1,Protected,0.1
P0024,1950,2015,65,60+,CVA6,512,1,Protected,0.1
P0024,1950,2015,65,60+,CVA16,128,1,Protected,0.1
P0024,1950,2020,70,60+,EV-A71,256,1,Protected,0.1
P0024,1950,2020,70,60+,EV-D68,512,1,Protected,0.1
P0024,1950,2020,70,60+,CVA6,512,1,Protected,0.1
P0024,1950,2020,70,60+,CVA16,512,1,Protected,0.1
P0024,1950,2025,75,60+,EV-A71,512,1,Protected,0.1
P0024,1950,2025,75,60+,EV-D68,256,1,Protected,0.1
P0024,1950,2025,75,60+,CVA6,512,1,Protected,0.1
P0024,1950,2025,75,60+,CVA16,512,1,Protected,0.1
P0025,1970,2005,35,20-39,EV-A71,128,1,Protected,0.1
P0025,1970,2005,35,20-39,EV-D68,128,1,Protected,0.1
P0025,1970,2005,35,20-39,CVA6,512,1,Protected,0.1
P0025,1970,2005,35,20-39,CVA16,128,1,Protected,0.1
P0025,1970,2010,40,40-59,EV-A71,256,1,Protected,0.1
P0025,1970,2010,40,40-59,EV-D68,256,1,Protected,0.1
P0025,1970,2010,40,40-59,CVA6,256,1,Protected,0.1
P0025,1970,2010,40,40-59,CVA16,256,1,Protected,0.1
P0025,1970,2015,45,40-59,EV-A71,512,1,Protected,0.1
P0025,1970,2015,45,40-59,EV-D68,128,1,Protected,0.1
P0025,1970,2015,45,40-59,CVA6,512,1,Protected,0.1
P0025,1970,2015,45,40-59,CVA16,128,1,Protected,0.1
P0025,1970,2020,50,40-59,EV-A71,512,1,Protected,0.1
P0025,1970,2020,50,40-59,EV-D68,128,1,Protected,0.1
P0025,1970,2020,50,40-59,CVA6,512,1,Protected,0.1
P0025,1970,2020,50,40-59,CVA16,256,1,Protected,0.1
P0025,1970,2025,55,40-59,EV-A71,256,1,Protected,0.1
P0025,1970,2025,55,40-59,EV-D68,256,1,Protected,0.1
P0025,1970,2025,55,40-59,CVA6,512,1,Protected,0.1
P0025,1970,2025,55,40-59,CVA16,256,1,Protected,0.1
P0026,2004,2005,1,0-4,EV-A71,128,1,Protected,0.1
P0026,2004,2005,1,0-4,EV-D68,64,1,Protected,0.1
P0026,2004,2005,1,0-4,CVA6,128,1,Protected,0.1
P0026,2004,2005,1,0-4,CVA16,32,1,Partially protected,0.5
P0026,2004,2010,6,5-9,EV-A71,64,1,Protected,0.1
P0026,2004,2010,6,5-9,EV-D68,32,1,Partially protected,0.5
P0026,2004,2010,6,5-9,CVA6,64,1,Protected,0.1
P0026,2004,2010,6,5-9,CVA16,32,1,Partially protected,0.5
P0026,2004,2015,11,10-14,EV-A71,256,1,Protected,0.1
P0026,2004,2015,11,10-14,EV-D68,128,1,Protected,0.1
P0026,2004,2015,11,10-14,CVA6,512,1,Protected,0.1
P0026,2004,2015,11,10-14,CVA16,64,1,Protected,0.1
P0026,2004,2020,16,15-19,EV-A71,256,1,Protected,0.1
P0026,2004,2020,16,15-19,EV-D68,64,1,Protected,0.1
P0026,2004,2020,16,15-19,CVA6,256,1,Protected,0.1
P0026,2004,2020,16,15-19,CVA16,64,1,Protected,0.1
P0026,2004,2025,21,20-39,EV-A71,512,1,Protected,0.1
P0026,2004,2025,21,20-39,EV-D68,256,1,Protected,0.1
P0026,2004,2025,21,20-39,CVA6,512,1,Protected,0.1
P0026,2004,2025,21,20-39,CVA16,256,1,Protected,0.1
P0027,1993,2005,12,10-14,EV-A71,256,1,Protected,0.1
P0027,1993,2005,12,10-14,EV-D68,64,1,Protected,0.1
P0027,1993,2005,12,10-14,CVA6,128,1,Protected,0.1
P0027,1993,2005,12,10-14,CVA16,32,1,Partially protected,0.5
P0027,1993,2010,17,15-19,EV-A71,256,1,Protected,0.1
P0027,1993,2010,17,15-19,EV-D68,64,1,Protected,0.1
P0027,1993,2010,17,15-19,CVA6,128,1,Protected,0.1
P0027,1993,2010,17,15-19,CVA16,64,1,Protected,0.1
P0027,1993,2015,22,20-39,EV-A71,512,1,Protected,0.1
P0027,1993,2015,22,20-39,EV-D68,256,1,Protected,0.1
P0027,1993,2015,22,20-39,CVA6,512,1,Protected,0.1
P0027,1993,2015,22,20-39,CVA16,128,1,Protected,0.1
P0027,1993,2020,27,20-39,EV-A71,512,1,Protected,0.1
P0027,1993,2020,27,20-39,EV-D68,512,1,Protected,0.1
P0027,1993,2020,27,20-39,CVA6,512,1,Protected,0.1
P0027,1993,2020,27,20-39,CVA16,256,1,Protected,0.1
P0027,1993,2025,32,20-39,EV-A71,512,1,Protected,0.1
P0027,1993,2025,32,20-39,EV-D68,512,1,Protected,0.1
P0027,1993,2025,32,20-39,CVA6,256,1,Protected,0.1
P0027,1993,2025,32,20-39,CVA16,256,1,Protected,0.1
P0028,1985,2005,20,20-39,EV-A71,512,1,Protected,0.1
P0028,1985,2005,20,20-39,EV-D68,128,1,Protected,0.1
P0028,1985,2005,20,20-39,CVA6,128,1,Protected,0.1
P0028,1985,2005,20,20-39,CVA16,128,1,Protected,0.1
P0028,1985,2010,25,20-39,EV-A71,256,1,Protected,0.1
P0028,1985,2010,25,20-39,EV-D68,128,1,Protected,0.1
P0028,1985,2010,25,20-39,CVA6,256,1,Protected,0.1
P0028,1985,2010,25,20-39,CVA16,128,1,Protected,0.1
P0028,1985,2015,30,20-39,EV-A71,512,1,Protected,0.1
P0028,1985,2015,30,20-39,EV-D68,256,1,Protected,0.1
P0028,1985,2015,30,20-39,CVA6,512,1,Protected,0.1
P0028,1985,2015,30,20-39,CVA16,256,1,Protected,0.1
P0028,1985,2020,35,20-39,EV-A71,512,1,Protected,0.1
P0028,1985,2020,35,20-39,EV-D68,128,1,Protected,0.1
P0028,1985,2020,35,20-39,CVA6,512,1,Protected,0.1
P0028,1985,2020,35,20-39,CVA16,128,1,Protected,0.1
P0028,1985,2025,40,40-59,EV-A71,512,1,Protected,0.1
P0028,1985,2025,40,40-59,EV-D68,512,1,Protected,0.1
P0028,1985,2025,40,40-59,CVA6,512,1,Protected,0.1
P0028,1985,2025,40,40-59,CVA16,128,1,Protected,0.1
P0029,1969,2005,36,20-39,EV-A71,256,1,Protected,0.1
P0029,1969,2005,36,20-39,EV-D68,256,1,Protected,0.1
P0029,1969,2005,36,20-39,CVA6,256,1,Protected,0.1
P0029,1969,2005,36,20-39,CVA16,256,1,Protected,0.1
P0029,1969,2010,41,40-59,EV-A71,256,1,Protected,0.1
P0029,1969,2010,41,40-59,EV-D68,128,1,Protected,0.1
P0029,1969,2010,41,40-59,CVA6,256,1,Protected,0.1
P0029,1969,2010,41,40-59,CVA16,128,1,Protected,0.1
P0029,1969,2015,46,40-59,EV-A71,512,1,Protected,0.1
P0029,1969,2015,46,40-59,EV-D68,256,1,Protected,0.1
P0029,1969,2015,46,40-59,CVA6,512,1,Protected,0.1
P0029,1969,2015,46,40-59,CVA16,128,1,Protected,0.1
P0029,1969,2020,51,40-59,EV-A71,512,1,Protected,0.1
P0029,1969,2020,51,40-59,EV-D68,256,1,Protected,0.1
P0029,1969,2020,51,40-59,CVA6,512,1,Protected,0.1
P0029,1969,2020,51,40-59,CVA16,256,1,Protected,0.1
P0029,1969,2025,56,40-59,EV-A71,512,1,Protected,0.1
P0029,1969,2025,56,40-59,EV-D68,256,1,Protected,0.1
P0029,1969,2025,56,40-59,CVA6,512,1,Protected,0.1
P0029,1969,2025,56,40-59,CVA16,256,1,Protected,0.1
P0030,1977,2005,28,20-39,EV-A71,512,1,Protected,0.1
P0030,1977,2005,28,20-39,EV-D68,128,1,Protected,0.1
P0030,1977,2005,28,20-39,CVA6,256,1,Protected,0.1
P0030,1977,2005,28,20-39,CVA16,128,1,Protected,0.1
P0030,1977,2010,33,20-39,EV-A71,256,1,Protected,0.1
P0030,1977,2010,33,20-39,EV-D68,128,1,Protected,0.1
P0030,1977,2010,33,20-39,CVA6,512,1,Protected,0.1
P0030,1977,2010,33,20-39,CVA16,128,1,Protected,0.1
P0030,1977,2015,38,20-39,EV-A71,512,1,Protected,0.1
P0030,1977,2015,38,20-39,EV-D68,256,1,Protected,0.1
P0030,1977,2015,38,20-39,CVA6,512,1,Protected,0.1
P0030,1977,2015,38,20-39,CVA16,512,1,Protected,0.1
P0030,1977,2020,43,40-59,EV-A71,512,1,Protected,0.1
P0030,1977,2020,43,40-59,EV-D68,256,1,Protected,0.1
P0030,1977,2020,43,40-59,CVA6,512,1,Protected,0.1
P0030,1977,2020,43,40-59,CVA16,256,1,Protected,0.1
P0030,1977,2025,48,40-59,EV-A71,512,1,Protected,0.1
P0030,1977,2025,48,40-59,EV-D68,256,1,Protected,0.1
P0030,1977,2025,48,40-59,CVA6,512,1,Protected,0.1
P0030,1977,2025,48,40-59,CVA16,128,1,Protected,0.1
P0031,1993,2005,12,10-14,EV-A71,128,1,Protected,0.1
P0031,1993,2005,12,10-14,EV-D68,64,1,Protected,0.1
P0031,1993,2005,12,10-14,CVA6,256,1,Protected,0.1
P0031,1993,2005,12,10-14,CVA16,32,1,Partially protected,0.5
P0031,1993,2010,17,15-19,EV-A71,256,1,Protected,0.1
P0031,1993,2010,17,15-19,EV-D68,32,1,Partially protected,0.5
P0031,1993,2010,17,15-19,CVA6,128,1,Protected,0.1
P0031,1993,2010,17,15-19,CVA16,32,1,Partially protected,0.5
P0031,1993,2015,22,20-39,EV-A71,512,1,Protected,0.1
P0031,1993,2015,22,20-39,EV-D68,256,1,Protected,0.1
P0031,1993,2015,22,20-39,CVA6,512,1,Protected,0.1
P0031,1993,2015,22,20-39,CVA16,512,1,Protected,0.1
P0031,1993,2020,27,20-39,EV-A71,512,1,Protected,0.1
P0031,1993,2020,27,20-39,EV-D68,256,1,Protected,0.1
P0031,1993,2020,27,20-39,CVA6,256,1,Protected,0.1
P0031,1993,2020,27,20-39,CVA16,256,1,Protected,0.1
P0031,1993,2025,32,20-39,EV-A71,512,1,Protected,0.1
P0031,1993,2025,32,20-39,EV-D68,256,1,Protected,0.1
P0031,1993,2025,32,20-39,CVA6,256,1,Protected,0.1
P0031,1993,2025,32,20-39,CVA16,256,1,Protected,0.1
P0032,1963,2005,42,40-59,EV-A71,128,1,Protected,0.1
P0032,1963,2005,42,40-59,EV-D68,128,1,Protected,0.1
P0032,1963,2005,42,40-59,CVA6,512,1,Protected,0.1
P0032,1963,2005,42,40-59,CVA16,128,1,Protected,0.1
P0032,1963,2010,47,40-59,EV-A71,256,1,Protected,0.1
P0032,1963,2010,47,40-59,EV-D68,128,1,Protected,0.1
P0032,1963,2010,47,40-59,CVA6,128,1,Protected,0.1
P0032,1963,2010,47,40-59,CVA16,128,1,Protected,0.1
P0032,1963,2015,52,40-59,EV-A71,512,1,Protected,0.1
P0032,1963,2015,52,40-59,EV-D68,128,1,Protected,0.1
P0032,1963,2015,52,40-59,CVA6,512,1,Protected,0.1
P0032,1963,2015,52,40-59,CVA16,128,1,Protected,0.1
P0032,1963,2020,57,40-59,EV-A71,512,1,Protected,0.1
P0032,1963,2020,57,40-59,EV-D68,256,1,Protected,0.1
P0032,1963,2020,57,40-59,CVA6,512,1,Protected,0.1
P0032,1963,2020,57,40-59,CVA16,128,1,Protected,0.1
P0032,1963,2025,62,60+,EV-A71,512,1,Protected,0.1
P0032,1963,2025,62,60+,EV-D68,256,1,Protected,0.1
P0032,1963,2025,62,60+,CVA6,512,1,Protected,0.1
P0032,1963,2025,62,60+,CVA16,256,1,Protected,0.1
P0033,1961,2005,44,40-59,EV-A71,256,1,Protected,0.1
P0033,1961,2005,44,40-59,EV-D68,256,1,Protected,0.1
P0033,1961,2005,44,40-59,CVA6,128,1,Protected,0.1
P0033,1961,2005,44,40-59,CVA16,64,1,Protected,0.1
P0033,1961,2010,49,40-59,EV-A71,128,1,Protected,0.1
P0033,1961,2010,49,40-59,EV-D68,128,1,Protected,0.1
P0033,1961,2010,49,40-59,CVA6,256,1,Protected,0.1
P0033,1961,2010,49,40-59,CVA16,128,1,Protected,0.1
P0033,1961,2015,54,40-59,EV-A71,512,1,Protected,0.1
P0033,1961,2015,54,40-59,EV-D68,512,1,Protected,0.1
P0033,1961,2015,54,40-59,CVA6,512,1,Protected,0.1
P0033,1961,2015,54,40-59,CVA16,256,1,Protected,0.1
P0033,1961,2020,59,40-59,EV-A71,256,1,Protected,0.1
P0033,1961,2020,59,40-59,EV-D68,256,1,Protected,0.1
P0033,1961,2020,59,40-59,CVA6,512,1,Protected,0.1
P0033,1961,2020,59,40-59,CVA16,256,1,Protected,0.1
P0033,1961,2025,64,60+,EV-A71,256,1,Protected,0.1
P0033,1961,2025,64,60+,EV-D68,128,1,Protected,0.1
P0033,1961,2025,64,60+,CVA6,512,1,Protected,0.1
P0033,1961,2025,64,60+,CVA16,256,1,Protected,0.1
P0034,1998,2005,7,5-9,EV-A71,128,1,Protected,0.1
P0034,1998,2005,7,5-9,EV-D68,32,1,Partially protected,0.5
P0034,1998,2005,7,5-9,CVA6,32,1,Partially protected,0.5
P0034,1998,2005,7,5-9,CVA16,16,0,Susceptible,1.0
P0034,1998,2010,12,10-14,EV-A71,128,1,Protected,0.1
P0034,1998,2010,12,10-14,EV-D68,128,1,Protected,0.1
P0034,1998,2010,12,10-14,CVA6,256,1,Protected,0.1
P0034,1998,2010,12,10-14,CVA16,32,1,Partially protected,0.5
P0034,1998,2015,17,15-19,EV-A71,512,1,Protected,0.1
P0034,1998,2015,17,15-19,EV-D68,256,1,Protected,0.1
P0034,1998,2015,17,15-19,CVA6,256,1,Protected,0.1
P0034,1998,2015,17,15-19,CVA16,128,1,Protected,0.1
P0034,1998,2020,22,20-39,EV-A71,512,1,Protected,0.1
P0034,1998,2020,22,20-39,EV-D68,256,1,Protected,0.1
P0034,1998,2020,22,20-39,CVA6,256,1,Protected,0.1
P0034,1998,2020,22,20-39,CVA16,512,1,Protected,0.1
P0034,1998,2025,27,20-39,EV-A71,512,1,Protected,0.1
P0034,1998,2025,27,20-39,EV-D68,256,1,Protected,0.1
P0034,1998,2025,27,20-39,CVA6,512,1,Protected,0.1
P0034,1998,2025,27,20-39,CVA16,256,1,Protected,0.1
P0035,1962,2005,43,40-59,EV-A71,256,1,Protected,0.1
P0035,1962,2005,43,40-59,EV-D68,64,1,Protected,0.1
P0035,1962,2005,43,40-59,CVA6,512,1,Protected,0.1
P0035,1962,2005,43,40-59,CVA16,128,1,Protected,0.1
P0035,1962,2010,48,40-59,EV-A71,128,1,Protected,0.1
P0035,1962,2010,48,40-59,EV-D68,256,1,Protected,0.1
P0035,1962,2010,48,40-59,CVA6,512,1,Protected,0.1
P0035,1962,2010,48,40-59,CVA16,256,1,Protected,0.1
P0035,1962,2015,53,40-59,EV-A71,512,1,Protected,0.1
P0035,1962,2015,53,40-59,EV-D68,512,1,Protected,0.1
P0035,1962,2015,53,40-59,CVA6,256,1,Protected,0.1
P0035,1962,2015,53,40-59,CVA16,256,1,Protected,0.1
P0035,1962,2020,58,40-59,EV-A71,512,1,Protected,0.1
P0035,1962,2020,58,40-59,EV-D68,128,1,Protected,0.1
P0035,1962,2020,58,40-59,CVA6,512,1,Protected,0.1
P0035,1962,2020,58,40-59,CVA16,256,1,Protected,0.1
P0035,1962,2025,63,60+,EV-A71,512,1,Protected,0.1
P0035,1962,2025,63,60+,EV-D68,128,1,Protected,0.1
P0035,1962,2025,63,60+,CVA6,512,1,Protected,0.1
P0035,1962,2025,63,60+,CVA16,128,1,Protected,0.1
P0036,1995,2005,10,10-14,EV-A71,128,1,Protected,0.1
P0036,1995,2005,10,10-14,EV-D68,64,1,Protected,0.1
P0036,1995,2005,10,10-14,CVA6,64,1,Protected,0.1
P0036,1995,2005,10,10-14,CVA16,128,1,Protected,0.1
P0036,1995,2010,15,15-19,EV-A71,128,1,Protected,0.1
P0036,1995,2010,15,15-19,EV-D68,64,1,Protected,0.1
P0036,1995,2010,15,15-19,CVA6,64,1,Protected,0.1
P0036,1995,2010,15,15-19,CVA16,64,1,Protected,0.1
P0036,1995,2015,20,20-39,EV-A71,512,1,Protected,0.1
P0036,1995,2015,20,20-39,EV-D68,256,1,Protected,0.1
P0036,1995,2015,20,20-39,CVA6,512,1,Protected,0.1
P0036,1995,2015,20,20-39,CVA16,256,1,Protected,0.1
P0036,1995,2020,25,20-39,EV-A71,512,1,Protected,0.1
P0036,1995,2020,25,20-39,EV-D68,256,1,Protected,0.1
P0036,1995,2020,25,20-39,CVA6,512,1,Protected,0.1
P0036,1995,2020,25,20-39,CVA16,128,1,Protected,0.1
P0036,1995,2025,30,20-39,EV-A71,512,1,Protected,0.1
P0036,1995,2025,30,20-39,EV-D68,128,1,Protected,0.1
P0036,1995,2025,30,20-39,CVA6,512,1,Protected,0.1
P0036,1995,2025,30,20-39,CVA16,256,1,Protected,0.1
P0037,1994,2005,11,10-14,EV-A71,64,1,Protected,0.1
P0037,1994,2005,11,10-14,EV-D68,64,1,Protected,0.1
P0037,1994,2005,11,10-14,CVA6,64,1,Protected,0.1
P0037,1994,2005,11,10-14,CVA16,64,1,Protected,0.1
P0037,1994,2010,16,15-19,EV-A71,128,1,Protected,0.1
P0037,1994,2010,16,15-19,EV-D68,128,1,Protected,0.1
P0037,1994,2010,16,15-19,CVA6,128,1,Protected,0.1
P0037,1994,2010,16,15-19,CVA16,128,1,Protected,0.1
P0037,1994,2015,21,20-39,EV-A71,512,1,Protected,0.1
P0037,1994,2015,21,20-39,EV-D68,256,1,Protected,0.1
P0037,1994,2015,21,20-39,CVA6,256,1,Protected,0.1
P0037,1994,2015,21,20-39,CVA16,256,1,Protected,0.1
P0037,1994,2020,26,20-39,EV-A71,512,1,Protected,0.1
P0037,1994,2020,26,20-39,EV-D68,256,1,Protected,0.1
P0037,1994,2020,26,20-39,CVA6,256,1,Protected,0.1
P0037,1994,2020,26,20-39,CVA16,256,1,Protected,0.1
P0037,1994,2025,31,20-39,EV-A71,512,1,Protected,0.1
P0037,1994,2025,31,20-39,EV-D68,128,1,Protected,0.1
P0037,1994,2025,31,20-39,CVA6,512,1,Protected,0.1
P0037,1994,2025,31,20-39,CVA16,256,1,Protected,0.1
P0038,1983,2005,22,20-39,EV-A71,256,1,Protected,0.1
P0038,1983,2005,22,20-39,EV-D68,128,1,Protected,0.1
P0038,1983,2005,22,20-39,CVA6,256,1,Protected,0.1
P0038,1983,2005,22,20-39,CVA16,128,1,Protected,0.1
P0038,1983,2010,27,20-39,EV-A71,256,1,Protected,0.1
P0038,1983,2010,27,20-39,EV-D68,128,1,Protected,0.1
P0038,1983,2010,27,20-39,CVA6,256,1,Protected,0.1
P0038,1983,2010,27,20-39,CVA16,128,1,Protected,0.1
P0038,1983,2015,32,20-39,EV-A71,512,1,Protected,0.1
P0038,1983,2015,32,20-39,EV-D68,256,1,Protected,0.1
P0038,1983,2015,32,20-39,CVA6,256,1,Protected,0.1
P0038,1983,2015,32,20-39,CVA16,256,1,Protected,0.1
P0038,1983,2020,37,20-39,EV-A71,256,1,Protected,0.1
P0038,1983,2020,37,20-39,EV-D68,256,1,Protected,0.1
P0038,1983,2020,37,20-39,CVA6,512,1,Protected,0.1
P0038,1983,2020,37,20-39,CVA16,256,1,Protected,0.1
P0038,1983,2025,42,40-59,EV-A71,512,1,Protected,0.1
P0038,1983,2025,42,40-59,EV-D68,256,1,Protected,0.1
P0038,1983,2025,42,40-59,CVA6,512,1,Protected,0.1
P0038,1983,2025,42,40-59,CVA16,128,1,Protected,0.1
P0039,1955,2005,50,40-59,EV-A71,128,1,Protected,0.1
P0039,1955,2005,50,40-59,EV-D68,128,1,Protected,0.1
P0039,1955,2005,50,40-59,CVA6,256,1,Protected,0.1
P0039,1955,2005,50,40-59,CVA16,128,1,Protected,0.1
P0039,1955,2010,55,40-59,EV-A71,256,1,Protected,0.1
P0039,1955,2010,55,40-59,EV-D68,256,1,Protected,0.1
P0039,1955,2010,55,40-59,CVA6,256,1,Protected,0.1
P0039,1955,2010,55,40-59,CVA16,128,1,Protected,0.1
P0039,1955,2015,60,60+,EV-A71,512,1,Protected,0.1
P0039,1955,2015,60,60+,EV-D68,256,1,Protected,0.1
P0039,1955,2015,60,60+,CVA6,512,1,Protected,0.1
P0039,1955,2015,60,60+,CVA16,128,1,Protected,0.1
P0039,1955,2020,65,60+,EV-A71,512,1,Protected,0.1
P0039,1955,2020,65,60+,EV-D68,512,1,Protected,0.1
P0039,1955,2020,65,60+,CVA6,512,1,Protected,0.1
P0039,1955,2020,65,60+,CVA16,256,1,Protected,0.1
P0039,1955,2025,70,60+,EV-A71,256,1,Protected,0.1
P0039,1955,2025,70,60+,EV-D68,128,1,Protected,0.1
P0039,1955,2025,70,60+,CVA6,512,1,Protected,0.1
P0039,1955,2025,70,60+,CVA16,256,1,Protected,0.1
P0040,2008,2010,2,0-4,EV-A71,128,1,Protected,0.1
P0040,2008,2010,2,0-4,EV-D68,32,1,Partially protected,0.5
P0040,2008,2010,2,0-4,CVA6,32,1,Partially protected,0.5
P0040,2008,2010,2,0-4,CVA16,32,1,Partially protected,0.5
P0040,2008,2015,7,5-9,EV-A71,256,1,Protected,0.1
P0040,2008,2015,7,5-9,EV-D68,64,1,Protected,0.1
P0040,2008,2015,7,5-9,CVA6,64,1,Protected,0.1
P0040,2008,2015,7,5-9,CVA16,64,1,Protected,0.1
P0040,2008,2020,12,10-14,EV-A71,128,1,Protected,0.1
P0040,2008,2020,12,10-14,EV-D68,128,1,Protected,0.1
P0040,2008,2020,12,10-14,CVA6,256,1,Protected,0.1
P0040,2008,2020,12,10-14,CVA16,128,1,Protected,0.1
P0040,2008,2025,17,15-19,EV-A71,256,1,Protected,0.1
P0040,2008,2025,17,15-19,EV-D68,256,1,Protected,0.1
P0040,2008,2025,17,15-19,CVA6,128,1,Protected,0.1
P0040,2008,2025,17,15-19,CVA16,256,1,Protected,0.1
P0041,2018,2020,2,0-4,EV-A71,128,1,Protected,0.1
P0041,2018,2020,2,0-4,EV-D68,64,1,Protected,0.1
P0041,2018,2020,2,0-4,CVA6,128,1,Protected,0.1
P0041,2018,2020,2,0-4,CVA16,64,1,Protected,0.1
P0041,2018,2025,7,5-9,EV-A71,128,1,Protected,0.1
P0041,2018,2025,7,5-9,EV-D68,32,1,Partially protected,0.5
P0041,2018,2025,7,5-9,CVA6,256,1,Protected,0.1
P0041,2018,2025,7,5-9,CVA16,64,1,Protected,0.1
P0042,1965,2005,40,40-59,EV-A71,512,1,Protected,0.1
P0042,1965,2005,40,40-59,EV-D68,128,1,Protected,0.1
P0042,1965,2005,40,40-59,CVA6,256,1,Protected,0.1
P0042,1965,2005,40,40-59,CVA16,128,1,Protected,0.1
P0042,1965,2010,45,40-59,EV-A71,256,1,Protected,0.1
P0042,1965,2010,45,40-59,EV-D68,128,1,Protected,0.1
P0042,1965,2010,45,40-59,CVA6,128,1,Protected,0.1
P0042,1965,2010,45,40-59,CVA16,64,1,Protected,0.1
P0042,1965,2015,50,40-59,EV-A71,512,1,Protected,0.1
P0042,1965,2015,50,40-59,EV-D68,256,1,Protected,0.1
P0042,1965,2015,50,40-59,CVA6,512,1,Protected,0.1
P0042,1965,2015,50,40-59,CVA16,256,1,Protected,0.1
P0042,1965,2020,55,40-59,EV-A71,512,1,Protected,0.1
P0042,1965,2020,55,40-59,EV-D68,128,1,Protected,0.1
P0042,1965,2020,55,40-59,CVA6,512,1,Protected,0.1
P0042,1965,2020,55,40-59,CVA16,256,1,Protected,0.1
P0042,1965,2025,60,60+,EV-A71,512,1,Protected,0.1
P0042,1965,2025,60,60+,EV-D68,256,1,Protected,0.1
P0042,1965,2025,60,60+,CVA6,512,1,Protected,0.1
P0042,1965,2025,60,60+,CVA16,256,1,Protected,0.1
P0043,1998,2005,7,5-9,EV-A71,64,1,Protected,0.1
P0043,1998,2005,7,5-9,EV-D68,32,1,Partially protected,0.5
P0043,1998,2005,7,5-9,CVA6,32,1,Partially protected,0.5
P0043,1998,2005,7,5-9,CVA16,32,1,Partially protected,0.5
P0043,1998,2010,12,10-14,EV-A71,64,1,Protected,0.1
P0043,1998,2010,12,10-14,EV-D68,64,1,Protected,0.1
P0043,1998,2010,12,10-14,CVA6,128,1,Protected,0.1
P0043,1998,2010,12,10-14,CVA16,64,1,Protected,0.1
P0043,1998,2015,17,15-19,EV-A71,128,1,Protected,0.1
P0043,1998,2015,17,15-19,EV-D68,128,1,Protected,0.1
P0043,1998,2015,17,15-19,CVA6,256,1,Protected,0.1
P0043,1998,2015,17,15-19,CVA16,64,1,Protected,0.1
P0043,1998,2020,22,20-39,EV-A71,512,1,Protected,0.1
P0043,1998,2020,22,20-39,EV-D68,512,1,Protected,0.1
P0043,1998,2020,22,20-39,CVA6,512,1,Protected,0.1
P0043,1998,2020,22,20-39,CVA16,256,1,Protected,0.1
P0043,1998,2025,27,20-39,EV-A71,512,1,Protected,0.1
P0043,1998,2025,27,20-39,EV-D68,256,1,Protected,0.1
P0043,1998,2025,27,20-39,CVA6,512,1,Protected,0.1
P0043,1998,2025,27,20-39,CVA16,512,1,Protected,0.1
P0044,1960,2005,45,40-59,EV-A71,256,1,Protected,0.1
P0044,1960,2005,45,40-59,EV-D68,64,1,Protected,0.1
P0044,1960,2005,45,40-59,CVA6,256,1,Protected,0.1
P0044,1960,2005,45,40-59,CVA16,128,1,Protected,0.1
P0044,1960,2010,50,40-59,EV-A71,256,1,Protected,0.1
P0044,1960,2010,50,40-59,EV-D68,128,1,Protected,0.1
P0044,1960,2010,50,40-59,CVA6,128,1,Protected,0.1
P0044,1960,2010,50,40-59,CVA16,128,1,Protected,0.1
P0044,1960,2015,55,40-59,EV-A71,512,1,Protected,0.1
P0044,1960,2015,55,40-59,EV-D68,512,1,Protected,0.1
P0044,1960,2015,55,40-59,CVA6,512,1,Protected,0.1
P0044,1960,2015,55,40-59,CVA16,256,1,Protected,0.1
P0044,1960,2020,60,60+,EV-A71,512,1,Protected,0.1
P0044,1960,2020,60,60+,EV-D68,256,1,Protected,0.1
P0044,1960,2020,60,60+,CVA6,512,1,Protected,0.1
P0044,1960,2020,60,60+,CVA16,128,1,Protected,0.1
P0044,1960,2025,65,60+,EV-A71,256,1,Protected,0.1
P0044,1960,2025,65,60+,EV-D68,256,1,Protected,0.1
P0044,1960,2025,65,60+,CVA6,512,1,Protected,0.1
P0044,1960,2025,65,60+,CVA16,256,1,Protected,0.1
P0045,2020,2020,0,0-4,EV-A71,256,1,Protected,0.1
P0045,2020,2020,0,0-4,EV-D68,64,1,Protected,0.1
P0045,2020,2020,0,0-4,CVA6,128,1,Protected,0.1
P0045,2020,2020,0,0-4,CVA16,128,1,Protected,0.1
P0045,2020,2025,5,5-9,EV-A71,64,1,Protected,0.1
P0045,2020,2025,5,5-9,EV-D68,64,1,Protected,0.1
P0045,2020,2025,5,5-9,CVA6,128,1,Protected,0.1
P0045,2020,2025,5,5-9,CVA16,32,1,Partially protected,0.5
P0046,1987,2005,18,15-19,EV-A71,128,1,Protected,0.1
P0046,1987,2005,18,15-19,EV-D68,64,1,Protected,0.1
P0046,1987,2005,18,15-19,CVA6,256,1,Protected,0.1
P0046,1987,2005,18,15-19,CVA16,64,1,Protected,0.1
P0046,1987,2010,23,20-39,EV-A71,256,1,Protected,0.1
P0046,1987,2010,23,20-39,EV-D68,256,1,Protected,0.1
P0046,1987,2010,23,20-39,CVA6,512,1,Protected,0.1
P0046,1987,2010,23,20-39,CVA16,128,1,Protected,0.1
P0046,1987,2015,28,20-39,EV-A71,512,1,Protected,0.1
P0046,1987,2015,28,20-39,EV-D68,256,1,Protected,0.1
P0046,1987,2015,28,20-39,CVA6,512,1,Protected,0.1
P0046,1987,2015,28,20-39,CVA16,128,1,Protected,0.1
P0046,1987,2020,33,20-39,EV-A71,256,1,Protected,0.1
P0046,1987,2020,33,20-39,EV-D68,512,1,Protected,0.1
P0046,1987,2020,33,20-39,CVA6,512,1,Protected,0.1
P0046,1987,2020,33,20-39,CVA16,256,1,Protected,0.1
P0046,1987,2025,38,20-39,EV-A71,512,1,Protected,0.1
P0046,1987,2025,38,20-39,EV-D68,256,1,Protected,0.1
P0046,1987,2025,38,20-39,CVA6,512,1,Protected,0.1
P0046,1987,2025,38,20-39,CVA16,256,1,Protected,0.1
P0047,1996,2005,9,5-9,EV-A71,64,1,Protected,0.1
P0047,1996,2005,9,5-9,EV-D68,64,1,Protected,0.1
P0047,1996,2005,9,5-9,CVA6,64,1,Protected,0.1
P0047,1996,2005,9,5-9,CVA16,16,0,Susceptible,1.0
P0047,1996,2010,14,10-14,EV-A71,128,1,Protected,0.1
P0047,1996,2010,14,10-14,EV-D68,64,1,Protected,0.1
P0047,1996,2010,14,10-14,CVA6,256,1,Protected,0.1
P0047,1996,2010,14,10-14,CVA16,64,1,Protected,0.1
P0047,1996,2015,19,15-19,EV-A71,256,1,Protected,0.1
P0047,1996,2015,19,15-19,EV-D68,128,1,Protected,0.1
P0047,1996,2015,19,15-19,CVA6,512,1,Protected,0.1
P0047,1996,2015,19,15-19,CVA16,256,1,Protected,0.1
P0047,1996,2020,24,20-39,EV-A71,256,1,Protected,0.1
P0047,1996,2020,24,20-39,EV-D68,512,1,Protected,0.1
P0047,1996,2020,24,20-39,CVA6,512,1,Protected,0.1
P0047,1996,2020,24,20-39,CVA16,512,1,Protected,0.1
P0047,1996,2025,29,20-39,EV-A71,512,1,Protected,0.1
P0047,1996,2025,29,20-39,EV-D68,256,1,Protected,0.1
P0047,1996,2025,29,20-39,CVA6,512,1,Protected,0.1
P0047,1996,2025,29,20-39,CVA16,512,1,Protected,0.1
P0048,1974,2005,31,20-39,EV-A71,512,1,Protected,0.1
P0048,1974,2005,31,20-39,EV-D68,128,1,Protected,0.1
P0048,1974,2005,31,20-39,CVA6,512,1,Protected,0.1
P0048,1974,2005,31,20-39,CVA16,64,1,Protected,0.1
P0048,1974,2010,36,20-39,EV-A71,128,1,Protected,0.1
P0048,1974,2010,36,20-39,EV-D68,64,1,Protected,0.1
P0048,1974,2010,36,20-39,CVA6,128,1,Protected,0.1
P0048,1974,2010,36,20-39,CVA16,256,1,Protected,0.1
P0048,1974,2015,41,40-59,EV-A71,512,1,Protected,0.1
P0048,1974,2015,41,40-59,EV-D68,256,1,Protected,0.1
P0048,1974,2015,41,40-59,CVA6,512,1,Protected,0.1
P0048,1974,2015,41,40-59,CVA16,256,1,Protected,0.1
P0048,1974,2020,46,40-59,EV-A71,512,1,Protected,0.1
P0048,1974,2020,46,40-59,EV-D68,128,1,Protected,0.1
P0048,1974,2020,46,40-59,CVA6,512,1,Protected,0.1
P0048,1974,2020,46,40-59,CVA16,512,1,Protected,0.1
P0048,1974,2025,51,40-59,EV-A71,512,1,Protected,0.1
P0048,1974,2025,51,40-59,EV-D68,256,1,Protected,0.1
P0048,1974,2025,51,40-59,CVA6,512,1,Protected,0.1
P0048,1974,2025,51,40-59,CVA16,256,1,Protected,0.1
P0049,1958,2005,47,40-59,EV-A71,256,1,Protected,0.1
P0049,1958,2005,47,40-59,EV-D68,128,1,Protected,0.1
P0049,1958,2005,47,40-59,CVA6,256,1,Protected,0.1
P0049,1958,2005,47,40-59,CVA16,64,1,Protected,0.1
P0049,1958,2010,52,40-59,EV-A71,128,1,Protected,0.1
P0049,1958,2010,52,40-59,EV-D68,128,1,Protected,0.1
P0049,1958,2010,52,40-59,CVA6,256,1,Protected,0.1
P0049,1958,2010,52,40-59,CVA16,128,1,Protected,0.1
P0049,1958,2015,57,40-59,EV-A71,512,1,Protected,0.1
P0049,1958,2015,57,40-59,EV-D68,256,1,Protected,0.1
P0049,1958,2015,57,40-59,CVA6,512,1,Protected,0.1
P0049,1958,2015,57,40-59,CVA16,256,1,Protected,0.1
P0049,1958,2020,62,60+,EV-A71,512,1,Protected,0.1
P0049,1958,2020,62,60+,EV-D68,256,1,Protected,0.1
P0049,1958,2020,62,60+,CVA6,512,1,Protected,0.1
P0049,1958,2020,62,60+,CVA16,256,1,Protected,0.1
P0049,1958,2025,67,60+,EV-A71,512,1,Protected,0.1
P0049,1958,2025,67,60+,EV-D68,256,1,Protected,0.1
P0049,1958,2025,67,60+,CVA6,512,1,Protected,0.1
P0049,1958,2025,67,60+,CVA16,256,1,Protected,0.1
P0050,1955,2005,50,40-59,EV-A71,512,1,Protected,0.1
P0050,1955,2005,50,40-59,EV-D68,256,1,Protected,0.1
P0050,1955,2005,50,40-59,CVA6,128,1,Protected,0.1
P0050,1955,2005,50,40-59,CVA16,128,1,Protected,0.1
P0050,1955,2010,55,40-59,EV-A71,256,1,Protected,0.1
P0050,1955,2010,55,40-59,EV-D68,128,1,Protected,0.1
P0050,1955,2010,55,40-59,CVA6,128,1,Protected,0.1
P0050,1955,2010,55,40-59,CVA16,128,1,Protected,0.1
P0050,1955,2015,60,60+,EV-A71,512,1,Protected,0.1
P0050,1955,2015,60,60+,EV-D68,256,1,Protected,0.1
P0050,1955,2015,60,60+,CVA6,512,1,Protected,0.1
P0050,1955,2015,60,60+,CVA16,128,1,Protected,0.1
P0050,1955,2020,65,60+,EV-A71,256,1,Protected,0.1
P0050,1955,2020,65,60+,EV-D68,256,1,Protected,0.1
P0050,1955,2020,65,60+,CVA6,512,1,Protected,0.1
P0050,1955,2020,65,60+,CVA16,512,1,Protected,0.1
P0050,1955,2025,70,60+,EV-A71,512,1,Protected,0.1
P0050,1955,2025,70,60+,EV-D68,256,1,Protected,0.1
P0050,1955,2025,70,60+,CVA6,512,1,Protected,0.1
P0050,1955,2025,70,60+,CVA16,256,1,Protected,0.1
P0051,1979,2005,26,20-39,EV-A71,512,1,Protected,0.1
P0051,1979,2005,26,20-39,EV-D68,128,1,Protected,0.1
P0051,1979,2005,26,20-39,CVA6,256,1,Protected,0.1
P0051,1979,2005,26,20-39,CVA16,128,1,Protected,0.1
P0051,1979,2010,31,20-39,EV-A71,256,1,Protected,0.1
P0051,1979,2010,31,20-39,EV-D68,256,1,Protected,0.1
P0051,1979,2010,31,20-39,CVA6,256,1,Protected,0.1
P0051,1979,2010,31,20-39,CVA16,128,1,Protected,0.1
P0051,1979,2015,36,20-39,EV-A71,512,1,Protected,0.1
P0051,1979,2015,36,20-39,EV-D68,256,1,Protected,0.1
P0051,1979,2015,36,20-39,CVA6,256,1,Protected,0.1
P0051,1979,2015,36,20-39,CVA16,128,1,Protected,0.1
P0051,1979,2020,41,40-59,EV-A71,512,1,Protected,0.1
P0051,1979,2020,41,40-59,EV-D68,512,1,Protected,0.1
P0051,1979,2020,41,40-59,CVA6,512,1,Protected,0.1
P0051,1979,2020,41,40-59,CVA16,256,1,Protected,0.1
P0051,1979,2025,46,40-59,EV-A71,512,1,Protected,0.1
P0051,1979,2025,46,40-59,EV-D68,512,1,Protected,0.1
P0051,1979,2025,46,40-59,CVA6,512,1,Protected,0.1
P0051,1979,2025,46,40-59,CVA16,128,1,Protected,0.1
P0052,1987,2005,18,15-19,EV-A71,64,1,Protected,0.1
P0052,1987,2005,18,15-19,EV-D68,64,1,Protected,0.1
P0052,1987,2005,18,15-19,CVA6,128,1,Protected,0.1
P0052,1987,2005,18,15-19,CVA16,128,1,Protected,0.1
P0052,1987,2010,23,20-39,EV-A71,256,1,Protected,0.1
P0052,1987,2010,23,20-39,EV-D68,128,1,Protected,0.1
P0052,1987,2010,23,20-39,CVA6,512,1,Protected,0.1
P0052,1987,2010,23,20-39,CVA16,64,1,Protected,0.1
P0052,1987,2015,28,20-39,EV-A71,256,1,Protected,0.1
P0052,1987,2015,28,20-39,EV-D68,256,1,Protected,0.1
P0052,1987,2015,28,20-39,CVA6,512,1,Protected,0.1
P0052,1987,2015,28,20-39,CVA16,256,1,Protected,0.1
P0052,1987,2020,33,20-39,EV-A71,512,1,Protected,0.1
P0052,1987,2020,33,20-39,EV-D68,256,1,Protected,0.1
P0052,1987,2020,33,20-39,CVA6,512,1,Protected,0.1
P0052,1987,2020,33,20-39,CVA16,128,1,Protected,0.1
P0052,1987,2025,38,20-39,EV-A71,512,1,Protected,0.1
P0052,1987,2025,38,20-39,EV-D68,128,1,Protected,0.1
P0052,1987,2025,38,20-39,CVA6,512,1,Protected,0.1
P0052,1987,2025,38,20-39,CVA16,512,1,Protected,0.1
P0053,1960,2005,45,40-59,EV-A71,256,1,Protected,0.1
P0053,1960,2005,45,40-59,EV-D68,128,1,Protected,0.1
P0053,1960,2005,45,40-59,CVA6,512,1,Protected,0.1
P0053,1960,2005,45,40-59,CVA16,128,1,Protected,0.1
P0053,1960,2010,50,40-59,EV-A71,128,1,Protected,0.1
P0053,1960,2010,50,40-59,EV-D68,128,1,Protected,0.1
P0053,1960,2010,50,40-59,CVA6,512,1,Protected,0.1
P0053,1960,2010,50,40-59,CVA16,128,1,Protected,0.1
P0053,1960,2015,55,40-59,EV-A71,512,1,Protected,0.1
P0053,1960,2015,55,40-59,EV-D68,256,1,Protected,0.1
P0053,1960,2015,55,40-59,CVA6,512,1,Protected,0.1
P0053,1960,2015,55,40-59,CVA16,512,1,Protected,0.1
P0053,1960,2020,60,60+,EV-A71,256,1,Protected,0.1
P0053,1960,2020,60,60+,EV-D68,256,1,Protected,0.1
P0053,1960,2020,60,60+,CVA6,256,1,Protected,0.1
P0053,1960,2020,60,60+,CVA16,256,1,Protected,0.1
P0053,1960,2025,65,60+,EV-A71,512,1,Protected,0.1
P0053,1960,2025,65,60+,EV-D68,256,1,Protected,0.1
P0053,1960,2025,65,60+,CVA6,512,1,Protected,0.1
P0053,1960,2025,65,60+,CVA16,256,1,Protected,0.1
P0054,1979,2005,26,20-39,EV-A71,256,1,Protected,0.1
P0054,1979,2005,26,20-39,EV-D68,128,1,Protected,0.1
P0054,1979,2005,26,20-39,CVA6,512,1,Protected,0.1
P0054,1979,2005,26,20-39,CVA16,256,1,Protected,0.1
P0054,1979,2010,31,20-39,EV-A71,256,1,Protected,0.1
P0054,1979,2010,31,20-39,EV-D68,256,1,Protected,0.1
P0054,1979,2010,31,20-39,CVA6,128,1,Protected,0.1
P0054,1979,2010,31,20-39,CVA16,64,1,Protected,0.1
P0054,1979,2015,36,20-39,EV-A71,256,1,Protected,0.1
P0054,1979,2015,36,20-39,EV-D68,256,1,Protected,0.1
P0054,1979,2015,36,20-39,CVA6,512,1,Protected,0.1
P0054,1979,2015,36,20-39,CVA16,256,1,Protected,0.1
P0054,1979,2020,41,40-59,EV-A71,512,1,Protected,0.1
P0054,1979,2020,41,40-59,EV-D68,256,1,Protected,0.1
P0054,1979,2020,41,40-59,CVA6,512,1,Protected,0.1
P0054,1979,2020,41,40-59,CVA16,512,1,Protected,0.1
P0054,1979,2025,46,40-59,EV-A71,512,1,Protected,0.1
P0054,1979,2025,46,40-59,EV-D68,256,1,Protected,0.1
P0054,1979,2025,46,40-59,CVA6,512,1,Protected,0.1
P0054,1979,2025,46,40-59,CVA16,512,1,Protected,0.1
P0055,1962,2005,43,40-59,EV-A71,256,1,Protected,0.1
P0055,1962,2005,43,40-59,EV-D68,128,1,Protected,0.1
P0055,1962,2005,43,40-59,CVA6,256,1,Protected,0.1
P0055,1962,2005,43,40-59,CVA16,256,1,Protected,0.1
P0055,1962,2010,48,40-59,EV-A71,256,1,Protected,0.1
P0055,1962,2010,48,40-59,EV-D68,256,1,Protected,0.1
P0055,1962,2010,48,40-59,CVA6,256,1,Protected,0.1
P0055,1962,2010,48,40-59,CVA16,256,1,Protected,0.1
P0055,1962,2015,53,40-59,EV-A71,512,1,Protected,0.1
P0055,1962,2015,53,40-59,EV-D68,512,1,Protected,0.1
P0055,1962,2015,53,40-59,CVA6,512,1,Protected,0.1
P0055,1962,2015,53,40-59,CVA16,512,1,Protected,0.1
P0055,1962,2020,58,40-59,EV-A71,512,1,Protected,0.1
P0055,1962,2020,58,40-59,EV-D68,256,1,Protected,0.1
P0055,1962,2020,58,40-59,CVA6,256,1,Protected,0.1
P0055,1962,2020,58,40-59,CVA16,256,1,Protected,0.1
P0055,1962,2025,63,60+,EV-A71,512,1,Protected,0.1
P0055,1962,2025,63,60+,EV-D68,128,1,Protected,0.1
P0055,1962,2025,63,60+,CVA6,512,1,Protected,0.1
P0055,1962,2025,63,60+,CVA16,512,1,Protected,0.1
P0056,1998,2005,7,5-9,EV-A71,64,1,Protected,0.1
P0056,1998,2005,7,5-9,EV-D68,16,0,Susceptible,1.0
P0056,1998,2005,7,5-9,CVA6,128,1,Protected,0.1
P0056,1998,2005,7,5-9,CVA16,32,1,Partially protected,0.5
P0056,1998,2010,12,10-14,EV-A71,128,1,Protected,0.1
P0056,1998,2010,12,10-14,EV-D68,128,1,Protected,0.1
P0056,1998,2010,12,10-14,CVA6,256,1,Protected,0.1
P0056,1998,2010,12,10-14,CVA16,64,1,Protected,0.1
P0056,1998,2015,17,15-19,EV-A71,128,1,Protected,0.1
P0056,1998,2015,17,15-19,EV-D68,256,1,Protected,0.1
P0056,1998,2015,17,15-19,CVA6,256,1,Protected,0.1
P0056,1998,2015,17,15-19,CVA16,128,1,Protected,0.1
P0056,1998,2020,22,20-39,EV-A71,512,1,Protected,0.1
P0056,1998,2020,22,20-39,EV-D68,512,1,Protected,0.1
P0056,1998,2020,22,20-39,CVA6,512,1,Protected,0.1
P0056,1998,2020,22,20-39,CVA16,256,1,Protected,0.1
P0056,1998,2025,27,20-39,EV-A71,512,1,Protected,0.1
P0056,1998,2025,27,20-39,EV-D68,128,1,Protected,0.1
P0056,1998,2025,27,20-39,CVA6,512,1,Protected,0.1
P0056,1998,2025,27,20-39,CVA16,128,1,Protected,0.1
P0057,1985,2005,20,20-39,EV-A71,256,1,Protected,0.1
P0057,1985,2005,20,20-39,EV-D68,64,1,Protected,0.1
P0057,1985,2005,20,20-39,CVA6,256,1,Protected,0.1
P0057,1985,2005,20,20-39,CVA16,128,1,Protected,0.1
P0057,1985,2010,25,20-39,EV-A71,256,1,Protected,0.1
P0057,1985,2010,25,20-39,EV-D68,128,1,Protected,0.1
P0057,1985,2010,25,20-39,CVA6,256,1,Protected,0.1
P0057,1985,2010,25,20-39,CVA16,128,1,Protected,0.1
P0057,1985,2015,30,20-39,EV-A71,512,1,Protected,0.1
P0057,1985,2015,30,20-39,EV-D68,512,1,Protected,0.1
P0057,1985,2015,30,20-39,CVA6,512,1,Protected,0.1
P0057,1985,2015,30,20-39,CVA16,256,1,Protected,0.1
P0057,1985,2020,35,20-39,EV-A71,256,1,Protected,0.1
P0057,1985,2020,35,20-39,EV-D68,256,1,Protected,0.1
P0057,1985,2020,35,20-39,CVA6,512,1,Protected,0.1
P0057,1985,2020,35,20-39,CVA16,256,1,Protected,0.1
P0057,1985,2025,40,40-59,EV-A71,512,1,Protected,0.1
P0057,1985,2025,40,40-59,EV-D68,256,1,Protected,0.1
P0057,1985,2025,40,40-59,CVA6,512,1,Protected,0.1
P0057,1985,2025,40,40-59,CVA16,512,1,Protected,0.1
P0058,2008,2010,2,0-4,EV-A71,64,1,Protected,0.1
P0058,2008,2010,2,0-4,EV-D68,32,1,Partially protected,0.5
P0058,2008,2010,2,0-4,CVA6,64,1,Protected,0.1
P0058,2008,2010,2,0-4,CVA16,32,1,Partially protected,0.5
P0058,2008,2015,7,5-9,EV-A71,256,1,Protected,0.1
P0058,2008,2015,7,5-9,EV-D68,64,1,Protected,0.1
P0058,2008,2015,7,5-9,CVA6,256,1,Protected,0.1
P0058,2008,2015,7,5-9,CVA16,64,1,Protected,0.1
P0058,2008,2020,12,10-14,EV-A71,256,1,Protected,0.1
P0058,2008,2020,12,10-14,EV-D68,256,1,Protected,0.1
P0058,2008,2020,12,10-14,CVA6,256,1,Protected,0.1
P0058,2008,2020,12,10-14,CVA16,128,1,Protected,0.1
P0058,2008,2025,17,15-19,EV-A71,256,1,Protected,0.1
P0058,2008,2025,17,15-19,EV-D68,128,1,Protected,0.1
P0058,2008,2025,17,15-19,CVA6,512,1,Protected,0.1
P0058,2008,2025,17,15-19,CVA16,128,1,Protected,0.1
P0059,1996,2005,9,5-9,EV-A71,64,1,Protected,0.1
P0059,1996,2005,9,5-9,EV-D68,32,1,Partially protected,0.5
P0059,1996,2005,9,5-9,CVA6,64,1,Protected,0.1
P0059,1996,2005,9,5-9,CVA16,32,1,Partially protected,0.5
P0059,1996,2010,14,10-14,EV-A71,128,1,Protected,0.1
P0059,1996,2010,14,10-14,EV-D68,64,1,Protected,0.1
P0059,1996,2010,14,10-14,CVA6,128,1,Protected,0.1
P0059,1996,2010,14,10-14,CVA16,64,1,Protected,0.1
P0059,1996,2015,19,15-19,EV-A71,512,1,Protected,0.1
P0059,1996,2015,19,15-19,EV-D68,128,1,Protected,0.1
P0059,1996,2015,19,15-19,CVA6,256,1,Protected,0.1
P0059,1996,2015,19,15-19,CVA16,64,1,Protected,0.1
P0059,1996,2020,24,20-39,EV-A71,512,1,Protected,0.1
P0059,1996,2020,24,20-39,EV-D68,512,1,Protected,0.1
P0059,1996,2020,24,20-39,CVA6,512,1,Protected,0.1
P0059,1996,2020,24,20-39,CVA16,256,1,Protected,0.1
P0059,1996,2025,29,20-39,EV-A71,512,1,Protected,0.1
P0059,1996,2025,29,20-39,EV-D68,256,1,Protected,0.1
P0059,1996,2025,29,20-39,CVA6,512,1,Protected,0.1
P0059,1996,2025,29,20-39,CVA16,128,1,Protected,0.1
P0060,1970,2005,35,20-39,EV-A71,256,1,Protected,0.1
P0060,1970,2005,35,20-39,EV-D68,64,1,Protected,0.1
P0060,1970,2005,35,20-39,CVA6,256,1,Protected,0.1
P0060,1970,2005,35,20-39,CVA16,128,1,Protected,0.1
P0060,1970,2010,40,40-59,EV-A71,256,1,Protected,0.1
P0060,1970,2010,40,40-59,EV-D68,128,1,Protected,0.1
P0060,1970,2010,40,40-59,CVA6,256,1,Protected,0.1
P0060,1970,2010,40,40-59,CVA16,128,1,Protected,0.1
P0060,1970,2015,45,40-59,EV-A71,512,1,Protected,0.1
P0060,1970,2015,45,40-59,EV-D68,256,1,Protected,0.1
P0060,1970,2015,45,40-59,CVA6,512,1,Protected,0.1
P0060,1970,2015,45,40-59,CVA16,256,1,Protected,0.1
P0060,1970,2020,50,40-59,EV-A71,512,1,Protected,0.1
P0060,1970,2020,50,40-59,EV-D68,128,1,Protected,0.1
P0060,1970,2020,50,40-59,CVA6,512,1,Protected,0.1
P0060,1970,2020,50,40-59,CVA16,512,1,Protected,0.1
P0060,1970,2025,55,40-59,EV-A71,512,1,Protected,0.1
P0060,1970,2025,55,40-59,EV-D68,256,1,Protected,0.1
P0060,1970,2025,55,40-59,CVA6,256,1,Protected,0.1
P0060,1970,2025,55,40-59,CVA16,512,1,Protected,0.1
P0061,1997,2005,8,5-9,EV-A71,64,1,Protected,0.1
P0061,1997,2005,8,5-9,EV-D68,32,1,Partially protected,0.5
P0061,1997,2005,8,5-9,CVA6,32,1,Partially protected,0.5
P0061,1997,2005,8,5-9,CVA16,16,0,Susceptible,1.0
P0061,1997,2010,13,10-14,EV-A71,128,1,Protected,0.1
P0061,1997,2010,13,10-14,EV-D68,64,1,Protected,0.1
P0061,1997,2010,13,10-14,CVA6,128,1,Protected,0.1
P0061,1997,2010,13,10-14,CVA16,32,1,Partially protected,0.5
P0061,1997,2015,18,15-19,EV-A71,256,1,Protected,0.1
P0061,1997,2015,18,15-19,EV-D68,64,1,Protected,0.1
P0061,1997,2015,18,15-19,CVA6,512,1,Protected,0.1
P0061,1997,2015,18,15-19,CVA16,128,1,Protected,0.1
P0061,1997,2020,23,20-39,EV-A71,512,1,Protected,0.1
P0061,1997,2020,23,20-39,EV-D68,256,1,Protected,0.1
P0061,1997,2020,23,20-39,CVA6,512,1,Protected,0.1
P0061,1997,2020,23,20-39,CVA16,256,1,Protected,0.1
P0061,1997,2025,28,20-39,EV-A71,512,1,Protected,0.1
P0061,1997,2025,28,20-39,EV-D68,256,1,Protected,0.1
P0061,1997,2025,28,20-39,CVA6,512,1,Protected,0.1
P0061,1997,2025,28,20-39,CVA16,128,1,Protected,0.1
P0062,1995,2005,10,10-14,EV-A71,64,1,Protected,0.1
P0062,1995,2005,10,10-14,EV-D68,128,1,Protected,0.1
P0062,1995,2005,10,10-14,CVA6,128,1,Protected,0.1
P0062,1995,2005,10,10-14,CVA16,128,1,Protected,0.1
P0062,1995,2010,15,15-19,EV-A71,64,1,Protected,0.1
P0062,1995,2010,15,15-19,EV-D68,64,1,Protected,0.1
P0062,1995,2010,15,15-19,CVA6,128,1,Protected,0.1
P0062,1995,2010,15,15-19,CVA16,64,1,Protected,0.1
P0062,1995,2015,20,20-39,EV-A71,256,1,Protected,0.1
P0062,1995,2015,20,20-39,EV-D68,256,1,Protected,0.1
P0062,1995,2015,20,20-39,CVA6,512,1,Protected,0.1
P0062,1995,2015,20,20-39,CVA16,256,1,Protected,0.1
P0062,1995,2020,25,20-39,EV-A71,512,1,Protected,0.1
P0062,1995,2020,25,20-39,EV-D68,128,1,Protected,0.1
P0062,1995,2020,25,20-39,CVA6,256,1,Protected,0.1
P0062,1995,2020,25,20-39,CVA16,256,1,Protected,0.1
P0062,1995,2025,30,20-39,EV-A71,512,1,Protected,0.1
P0062,1995,2025,30,20-39,EV-D68,512,1,Protected,0.1
P0062,1995,2025,30,20-39,CVA6,256,1,Protected,0.1
P0062,1995,2025,30,20-39,CVA16,256,1,Protected,0.1
P0063,1976,2005,29,20-39,EV-A71,256,1,Protected,0.1
P0063,1976,2005,29,20-39,EV-D68,128,1,Protected,0.1
P0063,1976,2005,29,20-39,CVA6,512,1,Protected,0.1
P0063,1976,2005,29,20-39,CVA16,256,1,Protected,0.1
P0063,1976,2010,34,20-39,EV-A71,256,1,Protected,0.1
P0063,1976,2010,34,20-39,EV-D68,128,1,Protected,0.1
P0063,1976,2010,34,20-39,CVA6,512,1,Protected,0.1
P0063,1976,2010,34,20-39,CVA16,128,1,Protected,0.1
P0063,1976,2015,39,20-39,EV-A71,512,1,Protected,0.1
P0063,1976,2015,39,20-39,EV-D68,256,1,Protected,0.1
P0063,1976,2015,39,20-39,CVA6,256,1,Protected,0.1
P0063,1976,2015,39,20-39,CVA16,256,1,Protected,0.1
P0063,1976,2020,44,40-59,EV-A71,512,1,Protected,0.1
P0063,1976,2020,44,40-59,EV-D68,256,1,Protected,0.1
P0063,1976,2020,44,40-59,CVA6,512,1,Protected,0.1
P0063,1976,2020,44,40-59,CVA16,256,1,Protected,0.1
P0063,1976,2025,49,40-59,EV-A71,256,1,Protected,0.1
P0063,1976,2025,49,40-59,EV-D68,256,1,Protected,0.1
P0063,1976,2025,49,40-59,CVA6,512,1,Protected,0.1
P0063,1976,2025,49,40-59,CVA16,512,1,Protected,0.1
P0064,1984,2005,21,20-39,EV-A71,256,1,Protected,0.1
P0064,1984,2005,21,20-39,EV-D68,128,1,Protected,0.1
P0064,1984,2005,21,20-39,CVA6,512,1,Protected,0.1
P0064,1984,2005,21,20-39,CVA16,128,1,Protected,0.1
P0064,1984,2010,26,20-39,EV-A71,256,1,Protected,0.1
P0064,1984,2010,26,20-39,EV-D68,256,1,Protected,0.1
P0064,1984,2010,26,20-39,CVA6,256,1,Protected,0.1
P0064,1984,2010,26,20-39,CVA16,64,1,Protected,0.1
P0064,1984,2015,31,20-39,EV-A71,512,1,Protected,0.1
P0064,1984,2015,31,20-39,EV-D68,128,1,Protected,0.1
P0064,1984,2015,31,20-39,CVA6,512,1,Protected,0.1
P0064,1984,2015,31,20-39,CVA16,256,1,Protected,0.1
P0064,1984,2020,36,20-39,EV-A71,512,1,Protected,0.1
P0064,1984,2020,36,20-39,EV-D68,256,1,Protected,0.1
P0064,1984,2020,36,20-39,CVA6,512,1,Protected,0.1
P0064,1984,2020,36,20-39,CVA16,128,1,Protected,0.1
P0064,1984,2025,41,40-59,EV-A71,512,1,Protected,0.1
P0064,1984,2025,41,40-59,EV-D68,256,1,Protected,0.1
P0064,1984,2025,41,40-59,CVA6,512,1,Protected,0.1
P0064,1984,2025,41,40-59,CVA16,256,1,Protected,0.1
P0065,1959,2005,46,40-59,EV-A71,256,1,Protected,0.1
P0065,1959,2005,46,40-59,EV-D68,128,1,Protected,0.1
P0065,1959,2005,46,40-59,CVA6,256,1,Protected,0.1
P0065,1959,2005,46,40-59,CVA16,256,1,Protected,0.1
P0065,1959,2010,51,40-59,EV-A71,512,1,Protected,0.1
P0065,1959,2010,51,40-59,EV-D68,64,1,Protected,0.1
P0065,1959,2010,51,40-59,CVA6,256,1,Protected,0.1
P0065,1959,2010,51,40-59,CVA16,128,1,Protected,0.1
P0065,1959,2015,56,40-59,EV-A71,512,1,Protected,0.1
P0065,1959,2015,56,40-59,EV-D68,128,1,Protected,0.1
P0065,1959,2015,56,40-59,CVA6,256,1,Protected,0.1
P0065,1959,2015,56,40-59,CVA16,256,1,Protected,0.1
P0065,1959,2020,61,60+,EV-A71,512,1,Protected,0.1
P0065,1959,2020,61,60+,EV-D68,256,1,Protected,0.1
P0065,1959,2020,61,60+,CVA6,512,1,Protected,0.1
P0065,1959,2020,61,60+,CVA16,512,1,Protected,0.1
P0065,1959,2025,66,60+,EV-A71,512,1,Protected,0.1
P0065,1959,2025,66,60+,EV-D68,128,1,Protected,0.1
P0065,1959,2025,66,60+,CVA6,512,1,Protected,0.1
P0065,1959,2025,66,60+,CVA16,256,1,Protected,0.1
P0066,1971,2005,34,20-39,EV-A71,512,1,Protected,0.1
P0066,1971,2005,34,20-39,EV-D68,128,1,Protected,0.1
P0066,1971,2005,34,20-39,CVA6,256,1,Protected,0.1
P0066,1971,2005,34,20-39,CVA16,128,1,Protected,0.1
P0066,1971,2010,39,20-39,EV-A71,256,1,Protected,0.1
P0066,1971,2010,39,20-39,EV-D68,128,1,Protected,0.1
P0066,1971,2010,39,20-39,CVA6,256,1,Protected,0.1
P0066,1971,2010,39,20-39,CVA16,256,1,Protected,0.1
P0066,1971,2015,44,40-59,EV-A71,512,1,Protected,0.1
P0066,1971,2015,44,40-59,EV-D68,256,1,Protected,0.1
P0066,1971,2015,44,40-59,CVA6,512,1,Protected,0.1
P0066,1971,2015,44,40-59,CVA16,256,1,Protected,0.1
P0066,1971,2020,49,40-59,EV-A71,512,1,Protected,0.1
P0066,1971,2020,49,40-59,EV-D68,256,1,Protected,0.1
P0066,1971,2020,49,40-59,CVA6,512,1,Protected,0.1
P0066,1971,2020,49,40-59,CVA16,512,1,Protected,0.1
P0066,1971,2025,54,40-59,EV-A71,256,1,Protected,0.1
P0066,1971,2025,54,40-59,EV-D68,512,1,Protected,0.1
P0066,1971,2025,54,40-59,CVA6,512,1,Protected,0.1
P0066,1971,2025,54,40-59,CVA16,512,1,Protected,0.1
P0067,2018,2020,2,0-4,EV-A71,128,1,Protected,0.1
P0067,2018,2020,2,0-4,EV-D68,32,1,Partially protected,0.5
P0067,2018,2020,2,0-4,CVA6,256,1,Protected,0.1
P0067,2018,2020,2,0-4,CVA16,32,1,Partially protected,0.5
P0067,2018,2025,7,5-9,EV-A71,64,1,Protected,0.1
P0067,2018,2025,7,5-9,EV-D68,128,1,Protected,0.1
P0067,2018,2025,7,5-9,CVA6,256,1,Protected,0.1
P0067,2018,2025,7,5-9,CVA16,64,1,Protected,0.1
P0068,1981,2005,24,20-39,EV-A71,512,1,Protected,0.1
P0068,1981,2005,24,20-39,EV-D68,256,1,Protected,0.1
P0068,1981,2005,24,20-39,CVA6,256,1,Protected,0.1
P0068,1981,2005,24,20-39,CVA16,128,1,Protected,0.1
P0068,1981,2010,29,20-39,EV-A71,256,1,Protected,0.1
P0068,1981,2010,29,20-39,EV-D68,256,1,Protected,0.1
P0068,1981,2010,29,20-39,CVA6,256,1,Protected,0.1
P0068,1981,2010,29,20-39,CVA16,64,1,Protected,0.1
P0068,1981,2015,34,20-39,EV-A71,512,1,Protected,0.1
P0068,1981,2015,34,20-39,EV-D68,512,1,Protected,0.1
P0068,1981,2015,34,20-39,CVA6,512,1,Protected,0.1
P0068,1981,2015,34,20-39,CVA16,128,1,Protected,0.1
P0068,1981,2020,39,20-39,EV-A71,512,1,Protected,0.1
P0068,1981,2020,39,20-39,EV-D68,256,1,Protected,0.1
P0068,1981,2020,39,20-39,CVA6,256,1,Protected,0.1
P0068,1981,2020,39,20-39,CVA16,256,1,Protected,0.1
P0068,1981,2025,44,40-59,EV-A71,512,1,Protected,0.1
P0068,1981,2025,44,40-59,EV-D68,512,1,Protected,0.1
P0068,1981,2025,44,40-59,CVA6,512,1,Protected,0.1
P0068,1981,2025,44,40-59,CVA16,256,1,Protected,0.1
P0069,1970,2005,35,20-39,EV-A71,512,1,Protected,0.1
P0069,1970,2005,35,20-39,EV-D68,64,1,Protected,0.1
P0069,1970,2005,35,20-39,CVA6,512,1,Protected,0.1
P0069,1970,2005,35,20-39,CVA16,128,1,Protected,0.1
P0069,1970,2010,40,40-59,EV-A71,256,1,Protected,0.1
P0069,1970,2010,40,40-59,EV-D68,64,1,Protected,0.1
P0069,1970,2010,40,40-59,CVA6,256,1,Protected,0.1
P0069,1970,2010,40,40-59,CVA16,128,1,Protected,0.1
P0069,1970,2015,45,40-59,EV-A71,256,1,Protected,0.1
P0069,1970,2015,45,40-59,EV-D68,256,1,Protected,0.1
P0069,1970,2015,45,40-59,CVA6,512,1,Protected,0.1
P0069,1970,2015,45,40-59,CVA16,128,1,Protected,0.1
P0069,1970,2020,50,40-59,EV-A71,256,1,Protected,0.1
P0069,1970,2020,50,40-59,EV-D68,256,1,Protected,0.1
P0069,1970,2020,50,40-59,CVA6,512,1,Protected,0.1
P0069,1970,2020,50,40-59,CVA16,128,1,Protected,0.1
P0069,1970,2025,55,40-59,EV-A71,512,1,Protected,0.1
P0069,1970,2025,55,40-59,EV-D68,128,1,Protected,0.1
P0069,1970,2025,55,40-59,CVA6,256,1,Protected,0.1
P0069,1970,2025,55,40-59,CVA16,256,1,Protected,0.1
P0070,2009,2010,1,0-4,EV-A71,32,1,Partially protected,0.5
P0070,2009,2010,1,0-4,EV-D68,32,1,Partially protected,0.5
P0070,2009,2010,1,0-4,CVA6,64,1,Protected,0.1
P0070,2009,2010,1,0-4,CVA16,32,1,Partially protected,0.5
P0070,2009,2015,6,5-9,EV-A71,128,1,Protected,0.1
P0070,2009,2015,6,5-9,EV-D68,64,1,Protected,0.1
P0070,2009,2015,6,5-9,CVA6,128,1,Protected,0.1
P0070,2009,2015,6,5-9,CVA16,64,1,Protected,0.1
P0070,2009,2020,11,10-14,EV-A71,256,1,Protected,0.1
P0070,2009,2020,11,10-14,EV-D68,128,1,Protected,0.1
P0070,2009,2020,11,10-14,CVA6,256,1,Protected,0.1
P0070,2009,2020,11,10-14,CVA16,64,1,Protected,0.1
P0070,2009,2025,16,15-19,EV-A71,512,1,Protected,0.1
P0070,2009,2025,16,15-19,EV-D68,128,1,Protected,0.1
P0070,2009,2025,16,15-19,CVA6,256,1,Protected,0.1
P0070,2009,2025,16,15-19,CVA16,64,1,Protected,0.1
P0071,1998,2005,7,5-9,EV-A71,64,1,Protected,0.1
P0071,1998,2005,7,5-9,EV-D68,64,1,Protected,0.1
P0071,1998,2005,7,5-9,CVA6,64,1,Protected,0.1
P0071,1998,2005,7,5-9,CVA16,64,1,Protected,0.1
P0071,1998,2010,12,10-14,EV-A71,128,1,Protected,0.1
P0071,1998,2010,12,10-14,EV-D68,64,1,Protected,0.1
P0071,1998,2010,12,10-14,CVA6,64,1,Protected,0.1
P0071,1998,2010,12,10-14,CVA16,32,1,Partially protected,0.5
P0071,1998,2015,17,15-19,EV-A71,256,1,Protected,0.1
P0071,1998,2015,17,15-19,EV-D68,128,1,Protected,0.1
P0071,1998,2015,17,15-19,CVA6,512,1,Protected,0.1
P0071,1998,2015,17,15-19,CVA16,128,1,Protected,0.1
P0071,1998,2020,22,20-39,EV-A71,512,1,Protected,0.1
P0071,1998,2020,22,20-39,EV-D68,256,1,Protected,0.1
P0071,1998,2020,22,20-39,CVA6,512,1,Protected,0.1
P0071,1998,2020,22,20-39,CVA16,256,1,Protected,0.1
P0071,1998,2025,27,20-39,EV-A71,512,1,Protected,0.1
P0071,1998,2025,27,20-39,EV-D68,256,1,Protected,0.1
P0071,1998,2025,27,20-39,CVA6,512,1,Protected,0.1
P0071,1998,2025,27,20-39,CVA16,256,1,Protected,0.1
P0072,1984,2005,21,20-39,EV-A71,256,1,Protected,0.1
P0072,1984,2005,21,20-39,EV-D68,64,1,Protected,0.1
P0072,1984,2005,21,20-39,CVA6,128,1,Protected,0.1
P0072,1984,2005,21,20-39,CVA16,128,1,Protected,0.1
P0072,1984,2010,26,20-39,EV-A71,512,1,Protected,0.1
P0072,1984,2010,26,20-39,EV-D68,64,1,Protected,0.1
P0072,1984,2010,26,20-39,CVA6,256,1,Protected,0.1
P0072,1984,2010,26,20-39,CVA16,128,1,Protected,0.1
P0072,1984,2015,31,20-39,EV-A71,256,1,Protected,0.1
P0072,1984,2015,31,20-39,EV-D68,128,1,Protected,0.1
P0072,1984,2015,31,20-39,CVA6,512,1,Protected,0.1
P0072,1984,2015,31,20-39,CVA16,128,1,Protected,0.1
P0072,1984,2020,36,20-39,EV-A71,512,1,Protected,0.1
P0072,1984,2020,36,20-39,EV-D68,512,1,Protected,0.1
P0072,1984,2020,36,20-39,CVA6,256,1,Protected,0.1
P0072,1984,2020,36,20-39,CVA16,256,1,Protected,0.1
P0072,1984,2025,41,40-59,EV-A71,256,1,Protected,0.1
P0072,1984,2025,41,40-59,EV-D68,256,1,Protected,0.1
P0072,1984,2025,41,40-59,CVA6,512,1,Protected,0.1
P0072,1984,2025,41,40-59,CVA16,256,1,Protected,0.1
P0073,1978,2005,27,20-39,EV-A71,512,1,Protected,0.1
P0073,1978,2005,27,20-39,EV-D68,128,1,Protected,0.1
P0073,1978,2005,27,20-39,CVA6,128,1,Protected,0.1
P0073,1978,2005,27,20-39,CVA16,128,1,Protected,0.1
P0073,1978,2010,32,20-39,EV-A71,512,1,Protected,0.1
P0073,1978,2010,32,20-39,EV-D68,128,1,Protected,0.1
P0073,1978,2010,32,20-39,CVA6,256,1,Protected,0.1
P0073,1978,2010,32,20-39,CVA16,256,1,Protected,0.1
P0073,1978,2015,37,20-39,EV-A71,512,1,Protected,0.1
P0073,1978,2015,37,20-39,EV-D68,512,1,Protected,0.1
P0073,1978,2015,37,20-39,CVA6,512,1,Protected,0.1
P0073,1978,2015,37,20-39,CVA16,256,1,Protected,0.1
P0073,1978,2020,42,40-59,EV-A71,512,1,Protected,0.1
P0073,1978,2020,42,40-59,EV-D68,256,1,Protected,0.1
P0073,1978,2020,42,40-59,CVA6,512,1,Protected,0.1
P0073,1978,2020,42,40-59,CVA16,512,1,Protected,0.1
P0073,1978,2025,47,40-59,EV-A71,512,1,Protected,0.1
P0073,1978,2025,47,40-59,EV-D68,256,1,Protected,0.1
P0073,1978,2025,47,40-59,CVA6,512,1,Protected,0.1
P0073,1978,2025,47,40-59,CVA16,256,1,Protected,0.1
P0074,1991,2005,14,10-14,EV-A71,64,1,Protected,0.1
P0074,1991,2005,14,10-14,EV-D68,128,1,Protected,0.1
P0074,1991,2005,14,10-14,CVA6,256,1,Protected,0.1
P0074,1991,2005,14,10-14,CVA16,64,1,Protected,0.1
P0074,1991,2010,19,15-19,EV-A71,128,1,Protected,0.1
P0074,1991,2010,19,15-19,EV-D68,128,1,Protected,0.1
P0074,1991,2010,19,15-19,CVA6,128,1,Protected,0.1
P0074,1991,2010,19,15-19,CVA16,32,1,Partially protected,0.5
P0074,1991,2015,24,20-39,EV-A71,512,1,Protected,0.1
P0074,1991,2015,24,20-39,EV-D68,256,1,Protected,0.1
P0074,1991,2015,24,20-39,CVA6,512,1,Protected,0.1
P0074,1991,2015,24,20-39,CVA16,256,1,Protected,0.1
P0074,1991,2020,29,20-39,EV-A71,512,1,Protected,0.1
P0074,1991,2020,29,20-39,EV-D68,256,1,Protected,0.1
P0074,1991,2020,29,20-39,CVA6,512,1,Protected,0.1
P0074,1991,2020,29,20-39,CVA16,256,1,Protected,0.1
P0074,1991,2025,34,20-39,EV-A71,512,1,Protected,0.1
P0074,1991,2025,34,20-39,EV-D68,256,1,Protected,0.1
P0074,1991,2025,34,20-39,CVA6,512,1,Protected,0.1
P0074,1991,2025,34,20-39,CVA16,256,1,Protected,0.1
P0075,1957,2005,48,40-59,EV-A71,256,1,Protected,0.1
P0075,1957,2005,48,40-59,EV-D68,128,1,Protected,0.1
P0075,1957,2005,48,40-59,CVA6,256,1,Protected,0.1
P0075,1957,2005,48,40-59,CVA16,128,1,Protected,0.1
P0075,1957,2010,53,40-59,EV-A71,256,1,Protected,0.1
P0075,1957,2010,53,40-59,EV-D68,64,1,Protected,0.1
P0075,1957,2010,53,40-59,CVA6,512,1,Protected,0.1
P0075,1957,2010,53,40-59,CVA16,128,1,Protected,0.1
P0075,1957,2015,58,40-59,EV-A71,512,1,Protected,0.1
P0075,1957,2015,58,40-59,EV-D68,512,1,Protected,0.1
P0075,1957,2015,58,40-59,CVA6,512,1,Protected,0.1
P0075,1957,2015,58,40-59,CVA16,256,1,Protected,0.1
P0075,1957,2020,63,60+,EV-A71,512,1,Protected,0.1
P0075,1957,2020,63,60+,EV-D68,256,1,Protected,0.1
P0075,1957,2020,63,60+,CVA6,512,1,Protected,0.1
P0075,1957,2020,63,60+,CVA16,256,1,Protected,0.1
P0075,1957,2025,68,60+,EV-A71,512,1,Protected,0.1
P0075,1957,2025,68,60+,EV-D68,128,1,Protected,0.1
P0075,1957,2025,68,60+,CVA6,512,1,Protected,0.1
P0075,1957,2025,68,60+,CVA16,256,1,Protected,0.1
P0076,1979,2005,26,20-39,EV-A71,128,1,Protected,0.1
P0076,1979,2005,26,20-39,EV-D68,256,1,Protected,0.1
P0076,1979,2005,26,20-39,CVA6,256,1,Protected,0.1
P0076,1979,2005,26,20-39,CVA16,64,1,Protected,0.1
P0076,1979,2010,31,20-39,EV-A71,256,1,Protected,0.1
P0076,1979,2010,31,20-39,EV-D68,128,1,Protected,0.1
P0076,1979,2010,31,20-39,CVA6,512,1,Protected,0.1
P0076,1979,2010,31,20-39,CVA16,256,1,Protected,0.1
P0076,1979,2015,36,20-39,EV-A71,256,1,Protected,0.1
P0076,1979,2015,36,20-39,EV-D68,128,1,Protected,0.1
P0076,1979,2015,36,20-39,CVA6,512,1,Protected,0.1
P0076,1979,2015,36,20-39,CVA16,512,1,Protected,0.1
P0076,1979,2020,41,40-59,EV-A71,512,1,Protected,0.1
P0076,1979,2020,41,40-59,EV-D68,256,1,Protected,0.1
P0076,1979,2020,41,40-59,CVA6,512,1,Protected,0.1
P0076,1979,2020,41,40-59,CVA16,256,1,Protected,0.1
P0076,1979,2025,46,40-59,EV-A71,512,1,Protected,0.1
P0076,1979,2025,46,40-59,EV-D68,256,1,Protected,0.1
P0076,1979,2025,46,40-59,CVA6,256,1,Protected,0.1
P0076,1979,2025,46,40-59,CVA16,256,1,Protected,0.1
P0077,1954,2005,51,40-59,EV-A71,256,1,Protected,0.1
P0077,1954,2005,51,40-59,EV-D68,64,1,Protected,0.1
P0077,1954,2005,51,40-59,CVA6,256,1,Protected,0.1
P0077,1954,2005,51,40-59,CVA16,128,1,Protected,0.1
P0077,1954,2010,56,40-59,EV-A71,512,1,Protected,0.1
P0077,1954,2010,56,40-59,EV-D68,128,1,Protected,0.1
P0077,1954,2010,56,40-59,CVA6,256,1,Protected,0.1
P0077,1954,2010,56,40-59,CVA16,128,1,Protected,0.1
P0077,1954,2015,61,60+,EV-A71,512,1,Protected,0.1
P0077,1954,2015,61,60+,EV-D68,256,1,Protected,0.1
P0077,1954,2015,61,60+,CVA6,512,1,Protected,0.1
P0077,1954,2015,61,60+,CVA16,256,1,Protected,0.1
P0077,1954,2020,66,60+,EV-A71,512,1,Protected,0.1
P0077,1954,2020,66,60+,EV-D68,512,1,Protected,0.1
P0077,1954,2020,66,60+,CVA6,512,1,Protected,0.1
P0077,1954,2020,66,60+,CVA16,256,1,Protected,0.1
P0077,1954,2025,71,60+,EV-A71,512,1,Protected,0.1
P0077,1954,2025,71,60+,EV-D68,256,1,Protected,0.1
P0077,1954,2025,71,60+,CVA6,512,1,Protected,0.1
P0077,1954,2025,71,60+,CVA16,256,1,Protected,0.1
P0078,1990,2005,15,15-19,EV-A71,128,1,Protected,0.1
P0078,1990,2005,15,15-19,EV-D68,32,1,Partially protected,0.5
P0078,1990,2005,15,15-19,CVA6,128,1,Protected,0.1
P0078,1990,2005,15,15-19,CVA16,64,1,Protected,0.1
P0078,1990,2010,20,20-39,EV-A71,256,1,Protected,0.1
P0078,1990,2010,20,20-39,EV-D68,128,1,Protected,0.1
P0078,1990,2010,20,20-39,CVA6,256,1,Protected,0.1
P0078,1990,2010,20,20-39,CVA16,128,1,Protected,0.1
P0078,1990,2015,25,20-39,EV-A71,256,1,Protected,0.1
P0078,1990,2015,25,20-39,EV-D68,512,1,Protected,0.1
P0078,1990,2015,25,20-39,CVA6,512,1,Protected,0.1
P0078,1990,2015,25,20-39,CVA16,256,1,Protected,0.1
P0078,1990,2020,30,20-39,EV-A71,256,1,Protected,0.1
P0078,1990,2020,30,20-39,EV-D68,256,1,Protected,0.1
P0078,1990,2020,30,20-39,CVA6,512,1,Protected,0.1
P0078,1990,2020,30,20-39,CVA16,512,1,Protected,0.1
P0078,1990,2025,35,20-39,EV-A71,512,1,Protected,0.1
P0078,1990,2025,35,20-39,EV-D68,256,1,Protected,0.1
P0078,1990,2025,35,20-39,CVA6,512,1,Protected,0.1
P0078,1990,2025,35,20-39,CVA16,256,1,Protected,0.1
P0079,2001,2005,4,0-4,EV-A71,64,1,Protected,0.1
P0079,2001,2005,4,0-4,EV-D68,32,1,Partially protected,0.5
P0079,2001,2005,4,0-4,CVA6,64,1,Protected,0.1
P0079,2001,2005,4,0-4,CVA16,32,1,Partially protected,0.5
P0079,2001,2010,9,5-9,EV-A71,128,1,Protected,0.1
P0079,2001,2010,9,5-9,EV-D68,32,1,Partially protected,0.5
P0079,2001,2010,9,5-9,CVA6,64,1,Protected,0.1
P0079,2001,2010,9,5-9,CVA16,64,1,Protected,0.1
P0079,2001,2015,14,10-14,EV-A71,256,1,Protected,0.1
P0079,2001,2015,14,10-14,EV-D68,128,1,Protected,0.1
P0079,2001,2015,14,10-14,CVA6,256,1,Protected,0.1
P0079,2001,2015,14,10-14,CVA16,128,1,Protected,0.1
P0079,2001,2020,19,15-19,EV-A71,256,1,Protected,0.1
P0079,2001,2020,19,15-19,EV-D68,128,1,Protected,0.1
P0079,2001,2020,19,15-19,CVA6,256,1,Protected,0.1
P0079,2001,2020,19,15-19,CVA16,128,1,Protected,0.1
P0079,2001,2025,24,20-39,EV-A71,512,1,Protected,0.1
P0079,2001,2025,24,20-39,EV-D68,512,1,Protected,0.1
P0079,2001,2025,24,20-39,CVA6,512,1,Protected,0.1
P0079,2001,2025,24,20-39,CVA16,256,1,Protected,0.1
P0080,1984,2005,21,20-39,EV-A71,512,1,Protected,0.1
P0080,1984,2005,21,20-39,EV-D68,64,1,Protected,0.1
P0080,1984,2005,21,20-39,CVA6,512,1,Protected,0.1
P0080,1984,2005,21,20-39,CVA16,64,1,Protected,0.1
P0080,1984,2010,26,20-39,EV-A71,128,1,Protected,0.1
P0080,1984,2010,26,20-39,EV-D68,64,1,Protected,0.1
P0080,1984,2010,26,20-39,CVA6,128,1,Protected,0.1
P0080,1984,2010,26,20-39,CVA16,128,1,Protected,0.1
P0080,1984,2015,31,20-39,EV-A71,512,1,Protected,0.1
P0080,1984,2015,31,20-39,EV-D68,256,1,Protected,0.1
P0080,1984,2015,31,20-39,CVA6,256,1,Protected,0.1
P0080,1984,2015,31,20-39,CVA16,256,1,Protected,0.1
P0080,1984,2020,36,20-39,EV-A71,256,1,Protected,0.1
P0080,1984,2020,36,20-39,EV-D68,256,1,Protected,0.1
P0080,1984,2020,36,20-39,CVA6,512,1,Protected,0.1
P0080,1984,2020,36,20-39,CVA16,256,1,Protected,0.1
P0080,1984,2025,41,40-59,EV-A71,512,1,Protected,0.1
P0080,1984,2025,41,40-59,EV-D68,128,1,Protected,0.1
P0080,1984,2025,41,40-59,CVA6,512,1,Protected,0.1
P0080,1984,2025,41,40-59,CVA16,512,1,Protected,0.1
P0081,1958,2005,47,40-59,EV-A71,256,1,Protected,0.1
P0081,1958,2005,47,40-59,EV-D68,128,1,Protected,0.1
P0081,1958,2005,47,40-59,CVA6,128,1,Protected,0.1
P0081,1958,2005,47,40-59,CVA16,64,1,Protected,0.1
P0081,1958,2010,52,40-59,EV-A71,512,1,Protected,0.1
P0081,1958,2010,52,40-59,EV-D68,256,1,Protected,0.1
P0081,1958,2010,52,40-59,CVA6,256,1,Protected,0.1
P0081,1958,2010,52,40-59,CVA16,64,1,Protected,0.1
P0081,1958,2015,57,40-59,EV-A71,256,1,Protected,0.1
P0081,1958,2015,57,40-59,EV-D68,512,1,Protected,0.1
P0081,1958,2015,57,40-59,CVA6,512,1,Protected,0.1
P0081,1958,2015,57,40-59,CVA16,512,1,Protected,0.1
P0081,1958,2020,62,60+,EV-A71,512,1,Protected,0.1
P0081,1958,2020,62,60+,EV-D68,128,1,Protected,0.1
P0081,1958,2020,62,60+,CVA6,512,1,Protected,0.1
P0081,1958,2020,62,60+,CVA16,256,1,Protected,0.1
P0081,1958,2025,67,60+,EV-A71,512,1,Protected,0.1
P0081,1958,2025,67,60+,EV-D68,128,1,Protected,0.1
P0081,1958,2025,67,60+,CVA6,256,1,Protected,0.1
P0081,1958,2025,67,60+,CVA16,512,1,Protected,0.1
P0082,1977,2005,28,20-39,EV-A71,256,1,Protected,0.1
P0082,1977,2005,28,20-39,EV-D68,128,1,Protected,0.1
P0082,1977,2005,28,20-39,CVA6,256,1,Protected,0.1
P0082,1977,2005,28,20-39,CVA16,256,1,Protected,0.1
P0082,1977,2010,33,20-39,EV-A71,512,1,Protected,0.1
P0082,1977,2010,33,20-39,EV-D68,128,1,Protected,0.1
P0082,1977,2010,33,20-39,CVA6,256,1,Protected,0.1
P0082,1977,2010,33,20-39,CVA16,128,1,Protected,0.1
P0082,1977,2015,38,20-39,EV-A71,512,1,Protected,0.1
P0082,1977,2015,38,20-39,EV-D68,128,1,Protected,0.1
P0082,1977,2015,38,20-39,CVA6,512,1,Protected,0.1
P0082,1977,2015,38,20-39,CVA16,256,1,Protected,0.1
P0082,1977,2020,43,40-59,EV-A71,512,1,Protected,0.1
P0082,1977,2020,43,40-59,EV-D68,512,1,Protected,0.1
P0082,1977,2020,43,40-59,CVA6,512,1,Protected,0.1
P0082,1977,2020,43,40-59,CVA16,256,1,Protected,0.1
P0082,1977,2025,48,40-59,EV-A71,512,1,Protected,0.1
P0082,1977,2025,48,40-59,EV-D68,128,1,Protected,0.1
P0082,1977,2025,48,40-59,CVA6,256,1,Protected,0.1
P0082,1977,2025,48,40-59,CVA16,128,1,Protected,0.1
P0083,1990,2005,15,15-19,EV-A71,128,1,Protected,0.1
P0083,1990,2005,15,15-19,EV-D68,64,1,Protected,0.1
P0083,1990,2005,15,15-19,CVA6,128,1,Protected,0.1
P0083,1990,2005,15,15-19,CVA16,128,1,Protected,0.1
P0083,1990,2010,20,20-39,EV-A71,256,1,Protected,0.1
P0083,1990,2010,20,20-39,EV-D68,64,1,Protected,0.1
P0083,1990,2010,20,20-39,CVA6,128,1,Protected,0.1
P0083,1990,2010,20,20-39,CVA16,128,1,Protected,0.1
P0083,1990,2015,25,20-39,EV-A71,256,1,Protected,0.1
P0083,1990,2015,25,20-39,EV-D68,256,1,Protected,0.1
P0083,1990,2015,25,20-39,CVA6,512,1,Protected,0.1
P0083,1990,2015,25,20-39,CVA16,256,1,Protected,0.1
P0083,1990,2020,30,20-39,EV-A71,512,1,Protected,0.1
P0083,1990,2020,30,20-39,EV-D68,128,1,Protected,0.1
P0083,1990,2020,30,20-39,CVA6,512,1,Protected,0.1
P0083,1990,2020,30,20-39,CVA16,128,1,Protected,0.1
P0083,1990,2025,35,20-39,EV-A71,512,1,Protected,0.1
P0083,1990,2025,35,20-39,EV-D68,256,1,Protected,0.1
P0083,1990,2025,35,20-39,CVA6,512,1,Protected,0.1
P0083,1990,2025,35,20-39,CVA16,256,1,Protected,0.1
P0084,1977,2005,28,20-39,EV-A71,256,1,Protected,0.1
P0084,1977,2005,28,20-39,EV-D68,64,1,Protected,0.1
P0084,1977,2005,28,20-39,CVA6,128,1,Protected,0.1
P0084,1977,2005,28,20-39,CVA16,128,1,Protected,0.1
P0084,1977,2010,33,20-39,EV-A71,512,1,Protected,0.1
P0084,1977,2010,33,20-39,EV-D68,256,1,Protected,0.1
P0084,1977,2010,33,20-39,CVA6,128,1,Protected,0.1
P0084,1977,2010,33,20-39,CVA16,128,1,Protected,0.1
P0084,1977,2015,38,20-39,EV-A71,512,1,Protected,0.1
P0084,1977,2015,38,20-39,EV-D68,128,1,Protected,0.1
P0084,1977,2015,38,20-39,CVA6,512,1,Protected,0.1
P0084,1977,2015,38,20-39,CVA16,512,1,Protected,0.1
P0084,1977,2020,43,40-59,EV-A71,512,1,Protected,0.1
P0084,1977,2020,43,40-59,EV-D68,256,1,Protected,0.1
P0084,1977,2020,43,40-59,CVA6,256,1,Protected,0.1
P0084,1977,2020,43,40-59,CVA16,256,1,Protected,0.1
P0084,1977,2025,48,40-59,EV-A71,512,1,Protected,0.1
P0084,1977,2025,48,40-59,EV-D68,512,1,Protected,0.1
P0084,1977,2025,48,40-59,CVA6,512,1,Protected,0.1
P0084,1977,2025,48,40-59,CVA16,512,1,Protected,0.1
P0085,2013,2015,2,0-4,EV-A71,128,1,Protected,0.1
P0085,2013,2015,2,0-4,EV-D68,128,1,Protected,0.1
P0085,2013,2015,2,0-4,CVA6,128,1,Protected,0.1
P0085,2013,2015,2,0-4,CVA16,64,1,Protected,0.1
P0085,2013,2020,7,5-9,EV-A71,128,1,Protected,0.1
P0085,2013,2020,7,5-9,EV-D68,32,1,Partially protected,0.5
P0085,2013,2020,7,5-9,CVA6,256,1,Protected,0.1
P0085,2013,2020,7,5-9,CVA16,64,1,Protected,0.1
P0085,2013,2025,12,10-14,EV-A71,128,1,Protected,0.1
P0085,2013,2025,12,10-14,EV-D68,64,1,Protected,0.1
P0085,2013,2025,12,10-14,CVA6,256,1,Protected,0.1
P0085,2013,2025,12,10-14,CVA16,128,1,Protected,0.1
P0086,2000,2005,5,5-9,EV-A71,32,1,Partially protected,0.5
P0086,2000,2005,5,5-9,EV-D68,32,1,Partially protected,0.5
P0086,2000,2005,5,5-9,CVA6,128,1,Protected,0.1
P0086,2000,2005,5,5-9,CVA16,64,1,Protected,0.1
P0086,2000,2010,10,10-14,EV-A71,256,1,Protected,0.1
P0086,2000,2010,10,10-14,EV-D68,64,1,Protected,0.1
P0086,2000,2010,10,10-14,CVA6,128,1,Protected,0.1
P0086,2000,2010,10,10-14,CVA16,32,1,Partially protected,0.5
P0086,2000,2015,15,15-19,EV-A71,256,1,Protected,0.1
P0086,2000,2015,15,15-19,EV-D68,128,1,Protected,0.1
P0086,2000,2015,15,15-19,CVA6,256,1,Protected,0.1
P0086,2000,2015,15,15-19,CVA16,128,1,Protected,0.1
P0086,2000,2020,20,20-39,EV-A71,512,1,Protected,0.1
P0086,2000,2020,20,20-39,EV-D68,512,1,Protected,0.1
P0086,2000,2020,20,20-39,CVA6,512,1,Protected,0.1
P0086,2000,2020,20,20-39,CVA16,256,1,Protected,0.1
P0086,2000,2025,25,20-39,EV-A71,512,1,Protected,0.1
P0086,2000,2025,25,20-39,EV-D68,512,1,Protected,0.1
P0086,2000,2025,25,20-39,CVA6,512,1,Protected,0.1
P0086,2000,2025,25,20-39,CVA16,128,1,Protected,0.1
P0087,2008,2010,2,0-4,EV-A71,128,1,Protected,0.1
P0087,2008,2010,2,0-4,EV-D68,32,1,Partially protected,0.5
P0087,2008,2010,2,0-4,CVA6,64,1,Protected,0.1
P0087,2008,2010,2,0-4,CVA16,16,0,Susceptible,1.0
P0087,2008,2015,7,5-9,EV-A71,64,1,Protected,0.1
P0087,2008,2015,7,5-9,EV-D68,64,1,Protected,0.1
P0087,2008,2015,7,5-9,CVA6,128,1,Protected,0.1
P0087,2008,2015,7,5-9,CVA16,64,1,Protected,0.1
P0087,2008,2020,12,10-14,EV-A71,256,1,Protected,0.1
P0087,2008,2020,12,10-14,EV-D68,128,1,Protected,0.1
P0087,2008,2020,12,10-14,CVA6,256,1,Protected,0.1
P0087,2008,2020,12,10-14,CVA16,128,1,Protected,0.1
P0087,2008,2025,17,15-19,EV-A71,128,1,Protected,0.1
P0087,2008,2025,17,15-19,EV-D68,64,1,Protected,0.1
P0087,2008,2025,17,15-19,CVA6,128,1,Protected,0.1
P0087,2008,2025,17,15-19,CVA16,128,1,Protected,0.1
P0088,1968,2005,37,20-39,EV-A71,256,1,Protected,0.1
P0088,1968,2005,37,20-39,EV-D68,128,1,Protected,0.1
P0088,1968,2005,37,20-39,CVA6,256,1,Protected,0.1
P0088,1968,2005,37,20-39,CVA16,64,1,Protected,0.1
P0088,1968,2010,42,40-59,EV-A71,256,1,Protected,0.1
P0088,1968,2010,42,40-59,EV-D68,64,1,Protected,0.1
P0088,1968,2010,42,40-59,CVA6,256,1,Protected,0.1
P0088,1968,2010,42,40-59,CVA16,128,1,Protected,0.1
P0088,1968,2015,47,40-59,EV-A71,512,1,Protected,0.1
P0088,1968,2015,47,40-59,EV-D68,512,1,Protected,0.1
P0088,1968,2015,47,40-59,CVA6,512,1,Protected,0.1
P0088,1968,2015,47,40-59,CVA16,512,1,Protected,0.1
P0088,1968,2020,52,40-59,EV-A71,512,1,Protected,0.1
P0088,1968,2020,52,40-59,EV-D68,128,1,Protected,0.1
P0088,1968,2020,52,40-59,CVA6,256,1,Protected,0.1
P0088,1968,2020,52,40-59,CVA16,128,1,Protected,0.1
P0088,1968,2025,57,40-59,EV-A71,512,1,Protected,0.1
P0088,1968,2025,57,40-59,EV-D68,512,1,Protected,0.1
P0088,1968,2025,57,40-59,CVA6,256,1,Protected,0.1
P0088,1968,2025,57,40-59,CVA16,512,1,Protected,0.1
P0089,1983,2005,22,20-39,EV-A71,512,1,Protected,0.1
P0089,1983,2005,22,20-39,EV-D68,128,1,Protected,0.1
P0089,1983,2005,22,20-39,CVA6,256,1,Protected,0.1
P0089,1983,2005,22,20-39,CVA16,64,1,Protected,0.1
P0089,1983,2010,27,20-39,EV-A71,256,1,Protected,0.1
P0089,1983,2010,27,20-39,EV-D68,128,1,Protected,0.1
P0089,1983,2010,27,20-39,CVA6,256,1,Protected,0.1
P0089,1983,2010,27,20-39,CVA16,64,1,Protected,0.1
P0089,1983,2015,32,20-39,EV-A71,512,1,Protected,0.1
P0089,1983,2015,32,20-39,EV-D68,256,1,Protected,0.1
P0089,1983,2015,32,20-39,CVA6,512,1,Protected,0.1
P0089,1983,2015,32,20-39,CVA16,512,1,Protected,0.1
P0089,1983,2020,37,20-39,EV-A71,512,1,Protected,0.1
P0089,1983,2020,37,20-39,EV-D68,256,1,Protected,0.1
P0089,1983,2020,37,20-39,CVA6,512,1,Protected,0.1
P0089,1983,2020,37,20-39,CVA16,256,1,Protected,0.1
P0089,1983,2025,42,40-59,EV-A71,512,1,Protected,0.1
P0089,1983,2025,42,40-59,EV-D68,256,1,Protected,0.1
P0089,1983,2025,42,40-59,CVA6,512,1,Protected,0.1
P0089,1983,2025,42,40-59,CVA16,256,1,Protected,0.1
P0090,1967,2005,38,20-39,EV-A71,256,1,Protected,0.1
P0090,1967,2005,38,20-39,EV-D68,64,1,Protected,0.1
P0090,1967,2005,38,20-39,CVA6,256,1,Protected,0.1
P0090,1967,2005,38,20-39,CVA16,128,1,Protected,0.1
P0090,1967,2010,43,40-59,EV-A71,256,1,Protected,0.1
P0090,1967,2010,43,40-59,EV-D68,128,1,Protected,0.1
P0090,1967,2010,43,40-59,CVA6,256,1,Protected,0.1
P0090,1967,2010,43,40-59,CVA16,128,1,Protected,0.1
P0090,1967,2015,48,40-59,EV-A71,256,1,Protected,0.1
P0090,1967,2015,48,40-59,EV-D68,256,1,Protected,0.1
P0090,1967,2015,48,40-59,CVA6,512,1,Protected,0.1
P0090,1967,2015,48,40-59,CVA16,256,1,Protected,0.1
P0090,1967,2020,53,40-59,EV-A71,512,1,Protected,0.1
P0090,1967,2020,53,40-59,EV-D68,512,1,Protected,0.1
P0090,1967,2020,53,40-59,CVA6,512,1,Protected,0.1
P0090,1967,2020,53,40-59,CVA16,256,1,Protected,0.1
P0090,1967,2025,58,40-59,EV-A71,512,1,Protected,0.1
P0090,1967,2025,58,40-59,EV-D68,128,1,Protected,0.1
P0090,1967,2025,58,40-59,CVA6,512,1,Protected,0.1
P0090,1967,2025,58,40-59,CVA16,256,1,Protected,0.1
P0091,1981,2005,24,20-39,EV-A71,128,1,Protected,0.1
P0091,1981,2005,24,20-39,EV-D68,128,1,Protected,0.1
P0091,1981,2005,24,20-39,CVA6,256,1,Protected,0.1
P0091,1981,2005,24,20-39,CVA16,256,1,Protected,0.1
P0091,1981,2010,29,20-39,EV-A71,256,1,Protected,0.1
P0091,1981,2010,29,20-39,EV-D68,128,1,Protected,0.1
P0091,1981,2010,29,20-39,CVA6,256,1,Protected,0.1
P0091,1981,2010,29,20-39,CVA16,128,1,Protected,0.1
P0091,1981,2015,34,20-39,EV-A71,512,1,Protected,0.1
P0091,1981,2015,34,20-39,EV-D68,512,1,Protected,0.1
P0091,1981,2015,34,20-39,CVA6,512,1,Protected,0.1
P0091,1981,2015,34,20-39,CVA16,256,1,Protected,0.1
P0091,1981,2020,39,20-39,EV-A71,512,1,Protected,0.1
P0091,1981,2020,39,20-39,EV-D68,512,1,Protected,0.1
P0091,1981,2020,39,20-39,CVA6,512,1,Protected,0.1
P0091,1981,2020,39,20-39,CVA16,256,1,Protected,0.1
P0091,1981,2025,44,40-59,EV-A71,512,1,Protected,0.1
P0091,1981,2025,44,40-59,EV-D68,256,1,Protected,0.1
P0091,1981,2025,44,40-59,CVA6,512,1,Protected,0.1
P0091,1981,2025,44,40-59,CVA16,256,1,Protected,0.1
P0092,2018,2020,2,0-4,EV-A71,128,1,Protected,0.1
P0092,2018,2020,2,0-4,EV-D68,64,1,Protected,0.1
P0092,2018,2020,2,0-4,CVA6,256,1,Protected,0.1
P0092,2018,2020,2,0-4,CVA16,64,1,Protected,0.1
P0092,2018,2025,7,5-9,EV-A71,128,1,Protected,0.1
P0092,2018,2025,7,5-9,EV-D68,64,1,Protected,0.1
P0092,2018,2025,7,5-9,CVA6,128,1,Protected,0.1
P0092,2018,2025,7,5-9,CVA16,64,1,Protected,0.1
P0093,1983,2005,22,20-39,EV-A71,256,1,Protected,0.1
P0093,1983,2005,22,20-39,EV-D68,64,1,Protected,0.1
P0093,1983,2005,22,20-39,CVA6,512,1,Protected,0.1
P0093,1983,2005,22,20-39,CVA16,128,1,Protected,0.1
P0093,1983,2010,27,20-39,EV-A71,512,1,Protected,0.1
P0093,1983,2010,27,20-39,EV-D68,256,1,Protected,0.1
P0093,1983,2010,27,20-39,CVA6,256,1,Protected,0.1
P0093,1983,2010,27,20-39,CVA16,256,1,Protected,0.1
P0093,1983,2015,32,20-39,EV-A71,256,1,Protected,0.1
P0093,1983,2015,32,20-39,EV-D68,256,1,Protected,0.1
P0093,1983,2015,32,20-39,CVA6,512,1,Protected,0.1
P0093,1983,2015,32,20-39,CVA16,256,1,Protected,0.1
P0093,1983,2020,37,20-39,EV-A71,512,1,Protected,0.1
P0093,1983,2020,37,20-39,EV-D68,128,1,Protected,0.1
P0093,1983,2020,37,20-39,CVA6,512,1,Protected,0.1
P0093,1983,2020,37,20-39,CVA16,256,1,Protected,0.1
P0093,1983,2025,42,40-59,EV-A71,512,1,Protected,0.1
P0093,1983,2025,42,40-59,EV-D68,256,1,Protected,0.1
P0093,1983,2025,42,40-59,CVA6,512,1,Protected,0.1
P0093,1983,2025,42,40-59,CVA16,256,1,Protected,0.1
P0094,2004,2005,1,0-4,EV-A71,64,1,Protected,0.1
P0094,2004,2005,1,0-4,EV-D68,32,1,Partially protected,0.5
P0094,2004,2005,1,0-4,CVA6,64,1,Protected,0.1
P0094,2004,2005,1,0-4,CVA16,16,0,Susceptible,1.0
P0094,2004,2010,6,5-9,EV-A71,64,1,Protected,0.1
P0094,2004,2010,6,5-9,EV-D68,64,1,Protected,0.1
P0094,2004,2010,6,5-9,CVA6,64,1,Protected,0.1
P0094,2004,2010,6,5-9,CVA16,64,1,Protected,0.1
P0094,2004,2015,11,10-14,EV-A71,256,1,Protected,0.1
P0094,2004,2015,11,10-14,EV-D68,256,1,Protected,0.1
P0094,2004,2015,11,10-14,CVA6,512,1,Protected,0.1
P0094,2004,2015,11,10-14,CVA16,128,1,Protected,0.1
P0094,2004,2020,16,15-19,EV-A71,512,1,Protected,0.1
P0094,2004,2020,16,15-19,EV-D68,64,1,Protected,0.1
P0094,2004,2020,16,15-19,CVA6,256,1,Protected,0.1
P0094,2004,2020,16,15-19,CVA16,256,1,Protected,0.1
P0094,2004,2025,21,20-39,EV-A71,512,1,Protected,0.1
P0094,2004,2025,21,20-39,EV-D68,128,1,Protected,0.1
P0094,2004,2025,21,20-39,CVA6,256,1,Protected,0.1
P0094,2004,2025,21,20-39,CVA16,256,1,Protected,0.1
P0095,2001,2005,4,0-4,EV-A71,64,1,Protected,0.1
P0095,2001,2005,4,0-4,EV-D68,32,1,Partially protected,0.5
P0095,2001,2005,4,0-4,CVA6,128,1,Protected,0.1
P0095,2001,2005,4,0-4,CVA16,16,0,Susceptible,1.0
P0095,2001,2010,9,5-9,EV-A71,128,1,Protected,0.1
P0095,2001,2010,9,5-9,EV-D68,32,1,Partially protected,0.5
P0095,2001,2010,9,5-9,CVA6,64,1,Protected,0.1
P0095,2001,2010,9,5-9,CVA16,32,1,Partially protected,0.5
P0095,2001,2015,14,10-14,EV-A71,128,1,Protected,0.1
P0095,2001,2015,14,10-14,EV-D68,64,1,Protected,0.1
P0095,2001,2015,14,10-14,CVA6,128,1,Protected,0.1
P0095,2001,2015,14,10-14,CVA16,128,1,Protected,0.1
P0095,2001,2020,19,15-19,EV-A71,256,1,Protected,0.1
P0095,2001,2020,19,15-19,EV-D68,256,1,Protected,0.1
P0095,2001,2020,19,15-19,CVA6,512,1,Protected,0.1
P0095,2001,2020,19,15-19,CVA16,256,1,Protected,0.1
P0095,2001,2025,24,20-39,EV-A71,512,1,Protected,0.1
P0095,2001,2025,24,20-39,EV-D68,512,1,Protected,0.1
P0095,2001,2025,24,20-39,CVA6,512,1,Protected,0.1
P0095,2001,2025,24,20-39,CVA16,256,1,Protected,0.1
P0096,1996,2005,9,5-9,EV-A71,64,1,Protected,0.1
P0096,1996,2005,9,5-9,EV-D68,32,1,Partially protected,0.5
P0096,1996,2005,9,5-9,CVA6,64,1,Protected,0.1
P0096,1996,2005,9,5-9,CVA16,64,1,Protected,0.1
P0096,1996,2010,14,10-14,EV-A71,256,1,Protected,0.1
P0096,1996,2010,14,10-14,EV-D68,64,1,Protected,0.1
P0096,1996,2010,14,10-14,CVA6,128,1,Protected,0.1
P0096,1996,2010,14,10-14,CVA16,32,1,Partially protected,0.5
P0096,1996,2015,19,15-19,EV-A71,256,1,Protected,0.1
P0096,1996,2015,19,15-19,EV-D68,64,1,Protected,0.1
P0096,1996,2015,19,15-19,CVA6,256,1,Protected,0.1
P0096,1996,2015,19,15-19,CVA16,128,1,Protected,0.1
P0096,1996,2020,24,20-39,EV-A71,256,1,Protected,0.1
P0096,1996,2020,24,20-39,EV-D68,128,1,Protected,0.1
P0096,1996,2020,24,20-39,CVA6,512,1,Protected,0.1
P0096,1996,2020,24,20-39,CVA16,256,1,Protected,0.1
P0096,1996,2025,29,20-39,EV-A71,512,1,Protected,0.1
P0096,1996,2025,29,20-39,EV-D68,256,1,Protected,0.1
P0096,1996,2025,29,20-39,CVA6,512,1,Protected,0.1
P0096,1996,2025,29,20-39,CVA16,256,1,Protected,0.1
P0097,1978,2005,27,20-39,EV-A71,512,1,Protected,0.1
P0097,1978,2005,27,20-39,EV-D68,128,1,Protected,0.1
P0097,1978,2005,27,20-39,CVA6,256,1,Protected,0.1
P0097,1978,2005,27,20-39,CVA16,128,1,Protected,0.1
P0097,1978,2010,32,20-39,EV-A71,128,1,Protected,0.1
P0097,1978,2010,32,20-39,EV-D68,128,1,Protected,0.1
P0097,1978,2010,32,20-39,CVA6,256,1,Protected,0.1
P0097,1978,2010,32,20-39,CVA16,128,1,Protected,0.1
P0097,1978,2015,37,20-39,EV-A71,256,1,Protected,0.1
P0097,1978,2015,37,20-39,EV-D68,256,1,Protected,0.1
P0097,1978,2015,37,20-39,CVA6,256,1,Protected,0.1
P0097,1978,2015,37,20-39,CVA16,128,1,Protected,0.1
P0097,1978,2020,42,40-59,EV-A71,256,1,Protected,0.1
P0097,1978,2020,42,40-59,EV-D68,256,1,Protected,0.1
P0097,1978,2020,42,40-59,CVA6,256,1,Protected,0.1
P0097,1978,2020,42,40-59,CVA16,256,1,Protected,0.1
P0097,1978,2025,47,40-59,EV-A71,512,1,Protected,0.1
P0097,1978,2025,47,40-59,EV-D68,512,1,Protected,0.1
P0097,1978,2025,47,40-59,CVA6,512,1,Protected,0.1
P0097,1978,2025,47,40-59,CVA16,512,1,Protected,0.1
P0098,1967,2005,38,20-39,EV-A71,256,1,Protected,0.1
P0098,1967,2005,38,20-39,EV-D68,128,1,Protected,0.1
P0098,1967,2005,38,20-39,CVA6,512,1,Protected,0.1
P0098,1967,2005,38,20-39,CVA16,128,1,Protected,0.1
P0098,1967,2010,43,40-59,EV-A71,256,1,Protected,0.1
P0098,1967,2010,43,40-59,EV-D68,128,1,Protected,0.1
P0098,1967,2010,43,40-59,CVA6,256,1,Protected,0.1
P0098,1967,2010,43,40-59,CVA16,128,1,Protected,0.1
P0098,1967,2015,48,40-59,EV-A71,512,1,Protected,0.1
P0098,1967,2015,48,40-59,EV-D68,256,1,Protected,0.1
P0098,1967,2015,48,40-59,CVA6,512,1,Protected,0.1
P0098,1967,2015,48,40-59,CVA16,128,1,Protected,0.1
P0098,1967,2020,53,40-59,EV-A71,512,1,Protected,0.1
P0098,1967,2020,53,40-59,EV-D68,256,1,Protected,0.1
P0098,1967,2020,53,40-59,CVA6,512,1,Protected,0.1
P0098,1967,2020,53,40-59,CVA16,512,1,Protected,0.1
P0098,1967,2025,58,40-59,EV-A71,512,1,Protected,0.1
P0098,1967,2025,58,40-59,EV-D68,256,1,Protected,0.1
P0098,1967,2025,58,40-59,CVA6,256,1,Protected,0.1
P0098,1967,2025,58,40-59,CVA16,256,1,Protected,0.1
P0099,2015,2015,0,0-4,EV-A71,128,1,Protected,0.1
P0099,2015,2015,0,0-4,EV-D68,64,1,Protected,0.1
P0099,2015,2015,0,0-4,CVA6,64,1,Protected,0.1
P0099,2015,2015,0,0-4,CVA16,128,1,Protected,0.1
P0099,2015,2020,5,5-9,EV-A71,64,1,Protected,0.1
P0099,2015,2020,5,5-9,EV-D68,128,1,Protected,0.1
P0099,2015,2020,5,5-9,CVA6,128,1,Protected,0.1
P0099,2015,2020,5,5-9,CVA16,64,1,Protected,0.1
P0099,2015,2025,10,10-14,EV-A71,256,1,Protected,0.1
P0099,2015,2025,10,10-14,EV-D68,128,1,Protected,0.1
P0099,2015,2025,10,10-14,CVA6,256,1,Protected,0.1
P0099,2015,2025,10,10-14,CVA16,64,1,Protected,0.1
P0100,2013,2015,2,0-4,EV-A71,128,1,Protected,0.1
P0100,2013,2015,2,0-4,EV-D68,64,1,Protected,0.1
P0100,2013,2015,2,0-4,CVA6,256,1,Protected,0.1
P0100,2013,2015,2,0-4,CVA16,64,1,Protected,0.1
P0100,2013,2020,7,5-9,EV-A71,256,1,Protected,0.1
P0100,2013,2020,7,5-9,EV-D68,64,1,Protected,0.1
P0100,2013,2020,7,5-9,CVA6,256,1,Protected,0.1
P0100,2013,2020,7,5-9,CVA16,64,1,Protected,0.1
P0100,2013,2025,12,10-14,EV-A71,512,1,Protected,0.1
P0100,2013,2025,12,10-14,EV-D68,64,1,Protected,0.1
P0100,2013,2025,12,10-14,CVA6,256,1,Protected,0.1
P0100,2013,2025,12,10-14,CVA16,128,1,Protected,0.1
P0101,1961,2005,44,40-59,EV-A71,256,1,Protected,0.1
P0101,1961,2005,44,40-59,EV-D68,256,1,Protected,0.1
P0101,1961,2005,44,40-59,CVA6,256,1,Protected,0.1
P0101,1961,2005,44,40-59,CVA16,128,1,Protected,0.1
P0101,1961,2010,49,40-59,EV-A71,512,1,Protected,0.1
P0101,1961,2010,49,40-59,EV-D68,256,1,Protected,0.1
P0101,1961,2010,49,40-59,CVA6,128,1,Protected,0.1
P0101,1961,2010,49,40-59,CVA16,128,1,Protected,0.1
P0101,1961,2015,54,40-59,EV-A71,512,1,Protected,0.1
P0101,1961,2015,54,40-59,EV-D68,128,1,Protected,0.1
P0101,1961,2015,54,40-59,CVA6,512,1,Protected,0.1
P0101,1961,2015,54,40-59,CVA16,256,1,Protected,0.1
P0101,1961,2020,59,40-59,EV-A71,256,1,Protected,0.1
P0101,1961,2020,59,40-59,EV-D68,256,1,Protected,0.1
P0101,1961,2020,59,40-59,CVA6,512,1,Protected,0.1
P0101,1961,2020,59,40-59,CVA16,256,1,Protected,0.1
P0101,1961,2025,64,60+,EV-A71,512,1,Protected,0.1
P0101,1961,2025,64,60+,EV-D68,256,1,Protected,0.1
P0101,1961,2025,64,60+,CVA6,512,1,Protected,0.1
P0101,1961,2025,64,60+,CVA16,512,1,Protected,0.1
P0102,1956,2005,49,40-59,EV-A71,256,1,Protected,0.1
P0102,1956,2005,49,40-59,EV-D68,256,1,Protected,0.1
P0102,1956,2005,49,40-59,CVA6,256,1,Protected,0.1
P0102,1956,2005,49,40-59,CVA16,128,1,Protected,0.1
P0102,1956,2010,54,40-59,EV-A71,256,1,Protected,0.1
P0102,1956,2010,54,40-59,EV-D68,128,1,Protected,0.1
P0102,1956,2010,54,40-59,CVA6,512,1,Protected,0.1
P0102,1956,2010,54,40-59,CVA16,128,1,Protected,0.1
P0102,1956,2015,59,40-59,EV-A71,512,1,Protected,0.1
P0102,1956,2015,59,40-59,EV-D68,256,1,Protected,0.1
P0102,1956,2015,59,40-59,CVA6,512,1,Protected,0.1
P0102,1956,2015,59,40-59,CVA16,256,1,Protected,0.1
P0102,1956,2020,64,60+,EV-A71,512,1,Protected,0.1
P0102,1956,2020,64,60+,EV-D68,256,1,Protected,0.1
P0102,1956,2020,64,60+,CVA6,512,1,Protected,0.1
P0102,1956,2020,64,60+,CVA16,256,1,Protected,0.1
P0102,1956,2025,69,60+,EV-A71,512,1,Protected,0.1
P0102,1956,2025,69,60+,EV-D68,128,1,Protected,0.1
P0102,1956,2025,69,60+,CVA6,512,1,Protected,0.1
P0102,1956,2025,69,60+,CVA16,128,1,Protected,0.1
P0103,1964,2005,41,40-59,EV-A71,256,1,Protected,0.1
P0103,1964,2005,41,40-59,EV-D68,128,1,Protected,0.1
P0103,1964,2005,41,40-59,CVA6,256,1,Protected,0.1
P0103,1964,2005,41,40-59,CVA16,128,1,Protected,0.1
P0103,1964,2010,46,40-59,EV-A71,512,1,Protected,0.1
P0103,1964,2010,46,40-59,EV-D68,256,1,Protected,0.1
P0103,1964,2010,46,40-59,CVA6,256,1,Protected,0.1
P0103,1964,2010,46,40-59,CVA16,128,1,Protected,0.1
P0103,1964,2015,51,40-59,EV-A71,512,1,Protected,0.1
P0103,1964,2015,51,40-59,EV-D68,256,1,Protected,0.1
P0103,1964,2015,51,40-59,CVA6,512,1,Protected,0.1
P0103,1964,2015,51,40-59,CVA16,256,1,Protected,0.1
P0103,1964,2020,56,40-59,EV-A71,512,1,Protected,0.1
P0103,1964,2020,56,40-59,EV-D68,128,1,Protected,0.1
P0103,1964,2020,56,40-59,CVA6,512,1,Protected,0.1
P0103,1964,2020,56,40-59,CVA16,128,1,Protected,0.1
P0103,1964,2025,61,60+,EV-A71,512,1,Protected,0.1
P0103,1964,2025,61,60+,EV-D68,256,1,Protected,0.1
P0103,1964,2025,61,60+,CVA6,256,1,Protected,0.1
P0103,1964,2025,61,60+,CVA16,256,1,Protected,0.1
P0104,1969,2005,36,20-39,EV-A71,256,1,Protected,0.1
P0104,1969,2005,36,20-39,EV-D68,256,1,Protected,0.1
P0104,1969,2005,36,20-39,CVA6,256,1,Protected,0.1
P0104,1969,2005,36,20-39,CVA16,128,1,Protected,0.1
P0104,1969,2010,41,40-59,EV-A71,256,1,Protected,0.1
P0104,1969,2010,41,40-59,EV-D68,256,1,Protected,0.1
P0104,1969,2010,41,40-59,CVA6,256,1,Protected,0.1
P0104,1969,2010,41,40-59,CVA16,256,1,Protected,0.1
P0104,1969,2015,46,40-59,EV-A71,512,1,Protected,0.1
P0104,1969,2015,46,40-59,EV-D68,128,1,Protected,0.1
P0104,1969,2015,46,40-59,CVA6,512,1,Protected,0.1
P0104,1969,2015,46,40-59,CVA16,128,1,Protected,0.1
P0104,1969,2020,51,40-59,EV-A71,512,1,Protected,0.1
P0104,1969,2020,51,40-59,EV-D68,512,1,Protected,0.1
P0104,1969,2020,51,40-59,CVA6,512,1,Protected,0.1
P0104,1969,2020,51,40-59,CVA16,512,1,Protected,0.1
P0104,1969,2025,56,40-59,EV-A71,256,1,Protected,0.1
P0104,1969,2025,56,40-59,EV-D68,256,1,Protected,0.1
P0104,1969,2025,56,40-59,CVA6,512,1,Protected,0.1
P0104,1969,2025,56,40-59,CVA16,256,1,Protected,0.1
P0105,1970,2005,35,20-39,EV-A71,256,1,Protected,0.1
P0105,1970,2005,35,20-39,EV-D68,64,1,Protected,0.1
P0105,1970,2005,35,20-39,CVA6,256,1,Protected,0.1
P0105,1970,2005,35,20-39,CVA16,128,1,Protected,0.1
P0105,1970,2010,40,40-59,EV-A71,128,1,Protected,0.1
P0105,1970,2010,40,40-59,EV-D68,128,1,Protected,0.1
P0105,1970,2010,40,40-59,CVA6,256,1,Protected,0.1
P0105,1970,2010,40,40-59,CVA16,128,1,Protected,0.1
P0105,1970,2015,45,40-59,EV-A71,256,1,Protected,0.1
P0105,1970,2015,45,40-59,EV-D68,256,1,Protected,0.1
P0105,1970,2015,45,40-59,CVA6,256,1,Protected,0.1
P0105,1970,2015,45,40-59,CVA16,256,1,Protected,0.1
P0105,1970,2020,50,40-59,EV-A71,512,1,Protected,0.1
P0105,1970,2020,50,40-59,EV-D68,512,1,Protected,0.1
P0105,1970,2020,50,40-59,CVA6,512,1,Protected,0.1
P0105,1970,2020,50,40-59,CVA16,512,1,Protected,0.1
P0105,1970,2025,55,40-59,EV-A71,512,1,Protected,0.1
P0105,1970,2025,55,40-59,EV-D68,256,1,Protected,0.1
P0105,1970,2025,55,40-59,CVA6,512,1,Protected,0.1
P0105,1970,2025,55,40-59,CVA16,256,1,Protected,0.1
P0106,2004,2005,1,0-4,EV-A71,64,1,Protected,0.1
P0106,2004,2005,1,0-4,EV-D68,32,1,Partially protected,0.5
P0106,2004,2005,1,0-4,CVA6,32,1,Partially protected,0.5
P0106,2004,2005,1,0-4,CVA16,64,1,Protected,0.1
P0106,2004,2010,6,5-9,EV-A71,64,1,Protected,0.1
P0106,2004,2010,6,5-9,EV-D68,64,1,Protected,0.1
P0106,2004,2010,6,5-9,CVA6,64,1,Protected,0.1
P0106,2004,2010,6,5-9,CVA16,64,1,Protected,0.1
P0106,2004,2015,11,10-14,EV-A71,512,1,Protected,0.1
P0106,2004,2015,11,10-14,EV-D68,128,1,Protected,0.1
P0106,2004,2015,11,10-14,CVA6,256,1,Protected,0.1
P0106,2004,2015,11,10-14,CVA16,128,1,Protected,0.1
P0106,2004,2020,16,15-19,EV-A71,256,1,Protected,0.1
P0106,2004,2020,16,15-19,EV-D68,256,1,Protected,0.1
P0106,2004,2020,16,15-19,CVA6,256,1,Protected,0.1
P0106,2004,2020,16,15-19,CVA16,256,1,Protected,0.1
P0106,2004,2025,21,20-39,EV-A71,256,1,Protected,0.1
P0106,2004,2025,21,20-39,EV-D68,256,1,Protected,0.1
P0106,2004,2025,21,20-39,CVA6,512,1,Protected,0.1
P0106,2004,2025,21,20-39,CVA16,128,1,Protected,0.1
P0107,1958,2005,47,40-59,EV-A71,256,1,Protected,0.1
P0107,1958,2005,47,40-59,EV-D68,128,1,Protected,0.1
P0107,1958,2005,47,40-59,CVA6,256,1,Protected,0.1
P0107,1958,2005,47,40-59,CVA16,128,1,Protected,0.1
P0107,1958,2010,52,40-59,EV-A71,256,1,Protected,0.1
P0107,1958,2010,52,40-59,EV-D68,128,1,Protected,0.1
P0107,1958,2010,52,40-59,CVA6,256,1,Protected,0.1
P0107,1958,2010,52,40-59,CVA16,128,1,Protected,0.1
P0107,1958,2015,57,40-59,EV-A71,512,1,Protected,0.1
P0107,1958,2015,57,40-59,EV-D68,256,1,Protected,0.1
P0107,1958,2015,57,40-59,CVA6,512,1,Protected,0.1
P0107,1958,2015,57,40-59,CVA16,256,1,Protected,0.1
P0107,1958,2020,62,60+,EV-A71,512,1,Protected,0.1
P0107,1958,2020,62,60+,EV-D68,256,1,Protected,0.1
P0107,1958,2020,62,60+,CVA6,512,1,Protected,0.1
P0107,1958,2020,62,60+,CVA16,128,1,Protected,0.1
P0107,1958,2025,67,60+,EV-A71,256,1,Protected,0.1
P0107,1958,2025,67,60+,EV-D68,256,1,Protected,0.1
P0107,1958,2025,67,60+,CVA6,512,1,Protected,0.1
P0107,1958,2025,67,60+,CVA16,256,1,Protected,0.1
P0108,1999,2005,6,5-9,EV-A71,64,1,Protected,0.1
P0108,1999,2005,6,5-9,EV-D68,32,1,Partially protected,0.5
P0108,1999,2005,6,5-9,CVA6,64,1,Protected,0.1
P0108,1999,2005,6,5-9,CVA16,32,1,Partially protected,0.5
P0108,1999,2010,11,10-14,EV-A71,256,1,Protected,0.1
P0108,1999,2010,11,10-14,EV-D68,32,1,Partially protected,0.5
P0108,1999,2010,11,10-14,CVA6,64,1,Protected,0.1
P0108,1999,2010,11,10-14,CVA16,64,1,Protected,0.1
P0108,1999,2015,16,15-19,EV-A71,256,1,Protected,0.1
P0108,1999,2015,16,15-19,EV-D68,64,1,Protected,0.1
P0108,1999,2015,16,15-19,CVA6,512,1,Protected,0.1
P0108,1999,2015,16,15-19,CVA16,128,1,Protected,0.1
P0108,1999,2020,21,20-39,EV-A71,512,1,Protected,0.1
P0108,1999,2020,21,20-39,EV-D68,256,1,Protected,0.1
P0108,1999,2020,21,20-39,CVA6,512,1,Protected,0.1
P0108,1999,2020,21,20-39,CVA16,256,1,Protected,0.1
P0108,1999,2025,26,20-39,EV-A71,512,1,Protected,0.1
P0108,1999,2025,26,20-39,EV-D68,256,1,Protected,0.1
P0108,1999,2025,26,20-39,CVA6,512,1,Protected,0.1
P0108,1999,2025,26,20-39,CVA16,256,1,Protected,0.1
P0109,1998,2005,7,5-9,EV-A71,128,1,Protected,0.1
P0109,1998,2005,7,5-9,EV-D68,64,1,Protected,0.1
P0109,1998,2005,7,5-9,CVA6,64,1,Protected,0.1
P0109,1998,2005,7,5-9,CVA16,64,1,Protected,0.1
P0109,1998,2010,12,10-14,EV-A71,128,1,Protected,0.1
P0109,1998,2010,12,10-14,EV-D68,64,1,Protected,0.1
P0109,1998,2010,12,10-14,CVA6,64,1,Protected,0.1
P0109,1998,2010,12,10-14,CVA16,32,1,Partially protected,0.5
P0109,1998,2015,17,15-19,EV-A71,128,1,Protected,0.1
P0109,1998,2015,17,15-19,EV-D68,128,1,Protected,0.1
P0109,1998,2015,17,15-19,CVA6,128,1,Protected,0.1
P0109,1998,2015,17,15-19,CVA16,64,1,Protected,0.1
P0109,1998,2020,22,20-39,EV-A71,512,1,Protected,0.1
P0109,1998,2020,22,20-39,EV-D68,256,1,Protected,0.1
P0109,1998,2020,22,20-39,CVA6,512,1,Protected,0.1
P0109,1998,2020,22,20-39,CVA16,128,1,Protected,0.1
P0109,1998,2025,27,20-39,EV-A71,512,1,Protected,0.1
P0109,1998,2025,27,20-39,EV-D68,256,1,Protected,0.1
P0109,1998,2025,27,20-39,CVA6,512,1,Protected,0.1
P0109,1998,2025,27,20-39,CVA16,256,1,Protected,0.1
P0110,2009,2010,1,0-4,EV-A71,64,1,Protected,0.1
P0110,2009,2010,1,0-4,EV-D68,32,1,Partially protected,0.5
P0110,2009,2010,1,0-4,CVA6,32,1,Partially protected,0.5
P0110,2009,2010,1,0-4,CVA16,32,1,Partially protected,0.5
P0110,2009,2015,6,5-9,EV-A71,128,1,Protected,0.1
P0110,2009,2015,6,5-9,EV-D68,32,1,Partially protected,0.5
P0110,2009,2015,6,5-9,CVA6,128,1,Protected,0.1
P0110,2009,2015,6,5-9,CVA16,64,1,Protected,0.1
P0110,2009,2020,11,10-14,EV-A71,128,1,Protected,0.1
P0110,2009,2020,11,10-14,EV-D68,128,1,Protected,0.1
P0110,2009,2020,11,10-14,CVA6,256,1,Protected,0.1
P0110,2009,2020,11,10-14,CVA16,128,1,Protected,0.1
P0110,2009,2025,16,15-19,EV-A71,256,1,Protected,0.1
P0110,2009,2025,16,15-19,EV-D68,64,1,Protected,0.1
P0110,2009,2025,16,15-19,CVA6,128,1,Protected,0.1
P0110,2009,2025,16,15-19,CVA16,64,1,Protected,0.1
P0111,2017,2020,3,0-4,EV-A71,128,1,Protected,0.1
P0111,2017,2020,3,0-4,EV-D68,64,1,Protected,0.1
P0111,2017,2020,3,0-4,CVA6,64,1,Protected,0.1
P0111,2017,2020,3,0-4,CVA16,64,1,Protected,0.1
P0111,2017,2025,8,5-9,EV-A71,256,1,Protected,0.1
P0111,2017,2025,8,5-9,EV-D68,64,1,Protected,0.1
P0111,2017,2025,8,5-9,CVA6,256,1,Protected,0.1
P0111,2017,2025,8,5-9,CVA16,64,1,Protected,0.1
P0112,1982,2005,23,20-39,EV-A71,128,1,Protected,0.1
P0112,1982,2005,23,20-39,EV-D68,64,1,Protected,0.1
P0112,1982,2005,23,20-39,CVA6,256,1,Protected,0.1
P0112,1982,2005,23,20-39,CVA16,64,1,Protected,0.1
P0112,1982,2010,28,20-39,EV-A71,256,1,Protected,0.1
P0112,1982,2010,28,20-39,EV-D68,128,1,Protected,0.1
P0112,1982,2010,28,20-39,CVA6,256,1,Protected,0.1
P0112,1982,2010,28,20-39,CVA16,64,1,Protected,0.1
P0112,1982,2015,33,20-39,EV-A71,512,1,Protected,0.1
P0112,1982,2015,33,20-39,EV-D68,256,1,Protected,0.1
P0112,1982,2015,33,20-39,CVA6,256,1,Protected,0.1
P0112,1982,2015,33,20-39,CVA16,128,1,Protected,0.1
P0112,1982,2020,38,20-39,EV-A71,256,1,Protected,0.1
P0112,1982,2020,38,20-39,EV-D68,256,1,Protected,0.1
P0112,1982,2020,38,20-39,CVA6,512,1,Protected,0.1
P0112,1982,2020,38,20-39,CVA16,256,1,Protected,0.1
P0112,1982,2025,43,40-59,EV-A71,512,1,Protected,0.1
P0112,1982,2025,43,40-59,EV-D68,256,1,Protected,0.1
P0112,1982,2025,43,40-59,CVA6,512,1,Protected,0.1
P0112,1982,2025,43,40-59,CVA16,256,1,Protected,0.1
P0113,2020,2020,0,0-4,EV-A71,64,1,Protected,0.1
P0113,2020,2020,0,0-4,EV-D68,128,1,Protected,0.1
P0113,2020,2020,0,0-4,CVA6,256,1,Protected,0.1
P0113,2020,2020,0,0-4,CVA16,32,1,Partially protected,0.5
P0113,2020,2025,5,5-9,EV-A71,256,1,Protected,0.1
P0113,2020,2025,5,5-9,EV-D68,64,1,Protected,0.1
P0113,2020,2025,5,5-9,CVA6,128,1,Protected,0.1
P0113,2020,2025,5,5-9,CVA16,64,1,Protected,0.1
P0114,1951,2005,54,40-59,EV-A71,256,1,Protected,0.1
P0114,1951,2005,54,40-59,EV-D68,128,1,Protected,0.1
P0114,1951,2005,54,40-59,CVA6,256,1,Protected,0.1
P0114,1951,2005,54,40-59,CVA16,256,1,Protected,0.1
P0114,1951,2010,59,40-59,EV-A71,256,1,Protected,0.1
P0114,1951,2010,59,40-59,EV-D68,128,1,Protected,0.1
P0114,1951,2010,59,40-59,CVA6,128,1,Protected,0.1
P0114,1951,2010,59,40-59,CVA16,64,1,Protected,0.1
P0114,1951,2015,64,60+,EV-A71,512,1,Protected,0.1
P0114,1951,2015,64,60+,EV-D68,128,1,Protected,0.1
P0114,1951,2015,64,60+,CVA6,512,1,Protected,0.1
P0114,1951,2015,64,60+,CVA16,256,1,Protected,0.1
P0114,1951,2020,69,60+,EV-A71,512,1,Protected,0.1
P0114,1951,2020,69,60+,EV-D68,256,1,Protected,0.1
P0114,1951,2020,69,60+,CVA6,512,1,Protected,0.1
P0114,1951,2020,69,60+,CVA16,256,1,Protected,0.1
P0114,1951,2025,74,60+,EV-A71,512,1,Protected,0.1
P0114,1951,2025,74,60+,EV-D68,256,1,Protected,0.1
P0114,1951,2025,74,60+,CVA6,256,1,Protected,0.1
P0114,1951,2025,74,60+,CVA16,256,1,Protected,0.1
P0115,1964,2005,41,40-59,EV-A71,512,1,Protected,0.1
P0115,1964,2005,41,40-59,EV-D68,256,1,Protected,0.1
P0115,1964,2005,41,40-59,CVA6,512,1,Protected,0.1
P0115,1964,2005,41,40-59,CVA16,256,1,Protected,0.1
P0115,1964,2010,46,40-59,EV-A71,256,1,Protected,0.1
P0115,1964,2010,46,40-59,EV-D68,64,1,Protected,0.1
P0115,1964,2010,46,40-59,CVA6,256,1,Protected,0.1
P0115,1964,2010,46,40-59,CVA16,128,1,Protected,0.1
P0115,1964,2015,51,40-59,EV-A71,512,1,Protected,0.1
P0115,1964,2015,51,40-59,EV-D68,512,1,Protected,0.1
P0115,1964,2015,51,40-59,CVA6,512,1,Protected,0.1
P0115,1964,2015,51,40-59,CVA16,256,1,Protected,0.1
P0115,1964,2020,56,40-59,EV-A71,512,1,Protected,0.1
P0115,1964,2020,56,40-59,EV-D68,256,1,Protected,0.1
P0115,1964,2020,56,40-59,CVA6,256,1,Protected,0.1
P0115,1964,2020,56,40-59,CVA16,256,1,Protected,0.1
P0115,1964,2025,61,60+,EV-A71,512,1,Protected,0.1
P0115,1964,2025,61,60+,EV-D68,256,1,Protected,0.1
P0115,1964,2025,61,60+,CVA6,256,1,Protected,0.1
P0115,1964,2025,61,60+,CVA16,256,1,Protected,0.1
P0116,2018,2020,2,0-4,EV-A71,128,1,Protected,0.1
P0116,2018,2020,2,0-4,EV-D68,128,1,Protected,0.1
P0116,2018,2020,2,0-4,CVA6,64,1,Protected,0.1
P0116,2018,2020,2,0-4,CVA16,128,1,Protected,0.1
P0116,2018,2025,7,5-9,EV-A71,64,1,Protected,0.1
P0116,2018,2025,7,5-9,EV-D68,64,1,Protected,0.1
P0116,2018,2025,7,5-9,CVA6,128,1,Protected,0.1
P0116,2018,2025,7,5-9,CVA16,64,1,Protected,0.1
P0117,1984,2005,21,20-39,EV-A71,256,1,Protected,0.1
P0117,1984,2005,21,20-39,EV-D68,256,1,Protected,0.1
P0117,1984,2005,21,20-39,CVA6,256,1,Protected,0.1
P0117,1984,2005,21,20-39,CVA16,128,1,Protected,0.1
P0117,1984,2010,26,20-39,EV-A71,512,1,Protected,0.1
P0117,1984,2010,26,20-39,EV-D68,128,1,Protected,0.1
P0117,1984,2010,26,20-39,CVA6,256,1,Protected,0.1
P0117,1984,2010,26,20-39,CVA16,64,1,Protected,0.1
P0117,1984,2015,31,20-39,EV-A71,256,1,Protected,0.1
P0117,1984,2015,31,20-39,EV-D68,512,1,Protected,0.1
P0117,1984,2015,31,20-39,CVA6,256,1,Protected,0.1
P0117,1984,2015,31,20-39,CVA16,128,1,Protected,0.1
P0117,1984,2020,36,20-39,EV-A71,512,1,Protected,0.1
P0117,1984,2020,36,20-39,EV-D68,256,1,Protected,0.1
P0117,1984,2020,36,20-39,CVA6,256,1,Protected,0.1
P0117,1984,2020,36,20-39,CVA16,128,1,Protected,0.1
P0117,1984,2025,41,40-59,EV-A71,512,1,Protected,0.1
P0117,1984,2025,41,40-59,EV-D68,512,1,Protected,0.1
P0117,1984,2025,41,40-59,CVA6,512,1,Protected,0.1
P0117,1984,2025,41,40-59,CVA16,512,1,Protected,0.1
P0118,1993,2005,12,10-14,EV-A71,128,1,Protected,0.1
P0118,1993,2005,12,10-14,EV-D68,64,1,Protected,0.1
P0118,1993,2005,12,10-14,CVA6,128,1,Protected,0.1
P0118,1993,2005,12,10-14,CVA16,32,1,Partially protected,0.5
P0118,1993,2010,17,15-19,EV-A71,256,1,Protected,0.1
P0118,1993,2010,17,15-19,EV-D68,128,1,Protected,0.1
P0118,1993,2010,17,15-19,CVA6,256,1,Protected,0.1
P0118,1993,2010,17,15-19,CVA16,64,1,Protected,0.1
P0118,1993,2015,22,20-39,EV-A71,512,1,Protected,0.1
P0118,1993,2015,22,20-39,EV-D68,128,1,Protected,0.1
P0118,1993,2015,22,20-39,CVA6,512,1,Protected,0.1
P0118,1993,2015,22,20-39,CVA16,128,1,Protected,0.1
P0118,1993,2020,27,20-39,EV-A71,512,1,Protected,0.1
P0118,1993,2020,27,20-39,EV-D68,256,1,Protected,0.1
P0118,1993,2020,27,20-39,CVA6,512,1,Protected,0.1
P0118,1993,2020,27,20-39,CVA16,512,1,Protected,0.1
P0118,1993,2025,32,20-39,EV-A71,512,1,Protected,0.1
P0118,1993,2025,32,20-39,EV-D68,256,1,Protected,0.1
P0118,1993,2025,32,20-39,CVA6,512,1,Protected,0.1
P0118,1993,2025,32,20-39,CVA16,128,1,Protected,0.1
P0119,1964,2005,41,40-59,EV-A71,256,1,Protected,0.1
P0119,1964,2005,41,40-59,EV-D68,128,1,Protected,0.1
P0119,1964,2005,41,40-59,CVA6,256,1,Protected,0.1
P0119,1964,2005,41,40-59,CVA16,64,1,Protected,0.1
P0119,1964,2010,46,40-59,EV-A71,256,1,Protected,0.1
P0119,1964,2010,46,40-59,EV-D68,64,1,Protected,0.1
P0119,1964,2010,46,40-59,CVA6,256,1,Protected,0.1
P0119,1964,2010,46,40-59,CVA16,64,1,Protected,0.1
P0119,1964,2015,51,40-59,EV-A71,512,1,Protected,0.1
P0119,1964,2015,51,40-59,EV-D68,512,1,Protected,0.1
P0119,1964,2015,51,40-59,CVA6,512,1,Protected,0.1
P0119,1964,2015,51,40-59,CVA16,128,1,Protected,0.1
P0119,1964,2020,56,40-59,EV-A71,512,1,Protected,0.1
P0119,1964,2020,56,40-59,EV-D68,256,1,Protected,0.1
P0119,1964,2020,56,40-59,CVA6,256,1,Protected,0.1
P0119,1964,2020,56,40-59,CVA16,128,1,Protected,0.1
P0119,1964,2025,61,60+,EV-A71,512,1,Protected,0.1
P0119,1964,2025,61,60+,EV-D68,128,1,Protected,0.1
P0119,1964,2025,61,60+,CVA6,512,1,Protected,0.1
P0119,1964,2025,61,60+,CVA16,256,1,Protected,0.1
P0120,1987,2005,18,15-19,EV-A71,128,1,Protected,0.1
P0120,1987,2005,18,15-19,EV-D68,128,1,Protected,0.1
P0120,1987,2005,18,15-19,CVA6,256,1,Protected,0.1
P0120,1987,2005,18,15-19,CVA16,64,1,Protected,0.1
P0120,1987,2010,23,20-39,EV-A71,256,1,Protected,0.1
P0120,1987,2010,23,20-39,EV-D68,128,1,Protected,0.1
P0120,1987,2010,23,20-39,CVA6,256,1,Protected,0.1
P0120,1987,2010,23,20-39,CVA16,128,1,Protected,0.1
P0120,1987,2015,28,20-39,EV-A71,256,1,Protected,0.1
P0120,1987,2015,28,20-39,EV-D68,128,1,Protected,0.1
P0120,1987,2015,28,20-39,CVA6,512,1,Protected,0.1
P0120,1987,2015,28,20-39,CVA16,256,1,Protected,0.1
P0120,1987,2020,33,20-39,EV-A71,512,1,Protected,0.1
P0120,1987,2020,33,20-39,EV-D68,512,1,Protected,0.1
P0120,1987,2020,33,20-39,CVA6,256,1,Protected,0.1
P0120,1987,2020,33,20-39,CVA16,256,1,Protected,0.1
P0120,1987,2025,38,20-39,EV-A71,512,1,Protected,0.1
P0120,1987,2025,38,20-39,EV-D68,128,1,Protected,0.1
P0120,1987,2025,38,20-39,CVA6,512,1,Protected,0.1
P0120,1987,2025,38,20-39,CVA16,256,1,Protected,0.1
P0121,2005,2005,0,0-4,EV-A71,128,1,Protected,0.1
P0121,2005,2005,0,0-4,EV-D68,32,1,Partially protected,0.5
P0121,2005,2005,0,0-4,CVA6,32,1,Partially protected,0.5
P0121,2005,2005,0,0-4,CVA16,32,1,Partially protected,0.5
P0121,2005,2010,5,5-9,EV-A71,128,1,Protected,0.1
P0121,2005,2010,5,5-9,EV-D68,32,1,Partially protected,0.5
P0121,2005,2010,5,5-9,CVA6,64,1,Protected,0.1
P0121,2005,2010,5,5-9,CVA16,32,1,Partially protected,0.5
P0121,2005,2015,10,10-14,EV-A71,256,1,Protected,0.1
P0121,2005,2015,10,10-14,EV-D68,64,1,Protected,0.1
P0121,2005,2015,10,10-14,CVA6,512,1,Protected,0.1
P0121,2005,2015,10,10-14,CVA16,64,1,Protected,0.1
P0121,2005,2020,15,15-19,EV-A71,256,1,Protected,0.1
P0121,2005,2020,15,15-19,EV-D68,256,1,Protected,0.1
P0121,2005,2020,15,15-19,CVA6,128,1,Protected,0.1
P0121,2005,2020,15,15-19,CVA16,64,1,Protected,0.1
P0121,2005,2025,20,20-39,EV-A71,256,1,Protected,0.1
P0121,2005,2025,20,20-39,EV-D68,256,1,Protected,0.1
P0121,2005,2025,20,20-39,CVA6,256,1,Protected,0.1
P0121,2005,2025,20,20-39,CVA16,256,1,Protected,0.1
P0122,1970,2005,35,20-39,EV-A71,256,1,Protected,0.1
P0122,1970,2005,35,20-39,EV-D68,128,1,Protected,0.1
P0122,1970,2005,35,20-39,CVA6,256,1,Protected,0.1
P0122,1970,2005,35,20-39,CVA16,128,1,Protected,0.1
P0122,1970,2010,40,40-59,EV-A71,128,1,Protected,0.1
P0122,1970,2010,40,40-59,EV-D68,256,1,Protected,0.1
P0122,1970,2010,40,40-59,CVA6,256,1,Protected,0.1
P0122,1970,2010,40,40-59,CVA16,128,1,Protected,0.1
P0122,1970,2015,45,40-59,EV-A71,512,1,Protected,0.1
P0122,1970,2015,45,40-59,EV-D68,256,1,Protected,0.1
P0122,1970,2015,45,40-59,CVA6,512,1,Protected,0.1
P0122,1970,2015,45,40-59,CVA16,256,1,Protected,0.1
P0122,1970,2020,50,40-59,EV-A71,512,1,Protected,0.1
P0122,1970,2020,50,40-59,EV-D68,128,1,Protected,0.1
P0122,1970,2020,50,40-59,CVA6,512,1,Protected,0.1
P0122,1970,2020,50,40-59,CVA16,256,1,Protected,0.1
P0122,1970,2025,55,40-59,EV-A71,256,1,Protected,0.1
P0122,1970,2025,55,40-59,EV-D68,512,1,Protected,0.1
P0122,1970,2025,55,40-59,CVA6,256,1,Protected,0.1
P0122,1970,2025,55,40-59,CVA16,256,1,Protected,0.1
P0123,2008,2010,2,0-4,EV-A71,64,1,Protected,0.1
P0123,2008,2010,2,0-4,EV-D68,64,1,Protected,0.1
P0123,2008,2010,2,0-4,CVA6,32,1,Partially protected,0.5
P0123,2008,2010,2,0-4,CVA16,32,1,Partially protected,0.5
P0123,2008,2015,7,5-9,EV-A71,64,1,Protected,0.1
P0123,2008,2015,7,5-9,EV-D68,64,1,Protected,0.1
P0123,2008,2015,7,5-9,CVA6,128,1,Protected,0.1
P0123,2008,2015,7,5-9,CVA16,64,1,Protected,0.1
P0123,2008,2020,12,10-14,EV-A71,256,1,Protected,0.1
P0123,2008,2020,12,10-14,EV-D68,64,1,Protected,0.1
P0123,2008,2020,12,10-14,CVA6,512,1,Protected,0.1
P0123,2008,2020,12,10-14,CVA16,128,1,Protected,0.1
P0123,2008,2025,17,15-19,EV-A71,128,1,Protected,0.1
P0123,2008,2025,17,15-19,EV-D68,128,1,Protected,0.1
P0123,2008,2025,17,15-19,CVA6,256,1,Protected,0.1
P0123,2008,2025,17,15-19,CVA16,128,1,Protected,0.1
P0124,1950,2005,55,40-59,EV-A71,512,1,Protected,0.1
P0124,1950,2005,55,40-59,EV-D68,128,1,Protected,0.1
P0124,1950,2005,55,40-59,CVA6,512,1,Protected,0.1
P0124,1950,2005,55,40-59,CVA16,128,1,Protected,0.1
P0124,1950,2010,60,60+,EV-A71,256,1,Protected,0.1
P0124,1950,2010,60,60+,EV-D68,128,1,Protected,0.1
P0124,1950,2010,60,60+,CVA6,512,1,Protected,0.1
P0124,1950,2010,60,60+,CVA16,128,1,Protected,0.1
P0124,1950,2015,65,60+,EV-A71,512,1,Protected,0.1
P0124,1950,2015,65,60+,EV-D68,512,1,Protected,0.1
P0124,1950,2015,65,60+,CVA6,512,1,Protected,0.1
P0124,1950,2015,65,60+,CVA16,256,1,Protected,0.1
P0124,1950,2020,70,60+,EV-A71,256,1,Protected,0.1
P0124,1950,2020,70,60+,EV-D68,256,1,Protected,0.1
P0124,1950,2020,70,60+,CVA6,256,1,Protected,0.1
P0124,1950,2020,70,60+,CVA16,256,1,Protected,0.1
P0124,1950,2025,75,60+,EV-A71,512,1,Protected,0.1
P0124,1950,2025,75,60+,EV-D68,256,1,Protected,0.1
P0124,1950,2025,75,60+,CVA6,256,1,Protected,0.1
P0124,1950,2025,75,60+,CVA16,256,1,Protected,0.1
P0125,1983,2005,22,20-39,EV-A71,128,1,Protected,0.1
P0125,1983,2005,22,20-39,EV-D68,128,1,Protected,0.1
P0125,1983,2005,22,20-39,CVA6,256,1,Protected,0.1
P0125,1983,2005,22,20-39,CVA16,64,1,Protected,0.1
P0125,1983,2010,27,20-39,EV-A71,256,1,Protected,0.1
P0125,1983,2010,27,20-39,EV-D68,256,1,Protected,0.1
P0125,1983,2010,27,20-39,CVA6,256,1,Protected,0.1
P0125,1983,2010,27,20-39,CVA16,128,1,Protected,0.1
P0125,1983,2015,32,20-39,EV-A71,512,1,Protected,0.1
P0125,1983,2015,32,20-39,EV-D68,128,1,Protected,0.1
P0125,1983,2015,32,20-39,CVA6,512,1,Protected,0.1
P0125,1983,2015,32,20-39,CVA16,256,1,Protected,0.1
P0125,1983,2020,37,20-39,EV-A71,256,1,Protected,0.1
P0125,1983,2020,37,20-39,EV-D68,128,1,Protected,0.1
P0125,1983,2020,37,20-39,CVA6,512,1,Protected,0.1
P0125,1983,2020,37,20-39,CVA16,512,1,Protected,0.1
P0125,1983,2025,42,40-59,EV-A71,512,1,Protected,0.1
P0125,1983,2025,42,40-59,EV-D68,256,1,Protected,0.1
P0125,1983,2025,42,40-59,CVA6,512,1,Protected,0.1
P0125,1983,2025,42,40-59,CVA16,128,1,Protected,0.1
P0126,2014,2015,1,0-4,EV-A71,256,1,Protected,0.1
P0126,2014,2015,1,0-4,EV-D68,32,1,Partially protected,0.5
P0126,2014,2015,1,0-4,CVA6,256,1,Protected,0.1
P0126,2014,2015,1,0-4,CVA16,64,1,Protected,0.1
P0126,2014,2020,6,5-9,EV-A71,128,1,Protected,0.1
P0126,2014,2020,6,5-9,EV-D68,32,1,Partially protected,0.5
P0126,2014,2020,6,5-9,CVA6,256,1,Protected,0.1
P0126,2014,2020,6,5-9,CVA16,128,1,Protected,0.1
P0126,2014,2025,11,10-14,EV-A71,128,1,Protected,0.1
P0126,2014,2025,11,10-14,EV-D68,128,1,Protected,0.1
P0126,2014,2025,11,10-14,CVA6,256,1,Protected,0.1
P0126,2014,2025,11,10-14,CVA16,128,1,Protected,0.1
P0127,1972,2005,33,20-39,EV-A71,256,1,Protected,0.1
P0127,1972,2005,33,20-39,EV-D68,128,1,Protected,0.1
P0127,1972,2005,33,20-39,CVA6,256,1,Protected,0.1
P0127,1972,2005,33,20-39,CVA16,128,1,Protected,0.1
P0127,1972,2010,38,20-39,EV-A71,256,1,Protected,0.1
P0127,1972,2010,38,20-39,EV-D68,128,1,Protected,0.1
P0127,1972,2010,38,20-39,CVA6,256,1,Protected,0.1
P0127,1972,2010,38,20-39,CVA16,128,1,Protected,0.1
P0127,1972,2015,43,40-59,EV-A71,512,1,Protected,0.1
P0127,1972,2015,43,40-59,EV-D68,128,1,Protected,0.1
P0127,1972,2015,43,40-59,CVA6,512,1,Protected,0.1
P0127,1972,2015,43,40-59,CVA16,256,1,Protected,0.1
P0127,1972,2020,48,40-59,EV-A71,512,1,Protected,0.1
P0127,1972,2020,48,40-59,EV-D68,128,1,Protected,0.1
P0127,1972,2020,48,40-59,CVA6,512,1,Protected,0.1
P0127,1972,2020,48,40-59,CVA16,128,1,Protected,0.1
P0127,1972,2025,53,40-59,EV-A71,512,1,Protected,0.1
P0127,1972,2025,53,40-59,EV-D68,256,1,Protected,0.1
P0127,1972,2025,53,40-59,CVA6,512,1,Protected,0.1
P0127,1972,2025,53,40-59,CVA16,256,1,Protected,0.1
P0128,2014,2015,1,0-4,EV-A71,128,1,Protected,0.1
P0128,2014,2015,1,0-4,EV-D68,32,1,Partially protected,0.5
P0128,2014,2015,1,0-4,CVA6,256,1,Protected,0.1
P0128,2014,2015,1,0-4,CVA16,64,1,Protected,0.1
P0128,2014,2020,6,5-9,EV-A71,128,1,Protected,0.1
P0128,2014,2020,6,5-9,EV-D68,64,1,Protected,0.1
P0128,2014,2020,6,5-9,CVA6,128,1,Protected,0.1
P0128,2014,2020,6,5-9,CVA16,64,1,Protected,0.1
P0128,2014,2025,11,10-14,EV-A71,256,1,Protected,0.1
P0128,2014,2025,11,10-14,EV-D68,64,1,Protected,0.1
P0128,2014,2025,11,10-14,CVA6,128,1,Protected,0.1
P0128,2014,2025,11,10-14,CVA16,128,1,Protected,0.1
P0129,1963,2005,42,40-59,EV-A71,256,1,Protected,0.1
P0129,1963,2005,42,40-59,EV-D68,256,1,Protected,0.1
P0129,1963,2005,42,40-59,CVA6,128,1,Protected,0.1
P0129,1963,2005,42,40-59,CVA16,128,1,Protected,0.1
P0129,1963,2010,47,40-59,EV-A71,256,1,Protected,0.1
P0129,1963,2010,47,40-59,EV-D68,128,1,Protected,0.1
P0129,1963,2010,47,40-59,CVA6,128,1,Protected,0.1
P0129,1963,2010,47,40-59,CVA16,128,1,Protected,0.1
P0129,1963,2015,52,40-59,EV-A71,512,1,Protected,0.1
P0129,1963,2015,52,40-59,EV-D68,256,1,Protected,0.1
P0129,1963,2015,52,40-59,CVA6,512,1,Protected,0.1
P0129,1963,2015,52,40-59,CVA16,128,1,Protected,0.1
P0129,1963,2020,57,40-59,EV-A71,512,1,Protected,0.1
P0129,1963,2020,57,40-59,EV-D68,256,1,Protected,0.1
P0129,1963,2020,57,40-59,CVA6,512,1,Protected,0.1
P0129,1963,2020,57,40-59,CVA16,128,1,Protected,0.1
P0129,1963,2025,62,60+,EV-A71,512,1,Protected,0.1
P0129,1963,2025,62,60+,EV-D68,256,1,Protected,0.1
P0129,1963,2025,62,60+,CVA6,512,1,Protected,0.1
P0129,1963,2025,62,60+,CVA16,512,1,Protected,0.1
P0130,1988,2005,17,15-19,EV-A71,128,1,Protected,0.1
P0130,1988,2005,17,15-19,EV-D68,32,1,Partially protected,0.5
P0130,1988,2005,17,15-19,CVA6,128,1,Protected,0.1
P0130,1988,2005,17,15-19,CVA16,32,1,Partially protected,0.5
P0130,1988,2010,22,20-39,EV-A71,256,1,Protected,0.1
P0130,1988,2010,22,20-39,EV-D68,64,1,Protected,0.1
P0130,1988,2010,22,20-39,CVA6,128,1,Protected,0.1
P0130,1988,2010,22,20-39,CVA16,64,1,Protected,0.1
P0130,1988,2015,27,20-39,EV-A71,512,1,Protected,0.1
P0130,1988,2015,27,20-39,EV-D68,256,1,Protected,0.1
P0130,1988,2015,27,20-39,CVA6,512,1,Protected,0.1
P0130,1988,2015,27,20-39,CVA16,256,1,Protected,0.1
P0130,1988,2020,32,20-39,EV-A71,512,1,Protected,0.1
P0130,1988,2020,32,20-39,EV-D68,128,1,Protected,0.1
P0130,1988,2020,32,20-39,CVA6,512,1,Protected,0.1
P0130,1988,2020,32,20-39,CVA16,512,1,Protected,0.1
P0130,1988,2025,37,20-39,EV-A71,512,1,Protected,0.1
P0130,1988,2025,37,20-39,EV-D68,128,1,Protected,0.1
P0130,1988,2025,37,20-39,CVA6,256,1,Protected,0.1
P0130,1988,2025,37,20-39,CVA16,128,1,Protected,0.1
P0131,2014,2015,1,0-4,EV-A71,128,1,Protected,0.1
P0131,2014,2015,1,0-4,EV-D68,64,1,Protected,0.1
P0131,2014,2015,1,0-4,CVA6,128,1,Protected,0.1
P0131,2014,2015,1,0-4,CVA16,32,1,Partially protected,0.5
P0131,2014,2020,6,5-9,EV-A71,128,1,Protected,0.1
P0131,2014,2020,6,5-9,EV-D68,32,1,Partially protected,0.5
P0131,2014,2020,6,5-9,CVA6,64,1,Protected,0.1
P0131,2014,2020,6,5-9,CVA16,64,1,Protected,0.1
P0131,2014,2025,11,10-14,EV-A71,128,1,Protected,0.1
P0131,2014,2025,11,10-14,EV-D68,128,1,Protected,0.1
P0131,2014,2025,11,10-14,CVA6,512,1,Protected,0.1
P0131,2014,2025,11,10-14,CVA16,128,1,Protected,0.1
P0132,1975,2005,30,20-39,EV-A71,256,1,Protected,0.1
P0132,1975,2005,30,20-39,EV-D68,128,1,Protected,0.1
P0132,1975,2005,30,20-39,CVA6,128,1,Protected,0.1
P0132,1975,2005,30,20-39,CVA16,128,1,Protected,0.1
P0132,1975,2010,35,20-39,EV-A71,256,1,Protected,0.1
P0132,1975,2010,35,20-39,EV-D68,128,1,Protected,0.1
P0132,1975,2010,35,20-39,CVA6,256,1,Protected,0.1
P0132,1975,2010,35,20-39,CVA16,128,1,Protected,0.1
P0132,1975,2015,40,40-59,EV-A71,512,1,Protected,0.1
P0132,1975,2015,40,40-59,EV-D68,256,1,Protected,0.1
P0132,1975,2015,40,40-59,CVA6,512,1,Protected,0.1
P0132,1975,2015,40,40-59,CVA16,256,1,Protected,0.1
P0132,1975,2020,45,40-59,EV-A71,512,1,Protected,0.1
P0132,1975,2020,45,40-59,EV-D68,128,1,Protected,0.1
P0132,1975,2020,45,40-59,CVA6,512,1,Protected,0.1
P0132,1975,2020,45,40-59,CVA16,512,1,Protected,0.1
P0132,1975,2025,50,40-59,EV-A71,512,1,Protected,0.1
P0132,1975,2025,50,40-59,EV-D68,256,1,Protected,0.1
P0132,1975,2025,50,40-59,CVA6,512,1,Protected,0.1
P0132,1975,2025,50,40-59,CVA16,256,1,Protected,0.1
P0133,1969,2005,36,20-39,EV-A71,256,1,Protected,0.1
P0133,1969,2005,36,20-39,EV-D68,256,1,Protected,0.1
P0133,1969,2005,36,20-39,CVA6,256,1,Protected,0.1
P0133,1969,2005,36,20-39,CVA16,64,1,Protected,0.1
P0133,1969,2010,41,40-59,EV-A71,128,1,Protected,0.1
P0133,1969,2010,41,40-59,EV-D68,128,1,Protected,0.1
P0133,1969,2010,41,40-59,CVA6,256,1,Protected,0.1
P0133,1969,2010,41,40-59,CVA16,128,1,Protected,0.1
P0133,1969,2015,46,40-59,EV-A71,512,1,Protected,0.1
P0133,1969,2015,46,40-59,EV-D68,256,1,Protected,0.1
P0133,1969,2015,46,40-59,CVA6,512,1,Protected,0.1
P0133,1969,2015,46,40-59,CVA16,256,1,Protected,0.1
P0133,1969,2020,51,40-59,EV-A71,512,1,Protected,0.1
P0133,1969,2020,51,40-59,EV-D68,128,1,Protected,0.1
P0133,1969,2020,51,40-59,CVA6,512,1,Protected,0.1
P0133,1969,2020,51,40-59,CVA16,256,1,Protected,0.1
P0133,1969,2025,56,40-59,EV-A71,512,1,Protected,0.1
P0133,1969,2025,56,40-59,EV-D68,512,1,Protected,0.1
P0133,1969,2025,56,40-59,CVA6,512,1,Protected,0.1
P0133,1969,2025,56,40-59,CVA16,256,1,Protected,0.1
P0134,1997,2005,8,5-9,EV-A71,128,1,Protected,0.1
P0134,1997,2005,8,5-9,EV-D68,64,1,Protected,0.1
P0134,1997,2005,8,5-9,CVA6,64,1,Protected,0.1
P0134,1997,2005,8,5-9,CVA16,32,1,Partially protected,0.5
P0134,1997,2010,13,10-14,EV-A71,128,1,Protected,0.1
P0134,1997,2010,13,10-14,EV-D68,64,1,Protected,0.1
P0134,1997,2010,13,10-14,CVA6,64,1,Protected,0.1
P0134,1997,2010,13,10-14,CVA16,64,1,Protected,0.1
P0134,1997,2015,18,15-19,EV-A71,512,1,Protected,0.1
P0134,1997,2015,18,15-19,EV-D68,128,1,Protected,0.1
P0134,1997,2015,18,15-19,CVA6,128,1,Protected,0.1
P0134,1997,2015,18,15-19,CVA16,128,1,Protected,0.1
P0134,1997,2020,23,20-39,EV-A71,256,1,Protected,0.1
P0134,1997,2020,23,20-39,EV-D68,256,1,Protected,0.1
P0134,1997,2020,23,20-39,CVA6,512,1,Protected,0.1
P0134,1997,2020,23,20-39,CVA16,256,1,Protected,0.1
P0134,1997,2025,28,20-39,EV-A71,512,1,Protected,0.1
P0134,1997,2025,28,20-39,EV-D68,256,1,Protected,0.1
P0134,1997,2025,28,20-39,CVA6,512,1,Protected,0.1
P0134,1997,2025,28,20-39,CVA16,128,1,Protected,0.1
P0135,1970,2005,35,20-39,EV-A71,256,1,Protected,0.1
P0135,1970,2005,35,20-39,EV-D68,128,1,Protected,0.1
P0135,1970,2005,35,20-39,CVA6,256,1,Protected,0.1
P0135,1970,2005,35,20-39,CVA16,256,1,Protected,0.1
P0135,1970,2010,40,40-59,EV-A71,128,1,Protected,0.1
P0135,1970,2010,40,40-59,EV-D68,128,1,Protected,0.1
P0135,1970,2010,40,40-59,CVA6,512,1,Protected,0.1
P0135,1970,2010,40,40-59,CVA16,128,1,Protected,0.1
P0135,1970,2015,45,40-59,EV-A71,512,1,Protected,0.1
P0135,1970,2015,45,40-59,EV-D68,256,1,Protected,0.1
P0135,1970,2015,45,40-59,CVA6,512,1,Protected,0.1
P0135,1970,2015,45,40-59,CVA16,256,1,Protected,0.1
P0135,1970,2020,50,40-59,EV-A71,512,1,Protected,0.1
P0135,1970,2020,50,40-59,EV-D68,256,1,Protected,0.1
P0135,1970,2020,50,40-59,CVA6,512,1,Protected,0.1
P0135,1970,2020,50,40-59,CVA16,512,1,Protected,0.1
P0135,1970,2025,55,40-59,EV-A71,256,1,Protected,0.1
P0135,1970,2025,55,40-59,EV-D68,256,1,Protected,0.1
P0135,1970,2025,55,40-59,CVA6,512,1,Protected,0.1
P0135,1970,2025,55,40-59,CVA16,512,1,Protected,0.1
P0136,2019,2020,1,0-4,EV-A71,128,1,Protected,0.1
P0136,2019,2020,1,0-4,EV-D68,128,1,Protected,0.1
P0136,2019,2020,1,0-4,CVA6,128,1,Protected,0.1
P0136,2019,2020,1,0-4,CVA16,64,1,Protected,0.1
P0136,2019,2025,6,5-9,EV-A71,256,1,Protected,0.1
P0136,2019,2025,6,5-9,EV-D68,64,1,Protected,0.1
P0136,2019,2025,6,5-9,CVA6,128,1,Protected,0.1
P0136,2019,2025,6,5-9,CVA16,64,1,Protected,0.1
P0137,2017,2020,3,0-4,EV-A71,64,1,Protected,0.1
P0137,2017,2020,3,0-4,EV-D68,32,1,Partially protected,0.5
P0137,2017,2020,3,0-4,CVA6,64,1,Protected,0.1
P0137,2017,2020,3,0-4,CVA16,64,1,Protected,0.1
P0137,2017,2025,8,5-9,EV-A71,256,1,Protected,0.1
P0137,2017,2025,8,5-9,EV-D68,64,1,Protected,0.1
P0137,2017,2025,8,5-9,CVA6,64,1,Protected,0.1
P0137,2017,2025,8,5-9,CVA16,128,1,Protected,0.1
P0138,1950,2005,55,40-59,EV-A71,256,1,Protected,0.1
P0138,1950,2005,55,40-59,EV-D68,64,1,Protected,0.1
P0138,1950,2005,55,40-59,CVA6,256,1,Protected,0.1
P0138,1950,2005,55,40-59,CVA16,256,1,Protected,0.1
P0138,1950,2010,60,60+,EV-A71,256,1,Protected,0.1
P0138,1950,2010,60,60+,EV-D68,128,1,Protected,0.1
P0138,1950,2010,60,60+,CVA6,256,1,Protected,0.1
P0138,1950,2010,60,60+,CVA16,128,1,Protected,0.1
P0138,1950,2015,65,60+,EV-A71,512,1,Protected,0.1
P0138,1950,2015,65,60+,EV-D68,128,1,Protected,0.1
P0138,1950,2015,65,60+,CVA6,256,1,Protected,0.1
P0138,1950,2015,65,60+,CVA16,256,1,Protected,0.1
P0138,1950,2020,70,60+,EV-A71,512,1,Protected,0.1
P0138,1950,2020,70,60+,EV-D68,256,1,Protected,0.1
P0138,1950,2020,70,60+,CVA6,256,1,Protected,0.1
P0138,1950,2020,70,60+,CVA16,512,1,Protected,0.1
P0138,1950,2025,75,60+,EV-A71,512,1,Protected,0.1
P0138,1950,2025,75,60+,EV-D68,128,1,Protected,0.1
P0138,1950,2025,75,60+,CVA6,512,1,Protected,0.1
P0138,1950,2025,75,60+,CVA16,256,1,Protected,0.1
P0139,1991,2005,14,10-14,EV-A71,256,1,Protected,0.1
P0139,1991,2005,14,10-14,EV-D68,32,1,Partially protected,0.5
P0139,1991,2005,14,10-14,CVA6,128,1,Protected,0.1
P0139,1991,2005,14,10-14,CVA16,64,1,Protected,0.1
P0139,1991,2010,19,15-19,EV-A71,128,1,Protected,0.1
P0139,1991,2010,19,15-19,EV-D68,64,1,Protected,0.1
P0139,1991,2010,19,15-19,CVA6,128,1,Protected,0.1
P0139,1991,2010,19,15-19,CVA16,64,1,Protected,0.1
P0139,1991,2015,24,20-39,EV-A71,512,1,Protected,0.1
P0139,1991,2015,24,20-39,EV-D68,256,1,Protected,0.1
P0139,1991,2015,24,20-39,CVA6,512,1,Protected,0.1
P0139,1991,2015,24,20-39,CVA16,512,1,Protected,0.1
P0139,1991,2020,29,20-39,EV-A71,512,1,Protected,0.1
P0139,1991,2020,29,20-39,EV-D68,256,1,Protected,0.1
P0139,1991,2020,29,20-39,CVA6,512,1,Protected,0.1
P0139,1991,2020,29,20-39,CVA16,512,1,Protected,0.1
P0139,1991,2025,34,20-39,EV-A71,512,1,Protected,0.1
P0139,1991,2025,34,20-39,EV-D68,256,1,Protected,0.1
P0139,1991,2025,34,20-39,CVA6,512,1,Protected,0.1
P0139,1991,2025,34,20-39,CVA16,256,1,Protected,0.1
P0140,2012,2015,3,0-4,EV-A71,128,1,Protected,0.1
P0140,2012,2015,3,0-4,EV-D68,64,1,Protected,0.1
P0140,2012,2015,3,0-4,CVA6,64,1,Protected,0.1
P0140,2012,2015,3,0-4,CVA16,128,1,Protected,0.1
P0140,2012,2020,8,5-9,EV-A71,128,1,Protected,0.1
P0140,2012,2020,8,5-9,EV-D68,128,1,Protected,0.1
P0140,2012,2020,8,5-9,CVA6,64,1,Protected,0.1
P0140,2012,2020,8,5-9,CVA16,64,1,Protected,0.1
P0140,2012,2025,13,10-14,EV-A71,512,1,Protected,0.1
P0140,2012,2025,13,10-14,EV-D68,128,1,Protected,0.1
P0140,2012,2025,13,10-14,CVA6,512,1,Protected,0.1
P0140,2012,2025,13,10-14,CVA16,128,1,Protected,0.1
P0141,1952,2005,53,40-59,EV-A71,512,1,Protected,0.1
P0141,1952,2005,53,40-59,EV-D68,64,1,Protected,0.1
P0141,1952,2005,53,40-59,CVA6,256,1,Protected,0.1
P0141,1952,2005,53,40-59,CVA16,128,1,Protected,0.1
P0141,1952,2010,58,40-59,EV-A71,256,1,Protected,0.1
P0141,1952,2010,58,40-59,EV-D68,64,1,Protected,0.1
P0141,1952,2010,58,40-59,CVA6,256,1,Protected,0.1
P0141,1952,2010,58,40-59,CVA16,128,1,Protected,0.1
P0141,1952,2015,63,60+,EV-A71,512,1,Protected,0.1
P0141,1952,2015,63,60+,EV-D68,256,1,Protected,0.1
P0141,1952,2015,63,60+,CVA6,256,1,Protected,0.1
P0141,1952,2015,63,60+,CVA16,256,1,Protected,0.1
P0141,1952,2020,68,60+,EV-A71,512,1,Protected,0.1
P0141,1952,2020,68,60+,EV-D68,128,1,Protected,0.1
P0141,1952,2020,68,60+,CVA6,512,1,Protected,0.1
P0141,1952,2020,68,60+,CVA16,256,1,Protected,0.1
P0141,1952,2025,73,60+,EV-A71,512,1,Protected,0.1
P0141,1952,2025,73,60+,EV-D68,128,1,Protected,0.1
P0141,1952,2025,73,60+,CVA6,512,1,Protected,0.1
P0141,1952,2025,73,60+,CVA16,256,1,Protected,0.1
P0142,1964,2005,41,40-59,EV-A71,128,1,Protected,0.1
P0142,1964,2005,41,40-59,EV-D68,64,1,Protected,0.1
P0142,1964,2005,41,40-59,CVA6,128,1,Protected,0.1
P0142,1964,2005,41,40-59,CVA16,128,1,Protected,0.1
P0142,1964,2010,46,40-59,EV-A71,256,1,Protected,0.1
P0142,1964,2010,46,40-59,EV-D68,128,1,Protected,0.1
P0142,1964,2010,46,40-59,CVA6,256,1,Protected,0.1
P0142,1964,2010,46,40-59,CVA16,128,1,Protected,0.1
P0142,1964,2015,51,40-59,EV-A71,512,1,Protected,0.1
P0142,1964,2015,51,40-59,EV-D68,256,1,Protected,0.1
P0142,1964,2015,51,40-59,CVA6,512,1,Protected,0.1
P0142,1964,2015,51,40-59,CVA16,512,1,Protected,0.1
P0142,1964,2020,56,40-59,EV-A71,512,1,Protected,0.1
P0142,1964,2020,56,40-59,EV-D68,128,1,Protected,0.1
P0142,1964,2020,56,40-59,CVA6,512,1,Protected,0.1
P0142,1964,2020,56,40-59,CVA16,512,1,Protected,0.1
P0142,1964,2025,61,60+,EV-A71,512,1,Protected,0.1
P0142,1964,2025,61,60+,EV-D68,256,1,Protected,0.1
P0142,1964,2025,61,60+,CVA6,512,1,Protected,0.1
P0142,1964,2025,61,60+,CVA16,128,1,Protected,0.1
P0143,1996,2005,9,5-9,EV-A71,32,1,Partially protected,0.5
P0143,1996,2005,9,5-9,EV-D68,32,1,Partially protected,0.5
P0143,1996,2005,9,5-9,CVA6,32,1,Partially protected,0.5
P0143,1996,2005,9,5-9,CVA16,32,1,Partially protected,0.5
P0143,1996,2010,14,10-14,EV-A71,128,1,Protected,0.1
P0143,1996,2010,14,10-14,EV-D68,32,1,Partially protected,0.5
P0143,1996,2010,14,10-14,CVA6,64,1,Protected,0.1
P0143,1996,2010,14,10-14,CVA16,64,1,Protected,0.1
P0143,1996,2015,19,15-19,EV-A71,256,1,Protected,0.1
P0143,1996,2015,19,15-19,EV-D68,128,1,Protected,0.1
P0143,1996,2015,19,15-19,CVA6,256,1,Protected,0.1
P0143,1996,2015,19,15-19,CVA16,64,1,Protected,0.1
P0143,1996,2020,24,20-39,EV-A71,512,1,Protected,0.1
P0143,1996,2020,24,20-39,EV-D68,128,1,Protected,0.1
P0143,1996,2020,24,20-39,CVA6,512,1,Protected,0.1
P0143,1996,2020,24,20-39,CVA16,512,1,Protected,0.1
P0143,1996,2025,29,20-39,EV-A71,512,1,Protected,0.1
P0143,1996,2025,29,20-39,EV-D68,256,1,Protected,0.1
P0143,1996,2025,29,20-39,CVA6,256,1,Protected,0.1
P0143,1996,2025,29,20-39,CVA16,256,1,Protected,0.1
P0144,1989,2005,16,15-19,EV-A71,128,1,Protected,0.1
P0144,1989,2005,16,15-19,EV-D68,128,1,Protected,0.1
P0144,1989,2005,16,15-19,CVA6,128,1,Protected,0.1
P0144,1989,2005,16,15-19,CVA16,64,1,Protected,0.1
P0144,1989,2010,21,20-39,EV-A71,128,1,Protected,0.1
P0144,1989,2010,21,20-39,EV-D68,64,1,Protected,0.1
P0144,1989,2010,21,20-39,CVA6,256,1,Protected,0.1
P0144,1989,2010,21,20-39,CVA16,128,1,Protected,0.1
P0144,1989,2015,26,20-39,EV-A71,512,1,Protected,0.1
P0144,1989,2015,26,20-39,EV-D68,256,1,Protected,0.1
P0144,1989,2015,26,20-39,CVA6,512,1,Protected,0.1
P0144,1989,2015,26,20-39,CVA16,512,1,Protected,0.1
P0144,1989,2020,31,20-39,EV-A71,512,1,Protected,0.1
P0144,1989,2020,31,20-39,EV-D68,256,1,Protected,0.1
P0144,1989,2020,31,20-39,CVA6,512,1,Protected,0.1
P0144,1989,2020,31,20-39,CVA16,256,1,Protected,0.1
P0144,1989,2025,36,20-39,EV-A71,256,1,Protected,0.1
P0144,1989,2025,36,20-39,EV-D68,128,1,Protected,0.1
P0144,1989,2025,36,20-39,CVA6,512,1,Protected,0.1
P0144,1989,2025,36,20-39,CVA16,512,1,Protected,0.1
P0145,1980,2005,25,20-39,EV-A71,512,1,Protected,0.1
P0145,1980,2005,25,20-39,EV-D68,128,1,Protected,0.1
P0145,1980,2005,25,20-39,CVA6,256,1,Protected,0.1
P0145,1980,2005,25,20-39,CVA16,64,1,Protected,0.1
P0145,1980,2010,30,20-39,EV-A71,256,1,Protected,0.1
P0145,1980,2010,30,20-39,EV-D68,64,1,Protected,0.1
P0145,1980,2010,30,20-39,CVA6,256,1,Protected,0.1
P0145,1980,2010,30,20-39,CVA16,64,1,Protected,0.1
P0145,1980,2015,35,20-39,EV-A71,512,1,Protected,0.1
P0145,1980,2015,35,20-39,EV-D68,512,1,Protected,0.1
P0145,1980,2015,35,20-39,CVA6,512,1,Protected,0.1
P0145,1980,2015,35,20-39,CVA16,256,1,Protected,0.1
P0145,1980,2020,40,40-59,EV-A71,256,1,Protected,0.1
P0145,1980,2020,40,40-59,EV-D68,128,1,Protected,0.1
P0145,1980,2020,40,40-59,CVA6,512,1,Protected,0.1
P0145,1980,2020,40,40-59,CVA16,256,1,Protected,0.1
P0145,1980,2025,45,40-59,EV-A71,512,1,Protected,0.1
P0145,1980,2025,45,40-59,EV-D68,128,1,Protected,0.1
P0145,1980,2025,45,40-59,CVA6,512,1,Protected,0.1
P0145,1980,2025,45,40-59,CVA16,128,1,Protected,0.1
P0146,1957,2005,48,40-59,EV-A71,256,1,Protected,0.1
P0146,1957,2005,48,40-59,EV-D68,128,1,Protected,0.1
P0146,1957,2005,48,40-59,CVA6,256,1,Protected,0.1
P0146,1957,2005,48,40-59,CVA16,128,1,Protected,0.1
P0146,1957,2010,53,40-59,EV-A71,256,1,Protected,0.1
P0146,1957,2010,53,40-59,EV-D68,64,1,Protected,0.1
P0146,1957,2010,53,40-59,CVA6,512,1,Protected,0.1
P0146,1957,2010,53,40-59,CVA16,128,1,Protected,0.1
P0146,1957,2015,58,40-59,EV-A71,512,1,Protected,0.1
P0146,1957,2015,58,40-59,EV-D68,256,1,Protected,0.1
P0146,1957,2015,58,40-59,CVA6,512,1,Protected,0.1
P0146,1957,2015,58,40-59,CVA16,256,1,Protected,0.1
P0146,1957,2020,63,60+,EV-A71,512,1,Protected,0.1
P0146,1957,2020,63,60+,EV-D68,256,1,Protected,0.1
P0146,1957,2020,63,60+,CVA6,256,1,Protected,0.1
P0146,1957,2020,63,60+,CVA16,256,1,Protected,0.1
P0146,1957,2025,68,60+,EV-A71,512,1,Protected,0.1
P0146,1957,2025,68,60+,EV-D68,256,1,Protected,0.1
P0146,1957,2025,68,60+,CVA6,512,1,Protected,0.1
P0146,1957,2025,68,60+,CVA16,256,1,Protected,0.1
P0147,1980,2005,25,20-39,EV-A71,256,1,Protected,0.1
P0147,1980,2005,25,20-39,EV-D68,256,1,Protected,0.1
P0147,1980,2005,25,20-39,CVA6,128,1,Protected,0.1
P0147,1980,2005,25,20-39,CVA16,128,1,Protected,0.1
P0147,1980,2010,30,20-39,EV-A71,128,1,Protected,0.1
P0147,1980,2010,30,20-39,EV-D68,64,1,Protected,0.1
P0147,1980,2010,30,20-39,CVA6,256,1,Protected,0.1
P0147,1980,2010,30,20-39,CVA16,256,1,Protected,0.1
P0147,1980,2015,35,20-39,EV-A71,512,1,Protected,0.1
P0147,1980,2015,35,20-39,EV-D68,512,1,Protected,0.1
P0147,1980,2015,35,20-39,CVA6,512,1,Protected,0.1
P0147,1980,2015,35,20-39,CVA16,512,1,Protected,0.1
P0147,1980,2020,40,40-59,EV-A71,256,1,Protected,0.1
P0147,1980,2020,40,40-59,EV-D68,256,1,Protected,0.1
P0147,1980,2020,40,40-59,CVA6,512,1,Protected,0.1
P0147,1980,2020,40,40-59,CVA16,256,1,Protected,0.1
P0147,1980,2025,45,40-59,EV-A71,512,1,Protected,0.1
P0147,1980,2025,45,40-59,EV-D68,256,1,Protected,0.1
P0147,1980,2025,45,40-59,CVA6,512,1,Protected,0.1
P0147,1980,2025,45,40-59,CVA16,256,1,Protected,0.1
P0148,1960,2005,45,40-59,EV-A71,256,1,Protected,0.1
P0148,1960,2005,45,40-59,EV-D68,128,1,Protected,0.1
P0148,1960,2005,45,40-59,CVA6,128,1,Protected,0.1
P0148,1960,2005,45,40-59,CVA16,128,1,Protected,0.1
P0148,1960,2010,50,40-59,EV-A71,128,1,Protected,0.1
P0148,1960,2010,50,40-59,EV-D68,256,1,Protected,0.1
P0148,1960,2010,50,40-59,CVA6,512,1,Protected,0.1
P0148,1960,2010,50,40-59,CVA16,256,1,Protected,0.1
P0148,1960,2015,55,40-59,EV-A71,512,1,Protected,0.1
P0148,1960,2015,55,40-59,EV-D68,512,1,Protected,0.1
P0148,1960,2015,55,40-59,CVA6,512,1,Protected,0.1
P0148,1960,2015,55,40-59,CVA16,128,1,Protected,0.1
P0148,1960,2020,60,60+,EV-A71,512,1,Protected,0.1
P0148,1960,2020,60,60+,EV-D68,256,1,Protected,0.1
P0148,1960,2020,60,60+,CVA6,512,1,Protected,0.1
P0148,1960,2020,60,60+,CVA16,256,1,Protected,0.1
P0148,1960,2025,65,60+,EV-A71,512,1,Protected,0.1
P0148,1960,2025,65,60+,EV-D68,256,1,Protected,0.1
P0148,1960,2025,65,60+,CVA6,256,1,Protected,0.1
P0148,1960,2025,65,60+,CVA16,256,1,Protected,0.1
P0149,1960,2005,45,40-59,EV-A71,128,1,Protected,0.1
P0149,1960,2005,45,40-59,EV-D68,128,1,Protected,0.1
P0149,1960,2005,45,40-59,CVA6,256,1,Protected,0.1
P0149,1960,2005,45,40-59,CVA16,128,1,Protected,0.1
P0149,1960,2010,50,40-59,EV-A71,512,1,Protected,0.1
P0149,1960,2010,50,40-59,EV-D68,128,1,Protected,0.1
P0149,1960,2010,50,40-59,CVA6,256,1,Protected,0.1
P0149,1960,2010,50,40-59,CVA16,64,1,Protected,0.1
P0149,1960,2015,55,40-59,EV-A71,256,1,Protected,0.1
P0149,1960,2015,55,40-59,EV-D68,256,1,Protected,0.1
P0149,1960,2015,55,40-59,CVA6,512,1,Protected,0.1
P0149,1960,2015,55,40-59,CVA16,256,1,Protected,0.1
P0149,1960,2020,60,60+,EV-A71,512,1,Protected,0.1
P0149,1960,2020,60,60+,EV-D68,256,1,Protected,0.1
P0149,1960,2020,60,60+,CVA6,512,1,Protected,0.1
P0149,1960,2020,60,60+,CVA16,512,1,Protected,0.1
P0149,1960,2025,65,60+,EV-A71,512,1,Protected,0.1
P0149,1960,2025,65,60+,EV-D68,128,1,Protected,0.1
P0149,1960,2025,65,60+,CVA6,512,1,Protected,0.1
P0149,1960,2025,65,60+,CVA16,512,1,Protected,0.1
P0150,2012,2015,3,0-4,EV-A71,256,1,Protected,0.1
P0150,2012,2015,3,0-4,EV-D68,64,1,Protected,0.1
P0150,2012,2015,3,0-4,CVA6,64,1,Protected,0.1
P0150,2012,2015,3,0-4,CVA16,64,1,Protected,0.1
P0150,2012,2020,8,5-9,EV-A71,128,1,Protected,0.1
P0150,2012,2020,8,5-9,EV-D68,64,1,Protected,0.1
P0150,2012,2020,8,5-9,CVA6,256,1,Protected,0.1
P0150,2012,2020,8,5-9,CVA16,128,1,Protected,0.1
P0150,2012,2025,13,10-14,EV-A71,512,1,Protected,0.1
P0150,2012,2025,13,10-14,EV-D68,64,1,Protected,0.1
P0150,2012,2025,13,10-14,CVA6,128,1,Protected,0.1
P0150,2012,2025,13,10-14,CVA16,256,1,Protected,0.1
P0151,1958,2005,47,40-59,EV-A71,128,1,Protected,0.1
P0151,1958,2005,47,40-59,EV-D68,128,1,Protected,0.1
P0151,1958,2005,47,40-59,CVA6,512,1,Protected,0.1
P0151,1958,2005,47,40-59,CVA16,128,1,Protected,0.1
P0151,1958,2010,52,40-59,EV-A71,256,1,Protected,0.1
P0151,1958,2010,52,40-59,EV-D68,128,1,Protected,0.1
P0151,1958,2010,52,40-59,CVA6,256,1,Protected,0.1
P0151,1958,2010,52,40-59,CVA16,128,1,Protected,0.1
P0151,1958,2015,57,40-59,EV-A71,512,1,Protected,0.1
P0151,1958,2015,57,40-59,EV-D68,512,1,Protected,0.1
P0151,1958,2015,57,40-59,CVA6,512,1,Protected,0.1
P0151,1958,2015,57,40-59,CVA16,128,1,Protected,0.1
P0151,1958,2020,62,60+,EV-A71,512,1,Protected,0.1
P0151,1958,2020,62,60+,EV-D68,256,1,Protected,0.1
P0151,1958,2020,62,60+,CVA6,512,1,Protected,0.1
P0151,1958,2020,62,60+,CVA16,256,1,Protected,0.1
P0151,1958,2025,67,60+,EV-A71,512,1,Protected,0.1
P0151,1958,2025,67,60+,EV-D68,512,1,Protected,0.1
P0151,1958,2025,67,60+,CVA6,512,1,Protected,0.1
P0151,1958,2025,67,60+,CVA16,128,1,Protected,0.1
P0152,2018,2020,2,0-4,EV-A71,128,1,Protected,0.1
P0152,2018,2020,2,0-4,EV-D68,64,1,Protected,0.1
P0152,2018,2020,2,0-4,CVA6,128,1,Protected,0.1
P0152,2018,2020,2,0-4,CVA16,32,1,Partially protected,0.5
P0152,2018,2025,7,5-9,EV-A71,128,1,Protected,0.1
P0152,2018,2025,7,5-9,EV-D68,64,1,Protected,0.1
P0152,2018,2025,7,5-9,CVA6,128,1,Protected,0.1
P0152,2018,2025,7,5-9,CVA16,32,1,Partially protected,0.5
P0153,1966,2005,39,20-39,EV-A71,256,1,Protected,0.1
P0153,1966,2005,39,20-39,EV-D68,128,1,Protected,0.1
P0153,1966,2005,39,20-39,CVA6,256,1,Protected,0.1
P0153,1966,2005,39,20-39,CVA16,128,1,Protected,0.1
P0153,1966,2010,44,40-59,EV-A71,256,1,Protected,0.1
P0153,1966,2010,44,40-59,EV-D68,64,1,Protected,0.1
P0153,1966,2010,44,40-59,CVA6,256,1,Protected,0.1
P0153,1966,2010,44,40-59,CVA16,128,1,Protected,0.1
P0153,1966,2015,49,40-59,EV-A71,512,1,Protected,0.1
P0153,1966,2015,49,40-59,EV-D68,256,1,Protected,0.1
P0153,1966,2015,49,40-59,CVA6,512,1,Protected,0.1
P0153,1966,2015,49,40-59,CVA16,256,1,Protected,0.1
P0153,1966,2020,54,40-59,EV-A71,512,1,Protected,0.1
P0153,1966,2020,54,40-59,EV-D68,512,1,Protected,0.1
P0153,1966,2020,54,40-59,CVA6,256,1,Protected,0.1
P0153,1966,2020,54,40-59,CVA16,256,1,Protected,0.1
P0153,1966,2025,59,40-59,EV-A71,512,1,Protected,0.1
P0153,1966,2025,59,40-59,EV-D68,256,1,Protected,0.1
P0153,1966,2025,59,40-59,CVA6,512,1,Protected,0.1
P0153,1966,2025,59,40-59,CVA16,256,1,Protected,0.1
P0154,1966,2005,39,20-39,EV-A71,512,1,Protected,0.1
P0154,1966,2005,39,20-39,EV-D68,128,1,Protected,0.1
P0154,1966,2005,39,20-39,CVA6,128,1,Protected,0.1
P0154,1966,2005,39,20-39,CVA16,256,1,Protected,0.1
P0154,1966,2010,44,40-59,EV-A71,256,1,Protected,0.1
P0154,1966,2010,44,40-59,EV-D68,64,1,Protected,0.1
P0154,1966,2010,44,40-59,CVA6,256,1,Protected,0.1
P0154,1966,2010,44,40-59,CVA16,256,1,Protected,0.1
P0154,1966,2015,49,40-59,EV-A71,512,1,Protected,0.1
P0154,1966,2015,49,40-59,EV-D68,256,1,Protected,0.1
P0154,1966,2015,49,40-59,CVA6,512,1,Protected,0.1
P0154,1966,2015,49,40-59,CVA16,512,1,Protected,0.1
P0154,1966,2020,54,40-59,EV-A71,256,1,Protected,0.1
P0154,1966,2020,54,40-59,EV-D68,256,1,Protected,0.1
P0154,1966,2020,54,40-59,CVA6,512,1,Protected,0.1
P0154,1966,2020,54,40-59,CVA16,256,1,Protected,0.1
P0154,1966,2025,59,40-59,EV-A71,256,1,Protected,0.1
P0154,1966,2025,59,40-59,EV-D68,256,1,Protected,0.1
P0154,1966,2025,59,40-59,CVA6,256,1,Protected,0.1
P0154,1966,2025,59,40-59,CVA16,256,1,Protected,0.1
P0155,2010,2010,0,0-4,EV-A71,32,1,Partially protected,0.5
P0155,2010,2010,0,0-4,EV-D68,32,1,Partially protected,0.5
P0155,2010,2010,0,0-4,CVA6,64,1,Protected,0.1
P0155,2010,2010,0,0-4,CVA16,32,1,Partially protected,0.5
P0155,2010,2015,5,5-9,EV-A71,128,1,Protected,0.1
P0155,2010,2015,5,5-9,EV-D68,64,1,Protected,0.1
P0155,2010,2015,5,5-9,CVA6,256,1,Protected,0.1
P0155,2010,2015,5,5-9,CVA16,64,1,Protected,0.1
P0155,2010,2020,10,10-14,EV-A71,128,1,Protected,0.1
P0155,2010,2020,10,10-14,EV-D68,64,1,Protected,0.1
P0155,2010,2020,10,10-14,CVA6,256,1,Protected,0.1
P0155,2010,2020,10,10-14,CVA16,128,1,Protected,0.1
P0155,2010,2025,15,15-19,EV-A71,256,1,Protected,0.1
P0155,2010,2025,15,15-19,EV-D68,256,1,Protected,0.1
P0155,2010,2025,15,15-19,CVA6,256,1,Protected,0.1
P0155,2010,2025,15,15-19,CVA16,128,1,Protected,0.1
P0156,2020,2020,0,0-4,EV-A71,128,1,Protected,0.1
P0156,2020,2020,0,0-4,EV-D68,128,1,Protected,0.1
P0156,2020,2020,0,0-4,CVA6,256,1,Protected,0.1
P0156,2020,2020,0,0-4,CVA16,64,1,Protected,0.1
P0156,2020,2025,5,5-9,EV-A71,128,1,Protected,0.1
P0156,2020,2025,5,5-9,EV-D68,64,1,Protected,0.1
P0156,2020,2025,5,5-9,CVA6,128,1,Protected,0.1
P0156,2020,2025,5,5-9,CVA16,32,1,Partially protected,0.5
P0157,1971,2005,34,20-39,EV-A71,256,1,Protected,0.1
P0157,1971,2005,34,20-39,EV-D68,64,1,Protected,0.1
P0157,1971,2005,34,20-39,CVA6,256,1,Protected,0.1
P0157,1971,2005,34,20-39,CVA16,64,1,Protected,0.1
P0157,1971,2010,39,20-39,EV-A71,256,1,Protected,0.1
P0157,1971,2010,39,20-39,EV-D68,256,1,Protected,0.1
P0157,1971,2010,39,20-39,CVA6,256,1,Protected,0.1
P0157,1971,2010,39,20-39,CVA16,128,1,Protected,0.1
P0157,1971,2015,44,40-59,EV-A71,512,1,Protected,0.1
P0157,1971,2015,44,40-59,EV-D68,256,1,Protected,0.1
P0157,1971,2015,44,40-59,CVA6,512,1,Protected,0.1
P0157,1971,2015,44,40-59,CVA16,256,1,Protected,0.1
P0157,1971,2020,49,40-59,EV-A71,512,1,Protected,0.1
P0157,1971,2020,49,40-59,EV-D68,128,1,Protected,0.1
P0157,1971,2020,49,40-59,CVA6,256,1,Protected,0.1
P0157,1971,2020,49,40-59,CVA16,256,1,Protected,0.1
P0157,1971,2025,54,40-59,EV-A71,512,1,Protected,0.1
P0157,1971,2025,54,40-59,EV-D68,256,1,Protected,0.1
P0157,1971,2025,54,40-59,CVA6,512,1,Protected,0.1
P0157,1971,2025,54,40-59,CVA16,128,1,Protected,0.1
P0158,1983,2005,22,20-39,EV-A71,256,1,Protected,0.1
P0158,1983,2005,22,20-39,EV-D68,128,1,Protected,0.1
P0158,1983,2005,22,20-39,CVA6,512,1,Protected,0.1
P0158,1983,2005,22,20-39,CVA16,128,1,Protected,0.1
P0158,1983,2010,27,20-39,EV-A71,256,1,Protected,0.1
P0158,1983,2010,27,20-39,EV-D68,128,1,Protected,0.1
P0158,1983,2010,27,20-39,CVA6,256,1,Protected,0.1
P0158,1983,2010,27,20-39,CVA16,128,1,Protected,0.1
P0158,1983,2015,32,20-39,EV-A71,512,1,Protected,0.1
P0158,1983,2015,32,20-39,EV-D68,256,1,Protected,0.1
P0158,1983,2015,32,20-39,CVA6,512,1,Protected,0.1
P0158,1983,2015,32,20-39,CVA16,256,1,Protected,0.1
P0158,1983,2020,37,20-39,EV-A71,512,1,Protected,0.1
P0158,1983,2020,37,20-39,EV-D68,512,1,Protected,0.1
P0158,1983,2020,37,20-39,CVA6,512,1,Protected,0.1
P0158,1983,2020,37,20-39,CVA16,256,1,Protected,0.1
P0158,1983,2025,42,40-59,EV-A71,512,1,Protected,0.1
P0158,1983,2025,42,40-59,EV-D68,128,1,Protected,0.1
P0158,1983,2025,42,40-59,CVA6,256,1,Protected,0.1
P0158,1983,2025,42,40-59,CVA16,512,1,Protected,0.1
P0159,2017,2020,3,0-4,EV-A71,128,1,Protected,0.1
P0159,2017,2020,3,0-4,EV-D68,128,1,Protected,0.1
P0159,2017,2020,3,0-4,CVA6,256,1,Protected,0.1
P0159,2017,2020,3,0-4,CVA16,128,1,Protected,0.1
P0159,2017,2025,8,5-9,EV-A71,128,1,Protected,0.1
P0159,2017,2025,8,5-9,EV-D68,64,1,Protected,0.1
P0159,2017,2025,8,5-9,CVA6,64,1,Protected,0.1
P0159,2017,2025,8,5-9,CVA16,64,1,Protected,0.1
P0160,2004,2005,1,0-4,EV-A71,32,1,Partially protected,0.5
P0160,2004,2005,1,0-4,EV-D68,32,1,Partially protected,0.5
P0160,2004,2005,1,0-4,CVA6,64,1,Protected,0.1
P0160,2004,2005,1,0-4,CVA16,32,1,Partially protected,0.5
P0160,2004,2010,6,5-9,EV-A71,64,1,Protected,0.1
P0160,2004,2010,6,5-9,EV-D68,32,1,Partially protected,0.5
P0160,2004,2010,6,5-9,CVA6,64,1,Protected,0.1
P0160,2004,2010,6,5-9,CVA16,32,1,Partially protected,0.5
P0160,2004,2015,11,10-14,EV-A71,256,1,Protected,0.1
P0160,2004,2015,11,10-14,EV-D68,256,1,Protected,0.1
P0160,2004,2015,11,10-14,CVA6,256,1,Protected,0.1
P0160,2004,2015,11,10-14,CVA16,64,1,Protected,0.1
P0160,2004,2020,16,15-19,EV-A71,512,1,Protected,0.1
P0160,2004,2020,16,15-19,EV-D68,128,1,Protected,0.1
P0160,2004,2020,16,15-19,CVA6,256,1,Protected,0.1
P0160,2004,2020,16,15-19,CVA16,128,1,Protected,0.1
P0160,2004,2025,21,20-39,EV-A71,256,1,Protected,0.1
P0160,2004,2025,21,20-39,EV-D68,256,1,Protected,0.1
P0160,2004,2025,21,20-39,CVA6,512,1,Protected,0.1
P0160,2004,2025,21,20-39,CVA16,256,1,Protected,0.1
P0161,1977,2005,28,20-39,EV-A71,256,1,Protected,0.1
P0161,1977,2005,28,20-39,EV-D68,128,1,Protected,0.1
P0161,1977,2005,28,20-39,CVA6,256,1,Protected,0.1
P0161,1977,2005,28,20-39,CVA16,64,1,Protected,0.1
P0161,1977,2010,33,20-39,EV-A71,512,1,Protected,0.1
P0161,1977,2010,33,20-39,EV-D68,256,1,Protected,0.1
P0161,1977,2010,33,20-39,CVA6,256,1,Protected,0.1
P0161,1977,2010,33,20-39,CVA16,128,1,Protected,0.1
P0161,1977,2015,38,20-39,EV-A71,512,1,Protected,0.1
P0161,1977,2015,38,20-39,EV-D68,512,1,Protected,0.1
P0161,1977,2015,38,20-39,CVA6,512,1,Protected,0.1
P0161,1977,2015,38,20-39,CVA16,256,1,Protected,0.1
P0161,1977,2020,43,40-59,EV-A71,512,1,Protected,0.1
P0161,1977,2020,43,40-59,EV-D68,256,1,Protected,0.1
P0161,1977,2020,43,40-59,CVA6,512,1,Protected,0.1
P0161,1977,2020,43,40-59,CVA16,512,1,Protected,0.1
P0161,1977,2025,48,40-59,EV-A71,512,1,Protected,0.1
P0161,1977,2025,48,40-59,EV-D68,256,1,Protected,0.1
P0161,1977,2025,48,40-59,CVA6,256,1,Protected,0.1
P0161,1977,2025,48,40-59,CVA16,256,1,Protected,0.1
P0162,2019,2020,1,0-4,EV-A71,128,1,Protected,0.1
P0162,2019,2020,1,0-4,EV-D68,64,1,Protected,0.1
P0162,2019,2020,1,0-4,CVA6,256,1,Protected,0.1
P0162,2019,2020,1,0-4,CVA16,64,1,Protected,0.1
P0162,2019,2025,6,5-9,EV-A71,128,1,Protected,0.1
P0162,2019,2025,6,5-9,EV-D68,32,1,Partially protected,0.5
P0162,2019,2025,6,5-9,CVA6,128,1,Protected,0.1
P0162,2019,2025,6,5-9,CVA16,64,1,Protected,0.1
P0163,1975,2005,30,20-39,EV-A71,256,1,Protected,0.1
P0163,1975,2005,30,20-39,EV-D68,128,1,Protected,0.1
P0163,1975,2005,30,20-39,CVA6,256,1,Protected,0.1
P0163,1975,2005,30,20-39,CVA16,128,1,Protected,0.1
P0163,1975,2010,35,20-39,EV-A71,256,1,Protected,0.1
P0163,1975,2010,35,20-39,EV-D68,128,1,Protected,0.1
P0163,1975,2010,35,20-39,CVA6,512,1,Protected,0.1
P0163,1975,2010,35,20-39,CVA16,128,1,Protected,0.1
P0163,1975,2015,40,40-59,EV-A71,512,1,Protected,0.1
P0163,1975,2015,40,40-59,EV-D68,128,1,Protected,0.1
P0163,1975,2015,40,40-59,CVA6,512,1,Protected,0.1
P0163,1975,2015,40,40-59,CVA16,128,1,Protected,0.1
P0163,1975,2020,45,40-59,EV-A71,512,1,Protected,0.1
P0163,1975,2020,45,40-59,EV-D68,512,1,Protected,0.1
P0163,1975,2020,45,40-59,CVA6,512,1,Protected,0.1
P0163,1975,2020,45,40-59,CVA16,128,1,Protected,0.1
P0163,1975,2025,50,40-59,EV-A71,512,1,Protected,0.1
P0163,1975,2025,50,40-59,EV-D68,256,1,Protected,0.1
P0163,1975,2025,50,40-59,CVA6,512,1,Protected,0.1
P0163,1975,2025,50,40-59,CVA16,128,1,Protected,0.1
P0164,1989,2005,16,15-19,EV-A71,128,1,Protected,0.1
P0164,1989,2005,16,15-19,EV-D68,128,1,Protected,0.1
P0164,1989,2005,16,15-19,CVA6,128,1,Protected,0.1
P0164,1989,2005,16,15-19,CVA16,64,1,Protected,0.1
P0164,1989,2010,21,20-39,EV-A71,128,1,Protected,0.1
P0164,1989,2010,21,20-39,EV-D68,128,1,Protected,0.1
P0164,1989,2010,21,20-39,CVA6,256,1,Protected,0.1
P0164,1989,2010,21,20-39,CVA16,128,1,Protected,0.1
P0164,1989,2015,26,20-39,EV-A71,512,1,Protected,0.1
P0164,1989,2015,26,20-39,EV-D68,256,1,Protected,0.1
P0164,1989,2015,26,20-39,CVA6,512,1,Protected,0.1
P0164,1989,2015,26,20-39,CVA16,256,1,Protected,0.1
P0164,1989,2020,31,20-39,EV-A71,512,1,Protected,0.1
P0164,1989,2020,31,20-39,EV-D68,256,1,Protected,0.1
P0164,1989,2020,31,20-39,CVA6,512,1,Protected,0.1
P0164,1989,2020,31,20-39,CVA16,128,1,Protected,0.1
P0164,1989,2025,36,20-39,EV-A71,512,1,Protected,0.1
P0164,1989,2025,36,20-39,EV-D68,256,1,Protected,0.1
P0164,1989,2025,36,20-39,CVA6,512,1,Protected,0.1
P0164,1989,2025,36,20-39,CVA16,256,1,Protected,0.1
P0165,2001,2005,4,0-4,EV-A71,32,1,Partially protected,0.5
P0165,2001,2005,4,0-4,EV-D68,16,0,Susceptible,1.0
P0165,2001,2005,4,0-4,CVA6,64,1,Protected,0.1
P0165,2001,2005,4,0-4,CVA16,32,1,Partially protected,0.5
P0165,2001,2010,9,5-9,EV-A71,64,1,Protected,0.1
P0165,2001,2010,9,5-9,EV-D68,32,1,Partially protected,0.5
P0165,2001,2010,9,5-9,CVA6,128,1,Protected,0.1
P0165,2001,2010,9,5-9,CVA16,32,1,Partially protected,0.5
P0165,2001,2015,14,10-14,EV-A71,256,1,Protected,0.1
P0165,2001,2015,14,10-14,EV-D68,64,1,Protected,0.1
P0165,2001,2015,14,10-14,CVA6,256,1,Protected,0.1
P0165,2001,2015,14,10-14,CVA16,256,1,Protected,0.1
P0165,2001,2020,19,15-19,EV-A71,256,1,Protected,0.1
P0165,2001,2020,19,15-19,EV-D68,128,1,Protected,0.1
P0165,2001,2020,19,15-19,CVA6,256,1,Protected,0.1
P0165,2001,2020,19,15-19,CVA16,128,1,Protected,0.1
P0165,2001,2025,24,20-39,EV-A71,512,1,Protected,0.1
P0165,2001,2025,24,20-39,EV-D68,256,1,Protected,0.1
P0165,2001,2025,24,20-39,CVA6,256,1,Protected,0.1
P0165,2001,2025,24,20-39,CVA16,128,1,Protected,0.1
P0166,1997,2005,8,5-9,EV-A71,128,1,Protected,0.1
P0166,1997,2005,8,5-9,EV-D68,32,1,Partially protected,0.5
P0166,1997,2005,8,5-9,CVA6,64,1,Protected,0.1
P0166,1997,2005,8,5-9,CVA16,16,0,Susceptible,1.0
P0166,1997,2010,13,10-14,EV-A71,128,1,Protected,0.1
P0166,1997,2010,13,10-14,EV-D68,128,1,Protected,0.1
P0166,1997,2010,13,10-14,CVA6,128,1,Protected,0.1
P0166,1997,2010,13,10-14,CVA16,32,1,Partially protected,0.5
P0166,1997,2015,18,15-19,EV-A71,128,1,Protected,0.1
P0166,1997,2015,18,15-19,EV-D68,128,1,Protected,0.1
P0166,1997,2015,18,15-19,CVA6,256,1,Protected,0.1
P0166,1997,2015,18,15-19,CVA16,128,1,Protected,0.1
P0166,1997,2020,23,20-39,EV-A71,512,1,Protected,0.1
P0166,1997,2020,23,20-39,EV-D68,256,1,Protected,0.1
P0166,1997,2020,23,20-39,CVA6,256,1,Protected,0.1
P0166,1997,2020,23,20-39,CVA16,256,1,Protected,0.1
P0166,1997,2025,28,20-39,EV-A71,512,1,Protected,0.1
P0166,1997,2025,28,20-39,EV-D68,512,1,Protected,0.1
P0166,1997,2025,28,20-39,CVA6,512,1,Protected,0.1
P0166,1997,2025,28,20-39,CVA16,256,1,Protected,0.1
P0167,2006,2010,4,0-4,EV-A71,32,1,Partially protected,0.5
P0167,2006,2010,4,0-4,EV-D68,16,0,Susceptible,1.0
P0167,2006,2010,4,0-4,CVA6,64,1,Protected,0.1
P0167,2006,2010,4,0-4,CVA16,32,1,Partially protected,0.5
P0167,2006,2015,9,5-9,EV-A71,128,1,Protected,0.1
P0167,2006,2015,9,5-9,EV-D68,128,1,Protected,0.1
P0167,2006,2015,9,5-9,CVA6,256,1,Protected,0.1
P0167,2006,2015,9,5-9,CVA16,128,1,Protected,0.1
P0167,2006,2020,14,10-14,EV-A71,256,1,Protected,0.1
P0167,2006,2020,14,10-14,EV-D68,128,1,Protected,0.1
P0167,2006,2020,14,10-14,CVA6,256,1,Protected,0.1
P0167,2006,2020,14,10-14,CVA16,128,1,Protected,0.1
P0167,2006,2025,19,15-19,EV-A71,256,1,Protected,0.1
P0167,2006,2025,19,15-19,EV-D68,128,1,Protected,0.1
P0167,2006,2025,19,15-19,CVA6,256,1,Protected,0.1
P0167,2006,2025,19,15-19,CVA16,128,1,Protected,0.1
P0168,2016,2020,4,0-4,EV-A71,128,1,Protected,0.1
P0168,2016,2020,4,0-4,EV-D68,32,1,Partially protected,0.5
P0168,2016,2020,4,0-4,CVA6,128,1,Protected,0.1
P0168,2016,2020,4,0-4,CVA16,64,1,Protected,0.1
P0168,2016,2025,9,5-9,EV-A71,128,1,Protected,0.1
P0168,2016,2025,9,5-9,EV-D68,64,1,Protected,0.1
P0168,2016,2025,9,5-9,CVA6,64,1,Protected,0.1
P0168,2016,2025,9,5-9,CVA16,128,1,Protected,0.1
P0169,2007,2010,3,0-4,EV-A71,128,1,Protected,0.1
P0169,2007,2010,3,0-4,EV-D68,32,1,Partially protected,0.5
P0169,2007,2010,3,0-4,CVA6,32,1,Partially protected,0.5
P0169,2007,2010,3,0-4,CVA16,32,1,Partially protected,0.5
P0169,2007,2015,8,5-9,EV-A71,64,1,Protected,0.1
P0169,2007,2015,8,5-9,EV-D68,64,1,Protected,0.1
P0169,2007,2015,8,5-9,CVA6,128,1,Protected,0.1
P0169,2007,2015,8,5-9,CVA16,128,1,Protected,0.1
P0169,2007,2020,13,10-14,EV-A71,512,1,Protected,0.1
P0169,2007,2020,13,10-14,EV-D68,64,1,Protected,0.1
P0169,2007,2020,13,10-14,CVA6,512,1,Protected,0.1
P0169,2007,2020,13,10-14,CVA16,64,1,Protected,0.1
P0169,2007,2025,18,15-19,EV-A71,128,1,Protected,0.1
P0169,2007,2025,18,15-19,EV-D68,64,1,Protected,0.1
P0169,2007,2025,18,15-19,CVA6,128,1,Protected,0.1
P0169,2007,2025,18,15-19,CVA16,64,1,Protected,0.1
P0170,1965,2005,40,40-59,EV-A71,256,1,Protected,0.1
P0170,1965,2005,40,40-59,EV-D68,128,1,Protected,0.1
P0170,1965,2005,40,40-59,CVA6,256,1,Protected,0.1
P0170,1965,2005,40,40-59,CVA16,64,1,Protected,0.1
P0170,1965,2010,45,40-59,EV-A71,512,1,Protected,0.1
P0170,1965,2010,45,40-59,EV-D68,128,1,Protected,0.1
P0170,1965,2010,45,40-59,CVA6,256,1,Protected,0.1
P0170,1965,2010,45,40-59,CVA16,128,1,Protected,0.1
P0170,1965,2015,50,40-59,EV-A71,512,1,Protected,0.1
P0170,1965,2015,50,40-59,EV-D68,128,1,Protected,0.1
P0170,1965,2015,50,40-59,CVA6,512,1,Protected,0.1
P0170,1965,2015,50,40-59,CVA16,256,1,Protected,0.1
P0170,1965,2020,55,40-59,EV-A71,256,1,Protected,0.1
P0170,1965,2020,55,40-59,EV-D68,512,1,Protected,0.1
P0170,1965,2020,55,40-59,CVA6,512,1,Protected,0.1
P0170,1965,2020,55,40-59,CVA16,512,1,Protected,0.1
P0170,1965,2025,60,60+,EV-A71,512,1,Protected,0.1
P0170,1965,2025,60,60+,EV-D68,256,1,Protected,0.1
P0170,1965,2025,60,60+,CVA6,512,1,Protected,0.1
P0170,1965,2025,60,60+,CVA16,128,1,Protected,0.1
P0171,1981,2005,24,20-39,EV-A71,512,1,Protected,0.1
P0171,1981,2005,24,20-39,EV-D68,256,1,Protected,0.1
P0171,1981,2005,24,20-39,CVA6,128,1,Protected,0.1
P0171,1981,2005,24,20-39,CVA16,128,1,Protected,0.1
P0171,1981,2010,29,20-39,EV-A71,128,1,Protected,0.1
P0171,1981,2010,29,20-39,EV-D68,64,1,Protected,0.1
P0171,1981,2010,29,20-39,CVA6,256,1,Protected,0.1
P0171,1981,2010,29,20-39,CVA16,128,1,Protected,0.1
P0171,1981,2015,34,20-39,EV-A71,512,1,Protected,0.1
P0171,1981,2015,34,20-39,EV-D68,256,1,Protected,0.1
P0171,1981,2015,34,20-39,CVA6,512,1,Protected,0.1
P0171,1981,2015,34,20-39,CVA16,512,1,Protected,0.1
P0171,1981,2020,39,20-39,EV-A71,512,1,Protected,0.1
P0171,1981,2020,39,20-39,EV-D68,256,1,Protected,0.1
P0171,1981,2020,39,20-39,CVA6,512,1,Protected,0.1
P0171,1981,2020,39,20-39,CVA16,256,1,Protected,0.1
P0171,1981,2025,44,40-59,EV-A71,512,1,Protected,0.1
P0171,1981,2025,44,40-59,EV-D68,128,1,Protected,0.1
P0171,1981,2025,44,40-59,CVA6,512,1,Protected,0.1
P0171,1981,2025,44,40-59,CVA16,256,1,Protected,0.1
P0172,1978,2005,27,20-39,EV-A71,256,1,Protected,0.1
P0172,1978,2005,27,20-39,EV-D68,128,1,Protected,0.1
P0172,1978,2005,27,20-39,CVA6,256,1,Protected,0.1
P0172,1978,2005,27,20-39,CVA16,128,1,Protected,0.1
P0172,1978,2010,32,20-39,EV-A71,128,1,Protected,0.1
P0172,1978,2010,32,20-39,EV-D68,64,1,Protected,0.1
P0172,1978,2010,32,20-39,CVA6,128,1,Protected,0.1
P0172,1978,2010,32,20-39,CVA16,64,1,Protected,0.1
P0172,1978,2015,37,20-39,EV-A71,512,1,Protected,0.1
P0172,1978,2015,37,20-39,EV-D68,256,1,Protected,0.1
P0172,1978,2015,37,20-39,CVA6,512,1,Protected,0.1
P0172,1978,2015,37,20-39,CVA16,128,1,Protected,0.1
P0172,1978,2020,42,40-59,EV-A71,512,1,Protected,0.1
P0172,1978,2020,42,40-59,EV-D68,128,1,Protected,0.1
P0172,1978,2020,42,40-59,CVA6,256,1,Protected,0.1
P0172,1978,2020,42,40-59,CVA16,256,1,Protected,0.1
P0172,1978,2025,47,40-59,EV-A71,512,1,Protected,0.1
P0172,1978,2025,47,40-59,EV-D68,256,1,Protected,0.1
P0172,1978,2025,47,40-59,CVA6,512,1,Protected,0.1
P0172,1978,2025,47,40-59,CVA16,256,1,Protected,0.1
P0173,1958,2005,47,40-59,EV-A71,256,1,Protected,0.1
P0173,1958,2005,47,40-59,EV-D68,64,1,Protected,0.1
P0173,1958,2005,47,40-59,CVA6,128,1,Protected,0.1
P0173,1958,2005,47,40-59,CVA16,128,1,Protected,0.1
P0173,1958,2010,52,40-59,EV-A71,128,1,Protected,0.1
P0173,1958,2010,52,40-59,EV-D68,128,1,Protected,0.1
P0173,1958,2010,52,40-59,CVA6,256,1,Protected,0.1
P0173,1958,2010,52,40-59,CVA16,128,1,Protected,0.1
P0173,1958,2015,57,40-59,EV-A71,512,1,Protected,0.1
P0173,1958,2015,57,40-59,EV-D68,128,1,Protected,0.1
P0173,1958,2015,57,40-59,CVA6,256,1,Protected,0.1
P0173,1958,2015,57,40-59,CVA16,128,1,Protected,0.1
P0173,1958,2020,62,60+,EV-A71,256,1,Protected,0.1
P0173,1958,2020,62,60+,EV-D68,256,1,Protected,0.1
P0173,1958,2020,62,60+,CVA6,512,1,Protected,0.1
P0173,1958,2020,62,60+,CVA16,256,1,Protected,0.1
P0173,1958,2025,67,60+,EV-A71,512,1,Protected,0.1
P0173,1958,2025,67,60+,EV-D68,256,1,Protected,0.1
P0173,1958,2025,67,60+,CVA6,512,1,Protected,0.1
P0173,1958,2025,67,60+,CVA16,256,1,Protected,0.1
P0174,1993,2005,12,10-14,EV-A71,64,1,Protected,0.1
P0174,1993,2005,12,10-14,EV-D68,64,1,Protected,0.1
P0174,1993,2005,12,10-14,CVA6,128,1,Protected,0.1
P0174,1993,2005,12,10-14,CVA16,64,1,Protected,0.1
P0174,1993,2010,17,15-19,EV-A71,64,1,Protected,0.1
P0174,1993,2010,17,15-19,EV-D68,64,1,Protected,0.1
P0174,1993,2010,17,15-19,CVA6,128,1,Protected,0.1
P0174,1993,2010,17,15-19,CVA16,64,1,Protected,0.1
P0174,1993,2015,22,20-39,EV-A71,512,1,Protected,0.1
P0174,1993,2015,22,20-39,EV-D68,256,1,Protected,0.1
P0174,1993,2015,22,20-39,CVA6,512,1,Protected,0.1
P0174,1993,2015,22,20-39,CVA16,256,1,Protected,0.1
P0174,1993,2020,27,20-39,EV-A71,512,1,Protected,0.1
P0174,1993,2020,27,20-39,EV-D68,128,1,Protected,0.1
P0174,1993,2020,27,20-39,CVA6,512,1,Protected,0.1
P0174,1993,2020,27,20-39,CVA16,128,1,Protected,0.1
P0174,1993,2025,32,20-39,EV-A71,512,1,Protected,0.1
P0174,1993,2025,32,20-39,EV-D68,128,1,Protected,0.1
P0174,1993,2025,32,20-39,CVA6,512,1,Protected,0.1
P0174,1993,2025,32,20-39,CVA16,512,1,Protected,0.1
P0175,1952,2005,53,40-59,EV-A71,256,1,Protected,0.1
P0175,1952,2005,53,40-59,EV-D68,256,1,Protected,0.1
P0175,1952,2005,53,40-59,CVA6,256,1,Protected,0.1
P0175,1952,2005,53,40-59,CVA16,128,1,Protected,0.1
P0175,1952,2010,58,40-59,EV-A71,512,1,Protected,0.1
P0175,1952,2010,58,40-59,EV-D68,128,1,Protected,0.1
P0175,1952,2010,58,40-59,CVA6,256,1,Protected,0.1
P0175,1952,2010,58,40-59,CVA16,256,1,Protected,0.1
P0175,1952,2015,63,60+,EV-A71,256,1,Protected,0.1
P0175,1952,2015,63,60+,EV-D68,256,1,Protected,0.1
P0175,1952,2015,63,60+,CVA6,512,1,Protected,0.1
P0175,1952,2015,63,60+,CVA16,256,1,Protected,0.1
P0175,1952,2020,68,60+,EV-A71,256,1,Protected,0.1
P0175,1952,2020,68,60+,EV-D68,256,1,Protected,0.1
P0175,1952,2020,68,60+,CVA6,512,1,Protected,0.1
P0175,1952,2020,68,60+,CVA16,128,1,Protected,0.1
P0175,1952,2025,73,60+,EV-A71,256,1,Protected,0.1
P0175,1952,2025,73,60+,EV-D68,256,1,Protected,0.1
P0175,1952,2025,73,60+,CVA6,512,1,Protected,0.1
P0175,1952,2025,73,60+,CVA16,128,1,Protected,0.1
P0176,2020,2020,0,0-4,EV-A71,256,1,Protected,0.1
P0176,2020,2020,0,0-4,EV-D68,128,1,Protected,0.1
P0176,2020,2020,0,0-4,CVA6,256,1,Protected,0.1
P0176,2020,2020,0,0-4,CVA16,64,1,Protected,0.1
P0176,2020,2025,5,5-9,EV-A71,128,1,Protected,0.1
P0176,2020,2025,5,5-9,EV-D68,128,1,Protected,0.1
P0176,2020,2025,5,5-9,CVA6,256,1,Protected,0.1
P0176,2020,2025,5,5-9,CVA16,128,1,Protected,0.1
P0177,1979,2005,26,20-39,EV-A71,128,1,Protected,0.1
P0177,1979,2005,26,20-39,EV-D68,128,1,Protected,0.1
P0177,1979,2005,26,20-39,CVA6,256,1,Protected,0.1
P0177,1979,2005,26,20-39,CVA16,128,1,Protected,0.1
P0177,1979,2010,31,20-39,EV-A71,256,1,Protected,0.1
P0177,1979,2010,31,20-39,EV-D68,128,1,Protected,0.1
P0177,1979,2010,31,20-39,CVA6,256,1,Protected,0.1
P0177,1979,2010,31,20-39,CVA16,256,1,Protected,0.1
P0177,1979,2015,36,20-39,EV-A71,512,1,Protected,0.1
P0177,1979,2015,36,20-39,EV-D68,128,1,Protected,0.1
P0177,1979,2015,36,20-39,CVA6,256,1,Protected,0.1
P0177,1979,2015,36,20-39,CVA16,256,1,Protected,0.1
P0177,1979,2020,41,40-59,EV-A71,512,1,Protected,0.1
P0177,1979,2020,41,40-59,EV-D68,256,1,Protected,0.1
P0177,1979,2020,41,40-59,CVA6,512,1,Protected,0.1
P0177,1979,2020,41,40-59,CVA16,256,1,Protected,0.1
P0177,1979,2025,46,40-59,EV-A71,256,1,Protected,0.1
P0177,1979,2025,46,40-59,EV-D68,256,1,Protected,0.1
P0177,1979,2025,46,40-59,CVA6,512,1,Protected,0.1
P0177,1979,2025,46,40-59,CVA16,256,1,Protected,0.1
P0178,1978,2005,27,20-39,EV-A71,256,1,Protected,0.1
P0178,1978,2005,27,20-39,EV-D68,128,1,Protected,0.1
P0178,1978,2005,27,20-39,CVA6,128,1,Protected,0.1
P0178,1978,2005,27,20-39,CVA16,256,1,Protected,0.1
P0178,1978,2010,32,20-39,EV-A71,256,1,Protected,0.1
P0178,1978,2010,32,20-39,EV-D68,256,1,Protected,0.1
P0178,1978,2010,32,20-39,CVA6,256,1,Protected,0.1
P0178,1978,2010,32,20-39,CVA16,128,1,Protected,0.1
P0178,1978,2015,37,20-39,EV-A71,512,1,Protected,0.1
P0178,1978,2015,37,20-39,EV-D68,128,1,Protected,0.1
P0178,1978,2015,37,20-39,CVA6,512,1,Protected,0.1
P0178,1978,2015,37,20-39,CVA16,256,1,Protected,0.1
P0178,1978,2020,42,40-59,EV-A71,512,1,Protected,0.1
P0178,1978,2020,42,40-59,EV-D68,256,1,Protected,0.1
P0178,1978,2020,42,40-59,CVA6,256,1,Protected,0.1
P0178,1978,2020,42,40-59,CVA16,256,1,Protected,0.1
P0178,1978,2025,47,40-59,EV-A71,512,1,Protected,0.1
P0178,1978,2025,47,40-59,EV-D68,256,1,Protected,0.1
P0178,1978,2025,47,40-59,CVA6,256,1,Protected,0.1
P0178,1978,2025,47,40-59,CVA16,256,1,Protected,0.1
P0179,1950,2005,55,40-59,EV-A71,128,1,Protected,0.1
P0179,1950,2005,55,40-59,EV-D68,64,1,Protected,0.1
P0179,1950,2005,55,40-59,CVA6,256,1,Protected,0.1
P0179,1950,2005,55,40-59,CVA16,128,1,Protected,0.1
P0179,1950,2010,60,60+,EV-A71,128,1,Protected,0.1
P0179,1950,2010,60,60+,EV-D68,256,1,Protected,0.1
P0179,1950,2010,60,60+,CVA6,512,1,Protected,0.1
P0179,1950,2010,60,60+,CVA16,64,1,Protected,0.1
P0179,1950,2015,65,60+,EV-A71,256,1,Protected,0.1
P0179,1950,2015,65,60+,EV-D68,512,1,Protected,0.1
P0179,1950,2015,65,60+,CVA6,512,1,Protected,0.1
P0179,1950,2015,65,60+,CVA16,256,1,Protected,0.1
P0179,1950,2020,70,60+,EV-A71,512,1,Protected,0.1
P0179,1950,2020,70,60+,EV-D68,512,1,Protected,0.1
P0179,1950,2020,70,60+,CVA6,512,1,Protected,0.1
P0179,1950,2020,70,60+,CVA16,256,1,Protected,0.1
P0179,1950,2025,75,60+,EV-A71,512,1,Protected,0.1
P0179,1950,2025,75,60+,EV-D68,256,1,Protected,0.1
P0179,1950,2025,75,60+,CVA6,256,1,Protected,0.1
P0179,1950,2025,75,60+,CVA16,256,1,Protected,0.1
P0180,1959,2005,46,40-59,EV-A71,256,1,Protected,0.1
P0180,1959,2005,46,40-59,EV-D68,128,1,Protected,0.1
P0180,1959,2005,46,40-59,CVA6,512,1,Protected,0.1
P0180,1959,2005,46,40-59,CVA16,256,1,Protected,0.1
P0180,1959,2010,51,40-59,EV-A71,512,1,Protected,0.1
P0180,1959,2010,51,40-59,EV-D68,128,1,Protected,0.1
P0180,1959,2010,51,40-59,CVA6,256,1,Protected,0.1
P0180,1959,2010,51,40-59,CVA16,128,1,Protected,0.1
P0180,1959,2015,56,40-59,EV-A71,256,1,Protected,0.1
P0180,1959,2015,56,40-59,EV-D68,128,1,Protected,0.1
P0180,1959,2015,56,40-59,CVA6,512,1,Protected,0.1
P0180,1959,2015,56,40-59,CVA16,128,1,Protected,0.1
P0180,1959,2020,61,60+,EV-A71,512,1,Protected,0.1
P0180,1959,2020,61,60+,EV-D68,256,1,Protected,0.1
P0180,1959,2020,61,60+,CVA6,512,1,Protected,0.1
P0180,1959,2020,61,60+,CVA16,512,1,Protected,0.1
P0180,1959,2025,66,60+,EV-A71,512,1,Protected,0.1
P0180,1959,2025,66,60+,EV-D68,256,1,Protected,0.1
P0180,1959,2025,66,60+,CVA6,256,1,Protected,0.1
P0180,1959,2025,66,60+,CVA16,128,1,Protected,0.1
P0181,1957,2005,48,40-59,EV-A71,256,1,Protected,0.1
P0181,1957,2005,48,40-59,EV-D68,128,1,Protected,0.1
P0181,1957,2005,48,40-59,CVA6,256,1,Protected,0.1
P0181,1957,2005,48,40-59,CVA16,128,1,Protected,0.1
P0181,1957,2010,53,40-59,EV-A71,128,1,Protected,0.1
P0181,1957,2010,53,40-59,EV-D68,128,1,Protected,0.1
P0181,1957,2010,53,40-59,CVA6,512,1,Protected,0.1
P0181,1957,2010,53,40-59,CVA16,128,1,Protected,0.1
P0181,1957,2015,58,40-59,EV-A71,512,1,Protected,0.1
P0181,1957,2015,58,40-59,EV-D68,128,1,Protected,0.1
P0181,1957,2015,58,40-59,CVA6,512,1,Protected,0.1
P0181,1957,2015,58,40-59,CVA16,256,1,Protected,0.1
P0181,1957,2020,63,60+,EV-A71,512,1,Protected,0.1
P0181,1957,2020,63,60+,EV-D68,256,1,Protected,0.1
P0181,1957,2020,63,60+,CVA6,512,1,Protected,0.1
P0181,1957,2020,63,60+,CVA16,128,1,Protected,0.1
P0181,1957,2025,68,60+,EV-A71,512,1,Protected,0.1
P0181,1957,2025,68,60+,EV-D68,128,1,Protected,0.1
P0181,1957,2025,68,60+,CVA6,512,1,Protected,0.1
P0181,1957,2025,68,60+,CVA16,128,1,Protected,0.1
P0182,1979,2005,26,20-39,EV-A71,256,1,Protected,0.1
P0182,1979,2005,26,20-39,EV-D68,128,1,Protected,0.1
P0182,1979,2005,26,20-39,CVA6,512,1,Protected,0.1
P0182,1979,2005,26,20-39,CVA16,256,1,Protected,0.1
P0182,1979,2010,31,20-39,EV-A71,256,1,Protected,0.1
P0182,1979,2010,31,20-39,EV-D68,128,1,Protected,0.1
P0182,1979,2010,31,20-39,CVA6,128,1,Protected,0.1
P0182,1979,2010,31,20-39,CVA16,256,1,Protected,0.1
P0182,1979,2015,36,20-39,EV-A71,256,1,Protected,0.1
P0182,1979,2015,36,20-39,EV-D68,512,1,Protected,0.1
P0182,1979,2015,36,20-39,CVA6,512,1,Protected,0.1
P0182,1979,2015,36,20-39,CVA16,512,1,Protected,0.1
P0182,1979,2020,41,40-59,EV-A71,512,1,Protected,0.1
P0182,1979,2020,41,40-59,EV-D68,512,1,Protected,0.1
P0182,1979,2020,41,40-59,CVA6,512,1,Protected,0.1
P0182,1979,2020,41,40-59,CVA16,512,1,Protected,0.1
P0182,1979,2025,46,40-59,EV-A71,512,1,Protected,0.1
P0182,1979,2025,46,40-59,EV-D68,256,1,Protected,0.1
P0182,1979,2025,46,40-59,CVA6,256,1,Protected,0.1
P0182,1979,2025,46,40-59,CVA16,256,1,Protected,0.1
P0183,1958,2005,47,40-59,EV-A71,512,1,Protected,0.1
P0183,1958,2005,47,40-59,EV-D68,256,1,Protected,0.1
P0183,1958,2005,47,40-59,CVA6,256,1,Protected,0.1
P0183,1958,2005,47,40-59,CVA16,256,1,Protected,0.1
P0183,1958,2010,52,40-59,EV-A71,256,1,Protected,0.1
P0183,1958,2010,52,40-59,EV-D68,128,1,Protected,0.1
P0183,1958,2010,52,40-59,CVA6,512,1,Protected,0.1
P0183,1958,2010,52,40-59,CVA16,128,1,Protected,0.1
P0183,1958,2015,57,40-59,EV-A71,512,1,Protected,0.1
P0183,1958,2015,57,40-59,EV-D68,256,1,Protected,0.1
P0183,1958,2015,57,40-59,CVA6,512,1,Protected,0.1
P0183,1958,2015,57,40-59,CVA16,256,1,Protected,0.1
P0183,1958,2020,62,60+,EV-A71,512,1,Protected,0.1
P0183,1958,2020,62,60+,EV-D68,256,1,Protected,0.1
P0183,1958,2020,62,60+,CVA6,512,1,Protected,0.1
P0183,1958,2020,62,60+,CVA16,256,1,Protected,0.1
P0183,1958,2025,67,60+,EV-A71,512,1,Protected,0.1
P0183,1958,2025,67,60+,EV-D68,512,1,Protected,0.1
P0183,1958,2025,67,60+,CVA6,512,1,Protected,0.1
P0183,1958,2025,67,60+,CVA16,512,1,Protected,0.1
P0184,1954,2005,51,40-59,EV-A71,256,1,Protected,0.1
P0184,1954,2005,51,40-59,EV-D68,256,1,Protected,0.1
P0184,1954,2005,51,40-59,CVA6,256,1,Protected,0.1
P0184,1954,2005,51,40-59,CVA16,128,1,Protected,0.1
P0184,1954,2010,56,40-59,EV-A71,256,1,Protected,0.1
P0184,1954,2010,56,40-59,EV-D68,256,1,Protected,0.1
P0184,1954,2010,56,40-59,CVA6,256,1,Protected,0.1
P0184,1954,2010,56,40-59,CVA16,128,1,Protected,0.1
P0184,1954,2015,61,60+,EV-A71,512,1,Protected,0.1
P0184,1954,2015,61,60+,EV-D68,256,1,Protected,0.1
P0184,1954,2015,61,60+,CVA6,512,1,Protected,0.1
P0184,1954,2015,61,60+,CVA16,512,1,Protected,0.1
P0184,1954,2020,66,60+,EV-A71,512,1,Protected,0.1
P0184,1954,2020,66,60+,EV-D68,128,1,Protected,0.1
P0184,1954,2020,66,60+,CVA6,512,1,Protected,0.1
P0184,1954,2020,66,60+,CVA16,512,1,Protected,0.1
P0184,1954,2025,71,60+,EV-A71,512,1,Protected,0.1
P0184,1954,2025,71,60+,EV-D68,512,1,Protected,0.1
P0184,1954,2025,71,60+,CVA6,512,1,Protected,0.1
P0184,1954,2025,71,60+,CVA16,256,1,Protected,0.1
P0185,1992,2005,13,10-14,EV-A71,256,1,Protected,0.1
P0185,1992,2005,13,10-14,EV-D68,64,1,Protected,0.1
P0185,1992,2005,13,10-14,CVA6,128,1,Protected,0.1
P0185,1992,2005,13,10-14,CVA16,32,1,Partially protected,0.5
P0185,1992,2010,18,15-19,EV-A71,256,1,Protected,0.1
P0185,1992,2010,18,15-19,EV-D68,32,1,Partially protected,0.5
P0185,1992,2010,18,15-19,CVA6,64,1,Protected,0.1
P0185,1992,2010,18,15-19,CVA16,64,1,Protected,0.1
P0185,1992,2015,23,20-39,EV-A71,512,1,Protected,0.1
P0185,1992,2015,23,20-39,EV-D68,128,1,Protected,0.1
P0185,1992,2015,23,20-39,CVA6,256,1,Protected,0.1
P0185,1992,2015,23,20-39,CVA16,256,1,Protected,0.1
P0185,1992,2020,28,20-39,EV-A71,512,1,Protected,0.1
P0185,1992,2020,28,20-39,EV-D68,256,1,Protected,0.1
P0185,1992,2020,28,20-39,CVA6,512,1,Protected,0.1
P0185,1992,2020,28,20-39,CVA16,256,1,Protected,0.1
P0185,1992,2025,33,20-39,EV-A71,512,1,Protected,0.1
P0185,1992,2025,33,20-39,EV-D68,128,1,Protected,0.1
P0185,1992,2025,33,20-39,CVA6,512,1,Protected,0.1
P0185,1992,2025,33,20-39,CVA16,256,1,Protected,0.1
P0186,1959,2005,46,40-59,EV-A71,512,1,Protected,0.1
P0186,1959,2005,46,40-59,EV-D68,64,1,Protected,0.1
P0186,1959,2005,46,40-59,CVA6,256,1,Protected,0.1
P0186,1959,2005,46,40-59,CVA16,128,1,Protected,0.1
P0186,1959,2010,51,40-59,EV-A71,128,1,Protected,0.1
P0186,1959,2010,51,40-59,EV-D68,256,1,Protected,0.1
P0186,1959,2010,51,40-59,CVA6,512,1,Protected,0.1
P0186,1959,2010,51,40-59,CVA16,128,1,Protected,0.1
P0186,1959,2015,56,40-59,EV-A71,512,1,Protected,0.1
P0186,1959,2015,56,40-59,EV-D68,256,1,Protected,0.1
P0186,1959,2015,56,40-59,CVA6,512,1,Protected,0.1
P0186,1959,2015,56,40-59,CVA16,512,1,Protected,0.1
P0186,1959,2020,61,60+,EV-A71,512,1,Protected,0.1
P0186,1959,2020,61,60+,EV-D68,128,1,Protected,0.1
P0186,1959,2020,61,60+,CVA6,512,1,Protected,0.1
P0186,1959,2020,61,60+,CVA16,256,1,Protected,0.1
P0186,1959,2025,66,60+,EV-A71,512,1,Protected,0.1
P0186,1959,2025,66,60+,EV-D68,256,1,Protected,0.1
P0186,1959,2025,66,60+,CVA6,512,1,Protected,0.1
P0186,1959,2025,66,60+,CVA16,128,1,Protected,0.1
P0187,2015,2015,0,0-4,EV-A71,64,1,Protected,0.1
P0187,2015,2015,0,0-4,EV-D68,64,1,Protected,0.1
P0187,2015,2015,0,0-4,CVA6,128,1,Protected,0.1
P0187,2015,2015,0,0-4,CVA16,128,1,Protected,0.1
P0187,2015,2020,5,5-9,EV-A71,128,1,Protected,0.1
P0187,2015,2020,5,5-9,EV-D68,64,1,Protected,0.1
P0187,2015,2020,5,5-9,CVA6,128,1,Protected,0.1
P0187,2015,2020,5,5-9,CVA16,128,1,Protected,0.1
P0187,2015,2025,10,10-14,EV-A71,512,1,Protected,0.1
P0187,2015,2025,10,10-14,EV-D68,256,1,Protected,0.1
P0187,2015,2025,10,10-14,CVA6,256,1,Protected,0.1
P0187,2015,2025,10,10-14,CVA16,128,1,Protected,0.1
P0188,1980,2005,25,20-39,EV-A71,256,1,Protected,0.1
P0188,1980,2005,25,20-39,EV-D68,128,1,Protected,0.1
P0188,1980,2005,25,20-39,CVA6,256,1,Protected,0.1
P0188,1980,2005,25,20-39,CVA16,64,1,Protected,0.1
P0188,1980,2010,30,20-39,EV-A71,256,1,Protected,0.1
P0188,1980,2010,30,20-39,EV-D68,128,1,Protected,0.1
P0188,1980,2010,30,20-39,CVA6,512,1,Protected,0.1
P0188,1980,2010,30,20-39,CVA16,64,1,Protected,0.1
P0188,1980,2015,35,20-39,EV-A71,512,1,Protected,0.1
P0188,1980,2015,35,20-39,EV-D68,128,1,Protected,0.1
P0188,1980,2015,35,20-39,CVA6,512,1,Protected,0.1
P0188,1980,2015,35,20-39,CVA16,256,1,Protected,0.1
P0188,1980,2020,40,40-59,EV-A71,512,1,Protected,0.1
P0188,1980,2020,40,40-59,EV-D68,256,1,Protected,0.1
P0188,1980,2020,40,40-59,CVA6,512,1,Protected,0.1
P0188,1980,2020,40,40-59,CVA16,256,1,Protected,0.1
P0188,1980,2025,45,40-59,EV-A71,512,1,Protected,0.1
P0188,1980,2025,45,40-59,EV-D68,256,1,Protected,0.1
P0188,1980,2025,45,40-59,CVA6,256,1,Protected,0.1
P0188,1980,2025,45,40-59,CVA16,256,1,Protected,0.1
P0189,1985,2005,20,20-39,EV-A71,256,1,Protected,0.1
P0189,1985,2005,20,20-39,EV-D68,128,1,Protected,0.1
P0189,1985,2005,20,20-39,CVA6,128,1,Protected,0.1
P0189,1985,2005,20,20-39,CVA16,128,1,Protected,0.1
P0189,1985,2010,25,20-39,EV-A71,256,1,Protected,0.1
P0189,1985,2010,25,20-39,EV-D68,256,1,Protected,0.1
P0189,1985,2010,25,20-39,CVA6,128,1,Protected,0.1
P0189,1985,2010,25,20-39,CVA16,256,1,Protected,0.1
P0189,1985,2015,30,20-39,EV-A71,512,1,Protected,0.1
P0189,1985,2015,30,20-39,EV-D68,256,1,Protected,0.1
P0189,1985,2015,30,20-39,CVA6,512,1,Protected,0.1
P0189,1985,2015,30,20-39,CVA16,512,1,Protected,0.1
P0189,1985,2020,35,20-39,EV-A71,512,1,Protected,0.1
P0189,1985,2020,35,20-39,EV-D68,128,1,Protected,0.1
P0189,1985,2020,35,20-39,CVA6,512,1,Protected,0.1
P0189,1985,2020,35,20-39,CVA16,512,1,Protected,0.1
P0189,1985,2025,40,40-59,EV-A71,512,1,Protected,0.1
P0189,1985,2025,40,40-59,EV-D68,256,1,Protected,0.1
P0189,1985,2025,40,40-59,CVA6,512,1,Protected,0.1
P0189,1985,2025,40,40-59,CVA16,128,1,Protected,0.1
P0190,2012,2015,3,0-4,EV-A71,256,1,Protected,0.1
P0190,2012,2015,3,0-4,EV-D68,64,1,Protected,0.1
P0190,2012,2015,3,0-4,CVA6,128,1,Protected,0.1
P0190,2012,2015,3,0-4,CVA16,128,1,Protected,0.1
P0190,2012,2020,8,5-9,EV-A71,256,1,Protected,0.1
P0190,2012,2020,8,5-9,EV-D68,64,1,Protected,0.1
P0190,2012,2020,8,5-9,CVA6,64,1,Protected,0.1
P0190,2012,2020,8,5-9,CVA16,64,1,Protected,0.1
P0190,2012,2025,13,10-14,EV-A71,256,1,Protected,0.1
P0190,2012,2025,13,10-14,EV-D68,128,1,Protected,0.1
P0190,2012,2025,13,10-14,CVA6,256,1,Protected,0.1
P0190,2012,2025,13,10-14,CVA16,128,1,Protected,0.1
P0191,1977,2005,28,20-39,EV-A71,256,1,Protected,0.1
P0191,1977,2005,28,20-39,EV-D68,128,1,Protected,0.1
P0191,1977,2005,28,20-39,CVA6,256,1,Protected,0.1
P0191,1977,2005,28,20-39,CVA16,256,1,Protected,0.1
P0191,1977,2010,33,20-39,EV-A71,512,1,Protected,0.1
P0191,1977,2010,33,20-39,EV-D68,128,1,Protected,0.1
P0191,1977,2010,33,20-39,CVA6,512,1,Protected,0.1
P0191,1977,2010,33,20-39,CVA16,64,1,Protected,0.1
P0191,1977,2015,38,20-39,EV-A71,256,1,Protected,0.1
P0191,1977,2015,38,20-39,EV-D68,256,1,Protected,0.1
P0191,1977,2015,38,20-39,CVA6,512,1,Protected,0.1
P0191,1977,2015,38,20-39,CVA16,256,1,Protected,0.1
P0191,1977,2020,43,40-59,EV-A71,512,1,Protected,0.1
P0191,1977,2020,43,40-59,EV-D68,512,1,Protected,0.1
P0191,1977,2020,43,40-59,CVA6,512,1,Protected,0.1
P0191,1977,2020,43,40-59,CVA16,128,1,Protected,0.1
P0191,1977,2025,48,40-59,EV-A71,512,1,Protected,0.1
P0191,1977,2025,48,40-59,EV-D68,256,1,Protected,0.1
P0191,1977,2025,48,40-59,CVA6,256,1,Protected,0.1
P0191,1977,2025,48,40-59,CVA16,256,1,Protected,0.1
P0192,2019,2020,1,0-4,EV-A71,128,1,Protected,0.1
P0192,2019,2020,1,0-4,EV-D68,128,1,Protected,0.1
P0192,2019,2020,1,0-4,CVA6,128,1,Protected,0.1
P0192,2019,2020,1,0-4,CVA16,32,1,Partially protected,0.5
P0192,2019,2025,6,5-9,EV-A71,256,1,Protected,0.1
P0192,2019,2025,6,5-9,EV-D68,64,1,Protected,0.1
P0192,2019,2025,6,5-9,CVA6,256,1,Protected,0.1
P0192,2019,2025,6,5-9,CVA16,128,1,Protected,0.1
P0193,1966,2005,39,20-39,EV-A71,256,1,Protected,0.1
P0193,1966,2005,39,20-39,EV-D68,128,1,Protected,0.1
P0193,1966,2005,39,20-39,CVA6,128,1,Protected,0.1
P0193,1966,2005,39,20-39,CVA16,128,1,Protected,0.1
P0193,1966,2010,44,40-59,EV-A71,256,1,Protected,0.1
P0193,1966,2010,44,40-59,EV-D68,128,1,Protected,0.1
P0193,1966,2010,44,40-59,CVA6,512,1,Protected,0.1
P0193,1966,2010,44,40-59,CVA16,64,1,Protected,0.1
P0193,1966,2015,49,40-59,EV-A71,256,1,Protected,0.1
P0193,1966,2015,49,40-59,EV-D68,256,1,Protected,0.1
P0193,1966,2015,49,40-59,CVA6,512,1,Protected,0.1
P0193,1966,2015,49,40-59,CVA16,512,1,Protected,0.1
P0193,1966,2020,54,40-59,EV-A71,256,1,Protected,0.1
P0193,1966,2020,54,40-59,EV-D68,128,1,Protected,0.1
P0193,1966,2020,54,40-59,CVA6,512,1,Protected,0.1
P0193,1966,2020,54,40-59,CVA16,256,1,Protected,0.1
P0193,1966,2025,59,40-59,EV-A71,512,1,Protected,0.1
P0193,1966,2025,59,40-59,EV-D68,128,1,Protected,0.1
P0193,1966,2025,59,40-59,CVA6,512,1,Protected,0.1
P0193,1966,2025,59,40-59,CVA16,512,1,Protected,0.1
P0194,2010,2010,0,0-4,EV-A71,64,1,Protected,0.1
P0194,2010,2010,0,0-4,EV-D68,16,0,Susceptible,1.0
P0194,2010,2010,0,0-4,CVA6,64,1,Protected,0.1
P0194,2010,2010,0,0-4,CVA16,16,0,Susceptible,1.0
P0194,2010,2015,5,5-9,EV-A71,128,1,Protected,0.1
P0194,2010,2015,5,5-9,EV-D68,64,1,Protected,0.1
P0194,2010,2015,5,5-9,CVA6,64,1,Protected,0.1
P0194,2010,2015,5,5-9,CVA16,32,1,Partially protected,0.5
P0194,2010,2020,10,10-14,EV-A71,128,1,Protected,0.1
P0194,2010,2020,10,10-14,EV-D68,64,1,Protected,0.1
P0194,2010,2020,10,10-14,CVA6,256,1,Protected,0.1
P0194,2010,2020,10,10-14,CVA16,128,1,Protected,0.1
P0194,2010,2025,15,15-19,EV-A71,512,1,Protected,0.1
P0194,2010,2025,15,15-19,EV-D68,64,1,Protected,0.1
P0194,2010,2025,15,15-19,CVA6,512,1,Protected,0.1
P0194,2010,2025,15,15-19,CVA16,128,1,Protected,0.1
P0195,1981,2005,24,20-39,EV-A71,256,1,Protected,0.1
P0195,1981,2005,24,20-39,EV-D68,128,1,Protected,0.1
P0195,1981,2005,24,20-39,CVA6,256,1,Protected,0.1
P0195,1981,2005,24,20-39,CVA16,128,1,Protected,0.1
P0195,1981,2010,29,20-39,EV-A71,256,1,Protected,0.1
P0195,1981,2010,29,20-39,EV-D68,128,1,Protected,0.1
P0195,1981,2010,29,20-39,CVA6,256,1,Protected,0.1
P0195,1981,2010,29,20-39,CVA16,64,1,Protected,0.1
P0195,1981,2015,34,20-39,EV-A71,512,1,Protected,0.1
P0195,1981,2015,34,20-39,EV-D68,128,1,Protected,0.1
P0195,1981,2015,34,20-39,CVA6,512,1,Protected,0.1
P0195,1981,2015,34,20-39,CVA16,128,1,Protected,0.1
P0195,1981,2020,39,20-39,EV-A71,512,1,Protected,0.1
P0195,1981,2020,39,20-39,EV-D68,128,1,Protected,0.1
P0195,1981,2020,39,20-39,CVA6,512,1,Protected,0.1
P0195,1981,2020,39,20-39,CVA16,128,1,Protected,0.1
P0195,1981,2025,44,40-59,EV-A71,256,1,Protected,0.1
P0195,1981,2025,44,40-59,EV-D68,256,1,Protected,0.1
P0195,1981,2025,44,40-59,CVA6,512,1,Protected,0.1
P0195,1981,2025,44,40-59,CVA16,128,1,Protected,0.1
P0196,2010,2010,0,0-4,EV-A71,64,1,Protected,0.1
P0196,2010,2010,0,0-4,EV-D68,32,1,Partially protected,0.5
P0196,2010,2010,0,0-4,CVA6,128,1,Protected,0.1
P0196,2010,2010,0,0-4,CVA16,16,0,Susceptible,1.0
P0196,2010,2015,5,5-9,EV-A71,128,1,Protected,0.1
P0196,2010,2015,5,5-9,EV-D68,64,1,Protected,0.1
P0196,2010,2015,5,5-9,CVA6,128,1,Protected,0.1
P0196,2010,2015,5,5-9,CVA16,64,1,Protected,0.1
P0196,2010,2020,10,10-14,EV-A71,128,1,Protected,0.1
P0196,2010,2020,10,10-14,EV-D68,128,1,Protected,0.1
P0196,2010,2020,10,10-14,CVA6,256,1,Protected,0.1
P0196,2010,2020,10,10-14,CVA16,256,1,Protected,0.1
P0196,2010,2025,15,15-19,EV-A71,256,1,Protected,0.1
P0196,2010,2025,15,15-19,EV-D68,128,1,Protected,0.1
P0196,2010,2025,15,15-19,CVA6,256,1,Protected,0.1
P0196,2010,2025,15,15-19,CVA16,256,1,Protected,0.1
P0197,2002,2005,3,0-4,EV-A71,64,1,Protected,0.1
P0197,2002,2005,3,0-4,EV-D68,32,1,Partially protected,0.5
P0197,2002,2005,3,0-4,CVA6,64,1,Protected,0.1
P0197,2002,2005,3,0-4,CVA16,32,1,Partially protected,0.5
P0197,2002,2010,8,5-9,EV-A71,32,1,Partially protected,0.5
P0197,2002,2010,8,5-9,EV-D68,64,1,Protected,0.1
P0197,2002,2010,8,5-9,CVA6,128,1,Protected,0.1
P0197,2002,2010,8,5-9,CVA16,32,1,Partially protected,0.5
P0197,2002,2015,13,10-14,EV-A71,128,1,Protected,0.1
P0197,2002,2015,13,10-14,EV-D68,64,1,Protected,0.1
P0197,2002,2015,13,10-14,CVA6,128,1,Protected,0.1
P0197,2002,2015,13,10-14,CVA16,256,1,Protected,0.1
P0197,2002,2020,18,15-19,EV-A71,512,1,Protected,0.1
P0197,2002,2020,18,15-19,EV-D68,128,1,Protected,0.1
P0197,2002,2020,18,15-19,CVA6,512,1,Protected,0.1
P0197,2002,2020,18,15-19,CVA16,256,1,Protected,0.1
P0197,2002,2025,23,20-39,EV-A71,256,1,Protected,0.1
P0197,2002,2025,23,20-39,EV-D68,256,1,Protected,0.1
P0197,2002,2025,23,20-39,CVA6,512,1,Protected,0.1
P0197,2002,2025,23,20-39,CVA16,256,1,Protected,0.1
P0198,1974,2005,31,20-39,EV-A71,256,1,Protected,0.1
P0198,1974,2005,31,20-39,EV-D68,128,1,Protected,0.1
P0198,1974,2005,31,20-39,CVA6,512,1,Protected,0.1
P0198,1974,2005,31,20-39,CVA16,128,1,Protected,0.1
P0198,1974,2010,36,20-39,EV-A71,256,1,Protected,0.1
P0198,1974,2010,36,20-39,EV-D68,128,1,Protected,0.1
P0198,1974,2010,36,20-39,CVA6,256,1,Protected,0.1
P0198,1974,2010,36,20-39,CVA16,256,1,Protected,0.1
P0198,1974,2015,41,40-59,EV-A71,512,1,Protected,0.1
P0198,1974,2015,41,40-59,EV-D68,256,1,Protected,0.1
P0198,1974,2015,41,40-59,CVA6,256,1,Protected,0.1
P0198,1974,2015,41,40-59,CVA16,256,1,Protected,0.1
P0198,1974,2020,46,40-59,EV-A71,512,1,Protected,0.1
P0198,1974,2020,46,40-59,EV-D68,128,1,Protected,0.1
P0198,1974,2020,46,40-59,CVA6,512,1,Protected,0.1
P0198,1974,2020,46,40-59,CVA16,256,1,Protected,0.1
P0198,1974,2025,51,40-59,EV-A71,512,1,Protected,0.1
P0198,1974,2025,51,40-59,EV-D68,128,1,Protected,0.1
P0198,1974,2025,51,40-59,CVA6,512,1,Protected,0.1
P0198,1974,2025,51,40-59,CVA16,128,1,Protected,0.1
P0199,1962,2005,43,40-59,EV-A71,256,1,Protected,0.1
P0199,1962,2005,43,40-59,EV-D68,64,1,Protected,0.1
P0199,1962,2005,43,40-59,CVA6,256,1,Protected,0.1
P0199,1962,2005,43,40-59,CVA16,256,1,Protected,0.1
P0199,1962,2010,48,40-59,EV-A71,256,1,Protected,0.1
P0199,1962,2010,48,40-59,EV-D68,128,1,Protected,0.1
P0199,1962,2010,48,40-59,CVA6,256,1,Protected,0.1
P0199,1962,2010,48,40-59,CVA16,128,1,Protected,0.1
P0199,1962,2015,53,40-59,EV-A71,512,1,Protected,0.1
P0199,1962,2015,53,40-59,EV-D68,128,1,Protected,0.1
P0199,1962,2015,53,40-59,CVA6,512,1,Protected,0.1
P0199,1962,2015,53,40-59,CVA16,512,1,Protected,0.1
P0199,1962,2020,58,40-59,EV-A71,256,1,Protected,0.1
P0199,1962,2020,58,40-59,EV-D68,256,1,Protected,0.1
P0199,1962,2020,58,40-59,CVA6,512,1,Protected,0.1
P0199,1962,2020,58,40-59,CVA16,256,1,Protected,0.1
P0199,1962,2025,63,60+,EV-A71,512,1,Protected,0.1
P0199,1962,2025,63,60+,EV-D68,256,1,Protected,0.1
P0199,1962,2025,63,60+,CVA6,512,1,Protected,0.1
P0199,1962,2025,63,60+,CVA16,256,1,Protected,0.1
P0200,1962,2005,43,40-59,EV-A71,512,1,Protected,0.1
P0200,1962,2005,43,40-59,EV-D68,128,1,Protected,0.1
P0200,1962,2005,43,40-59,CVA6,512,1,Protected,0.1
P0200,1962,2005,43,40-59,CVA16,256,1,Protected,0.1
P0200,1962,2010,48,40-59,EV-A71,256,1,Protected,0.1
P0200,1962,2010,48,40-59,EV-D68,128,1,Protected,0.1
P0200,1962,2010,48,40-59,CVA6,256,1,Protected,0.1
P0200,1962,2010,48,40-59,CVA16,128,1,Protected,0.1
P0200,1962,2015,53,40-59,EV-A71,256,1,Protected,0.1
P0200,1962,2015,53,40-59,EV-D68,256,1,Protected,0.1
P0200,1962,2015,53,40-59,CVA6,512,1,Protected,0.1
P0200,1962,2015,53,40-59,CVA16,256,1,Protected,0.1
P0200,1962,2020,58,40-59,EV-A71,512,1,Protected,0.1
P0200,1962,2020,58,40-59,EV-D68,256,1,Protected,0.1
P0200,1962,2020,58,40-59,CVA6,512,1,Protected,0.1
P0200,1962,2020,58,40-59,CVA16,256,1,Protected,0.1
P0200,1962,2025,63,60+,EV-A71,512,1,Protected,0.1
P0200,1962,2025,63,60+,EV-D68,256,1,Protected,0.1
P0200,1962,2025,63,60+,CVA6,512,1,Protected,0.1
P0200,1962,2025,63,60+,CVA16,256,1,Protected,0.1
P0201,2005,2005,0,0-4,EV-A71,64,1,Protected,0.1
P0201,2005,2005,0,0-4,EV-D68,32,1,Partially protected,0.5
P0201,2005,2005,0,0-4,CVA6,64,1,Protected,0.1
P0201,2005,2005,0,0-4,CVA16,64,1,Protected,0.1
P0201,2005,2010,5,5-9,EV-A71,32,1,Partially protected,0.5
P0201,2005,2010,5,5-9,EV-D68,32,1,Partially protected,0.5
P0201,2005,2010,5,5-9,CVA6,128,1,Protected,0.1
P0201,2005,2010,5,5-9,CVA16,16,0,Susceptible,1.0
P0201,2005,2015,10,10-14,EV-A71,256,1,Protected,0.1
P0201,2005,2015,10,10-14,EV-D68,128,1,Protected,0.1
P0201,2005,2015,10,10-14,CVA6,512,1,Protected,0.1
P0201,2005,2015,10,10-14,CVA16,128,1,Protected,0.1
P0201,2005,2020,15,15-19,EV-A71,256,1,Protected,0.1
P0201,2005,2020,15,15-19,EV-D68,64,1,Protected,0.1
P0201,2005,2020,15,15-19,CVA6,128,1,Protected,0.1
P0201,2005,2020,15,15-19,CVA16,64,1,Protected,0.1
P0201,2005,2025,20,20-39,EV-A71,512,1,Protected,0.1
P0201,2005,2025,20,20-39,EV-D68,128,1,Protected,0.1
P0201,2005,2025,20,20-39,CVA6,512,1,Protected,0.1
P0201,2005,2025,20,20-39,CVA16,512,1,Protected,0.1
P0202,1995,2005,10,10-14,EV-A71,128,1,Protected,0.1
P0202,1995,2005,10,10-14,EV-D68,128,1,Protected,0.1
P0202,1995,2005,10,10-14,CVA6,128,1,Protected,0.1
P0202,1995,2005,10,10-14,CVA16,32,1,Partially protected,0.5
P0202,1995,2010,15,15-19,EV-A71,256,1,Protected,0.1
P0202,1995,2010,15,15-19,EV-D68,64,1,Protected,0.1
P0202,1995,2010,15,15-19,CVA6,256,1,Protected,0.1
P0202,1995,2010,15,15-19,CVA16,128,1,Protected,0.1
P0202,1995,2015,20,20-39,EV-A71,512,1,Protected,0.1
P0202,1995,2015,20,20-39,EV-D68,256,1,Protected,0.1
P0202,1995,2015,20,20-39,CVA6,512,1,Protected,0.1
P0202,1995,2015,20,20-39,CVA16,256,1,Protected,0.1
P0202,1995,2020,25,20-39,EV-A71,512,1,Protected,0.1
P0202,1995,2020,25,20-39,EV-D68,512,1,Protected,0.1
P0202,1995,2020,25,20-39,CVA6,512,1,Protected,0.1
P0202,1995,2020,25,20-39,CVA16,256,1,Protected,0.1
P0202,1995,2025,30,20-39,EV-A71,512,1,Protected,0.1
P0202,1995,2025,30,20-39,EV-D68,512,1,Protected,0.1
P0202,1995,2025,30,20-39,CVA6,512,1,Protected,0.1
P0202,1995,2025,30,20-39,CVA16,128,1,Protected,0.1
P0203,2004,2005,1,0-4,EV-A71,64,1,Protected,0.1
P0203,2004,2005,1,0-4,EV-D68,32,1,Partially protected,0.5
P0203,2004,2005,1,0-4,CVA6,128,1,Protected,0.1
P0203,2004,2005,1,0-4,CVA16,16,0,Susceptible,1.0
P0203,2004,2010,6,5-9,EV-A71,64,1,Protected,0.1
P0203,2004,2010,6,5-9,EV-D68,64,1,Protected,0.1
P0203,2004,2010,6,5-9,CVA6,64,1,Protected,0.1
P0203,2004,2010,6,5-9,CVA16,64,1,Protected,0.1
P0203,2004,2015,11,10-14,EV-A71,256,1,Protected,0.1
P0203,2004,2015,11,10-14,EV-D68,128,1,Protected,0.1
P0203,2004,2015,11,10-14,CVA6,256,1,Protected,0.1
P0203,2004,2015,11,10-14,CVA16,128,1,Protected,0.1
P0203,2004,2020,16,15-19,EV-A71,512,1,Protected,0.1
P0203,2004,2020,16,15-19,EV-D68,256,1,Protected,0.1
P0203,2004,2020,16,15-19,CVA6,256,1,Protected,0.1
P0203,2004,2020,16,15-19,CVA16,128,1,Protected,0.1
P0203,2004,2025,21,20-39,EV-A71,512,1,Protected,0.1
P0203,2004,2025,21,20-39,EV-D68,128,1,Protected,0.1
P0203,2004,2025,21,20-39,CVA6,512,1,Protected,0.1
P0203,2004,2025,21,20-39,CVA16,256,1,Protected,0.1
P0204,2002,2005,3,0-4,EV-A71,64,1,Protected,0.1
P0204,2002,2005,3,0-4,EV-D68,16,0,Susceptible,1.0
P0204,2002,2005,3,0-4,CVA6,64,1,Protected,0.1
P0204,2002,2005,3,0-4,CVA16,32,1,Partially protected,0.5
P0204,2002,2010,8,5-9,EV-A71,64,1,Protected,0.1
P0204,2002,2010,8,5-9,EV-D68,16,0,Susceptible,1.0
P0204,2002,2010,8,5-9,CVA6,64,1,Protected,0.1
P0204,2002,2010,8,5-9,CVA16,64,1,Protected,0.1
P0204,2002,2015,13,10-14,EV-A71,256,1,Protected,0.1
P0204,2002,2015,13,10-14,EV-D68,128,1,Protected,0.1
P0204,2002,2015,13,10-14,CVA6,256,1,Protected,0.1
P0204,2002,2015,13,10-14,CVA16,128,1,Protected,0.1
P0204,2002,2020,18,15-19,EV-A71,128,1,Protected,0.1
P0204,2002,2020,18,15-19,EV-D68,64,1,Protected,0.1
P0204,2002,2020,18,15-19,CVA6,256,1,Protected,0.1
P0204,2002,2020,18,15-19,CVA16,64,1,Protected,0.1
P0204,2002,2025,23,20-39,EV-A71,512,1,Protected,0.1
P0204,2002,2025,23,20-39,EV-D68,256,1,Protected,0.1
P0204,2002,2025,23,20-39,CVA6,512,1,Protected,0.1
P0204,2002,2025,23,20-39,CVA16,512,1,Protected,0.1
P0205,2009,2010,1,0-4,EV-A71,128,1,Protected,0.1
P0205,2009,2010,1,0-4,EV-D68,64,1,Protected,0.1
P0205,2009,2010,1,0-4,CVA6,64,1,Protected,0.1
P0205,2009,2010,1,0-4,CVA16,32,1,Partially protected,0.5
P0205,2009,2015,6,5-9,EV-A71,128,1,Protected,0.1
P0205,2009,2015,6,5-9,EV-D68,64,1,Protected,0.1
P0205,2009,2015,6,5-9,CVA6,256,1,Protected,0.1
P0205,2009,2015,6,5-9,CVA16,32,1,Partially protected,0.5
P0205,2009,2020,11,10-14,EV-A71,512,1,Protected,0.1
P0205,2009,2020,11,10-14,EV-D68,128,1,Protected,0.1
P0205,2009,2020,11,10-14,CVA6,256,1,Protected,0.1
P0205,2009,2020,11,10-14,CVA16,128,1,Protected,0.1
P0205,2009,2025,16,15-19,EV-A71,512,1,Protected,0.1
P0205,2009,2025,16,15-19,EV-D68,128,1,Protected,0.1
P0205,2009,2025,16,15-19,CVA6,256,1,Protected,0.1
P0205,2009,2025,16,15-19,CVA16,128,1,Protected,0.1
P0206,1956,2005,49,40-59,EV-A71,256,1,Protected,0.1
P0206,1956,2005,49,40-59,EV-D68,128,1,Protected,0.1
P0206,1956,2005,49,40-59,CVA6,512,1,Protected,0.1
P0206,1956,2005,49,40-59,CVA16,64,1,Protected,0.1
P0206,1956,2010,54,40-59,EV-A71,512,1,Protected,0.1
P0206,1956,2010,54,40-59,EV-D68,128,1,Protected,0.1
P0206,1956,2010,54,40-59,CVA6,256,1,Protected,0.1
P0206,1956,2010,54,40-59,CVA16,128,1,Protected,0.1
P0206,1956,2015,59,40-59,EV-A71,512,1,Protected,0.1
P0206,1956,2015,59,40-59,EV-D68,128,1,Protected,0.1
P0206,1956,2015,59,40-59,CVA6,512,1,Protected,0.1
P0206,1956,2015,59,40-59,CVA16,256,1,Protected,0.1
P0206,1956,2020,64,60+,EV-A71,512,1,Protected,0.1
P0206,1956,2020,64,60+,EV-D68,256,1,Protected,0.1
P0206,1956,2020,64,60+,CVA6,512,1,Protected,0.1
P0206,1956,2020,64,60+,CVA16,256,1,Protected,0.1
P0206,1956,2025,69,60+,EV-A71,512,1,Protected,0.1
P0206,1956,2025,69,60+,EV-D68,512,1,Protected,0.1
P0206,1956,2025,69,60+,CVA6,256,1,Protected,0.1
P0206,1956,2025,69,60+,CVA16,256,1,Protected,0.1
P0207,1962,2005,43,40-59,EV-A71,256,1,Protected,0.1
P0207,1962,2005,43,40-59,EV-D68,128,1,Protected,0.1
P0207,1962,2005,43,40-59,CVA6,128,1,Protected,0.1
P0207,1962,2005,43,40-59,CVA16,128,1,Protected,0.1
P0207,1962,2010,48,40-59,EV-A71,256,1,Protected,0.1
P0207,1962,2010,48,40-59,EV-D68,128,1,Protected,0.1
P0207,1962,2010,48,40-59,CVA6,256,1,Protected,0.1
P0207,1962,2010,48,40-59,CVA16,256,1,Protected,0.1
P0207,1962,2015,53,40-59,EV-A71,512,1,Protected,0.1
P0207,1962,2015,53,40-59,EV-D68,256,1,Protected,0.1
P0207,1962,2015,53,40-59,CVA6,256,1,Protected,0.1
P0207,1962,2015,53,40-59,CVA16,256,1,Protected,0.1
P0207,1962,2020,58,40-59,EV-A71,256,1,Protected,0.1
P0207,1962,2020,58,40-59,EV-D68,256,1,Protected,0.1
P0207,1962,2020,58,40-59,CVA6,512,1,Protected,0.1
P0207,1962,2020,58,40-59,CVA16,512,1,Protected,0.1
P0207,1962,2025,63,60+,EV-A71,512,1,Protected,0.1
P0207,1962,2025,63,60+,EV-D68,256,1,Protected,0.1
P0207,1962,2025,63,60+,CVA6,512,1,Protected,0.1
P0207,1962,2025,63,60+,CVA16,128,1,Protected,0.1
P0208,1957,2005,48,40-59,EV-A71,512,1,Protected,0.1
P0208,1957,2005,48,40-59,EV-D68,128,1,Protected,0.1
P0208,1957,2005,48,40-59,CVA6,128,1,Protected,0.1
P0208,1957,2005,48,40-59,CVA16,128,1,Protected,0.1
P0208,1957,2010,53,40-59,EV-A71,256,1,Protected,0.1
P0208,1957,2010,53,40-59,EV-D68,128,1,Protected,0.1
P0208,1957,2010,53,40-59,CVA6,512,1,Protected,0.1
P0208,1957,2010,53,40-59,CVA16,128,1,Protected,0.1
P0208,1957,2015,58,40-59,EV-A71,512,1,Protected,0.1
P0208,1957,2015,58,40-59,EV-D68,512,1,Protected,0.1
P0208,1957,2015,58,40-59,CVA6,256,1,Protected,0.1
P0208,1957,2015,58,40-59,CVA16,256,1,Protected,0.1
P0208,1957,2020,63,60+,EV-A71,256,1,Protected,0.1
P0208,1957,2020,63,60+,EV-D68,256,1,Protected,0.1
P0208,1957,2020,63,60+,CVA6,512,1,Protected,0.1
P0208,1957,2020,63,60+,CVA16,512,1,Protected,0.1
P0208,1957,2025,68,60+,EV-A71,512,1,Protected,0.1
P0208,1957,2025,68,60+,EV-D68,256,1,Protected,0.1
P0208,1957,2025,68,60+,CVA6,512,1,Protected,0.1
P0208,1957,2025,68,60+,CVA16,256,1,Protected,0.1
P0209,2001,2005,4,0-4,EV-A71,64,1,Protected,0.1
P0209,2001,2005,4,0-4,EV-D68,64,1,Protected,0.1
P0209,2001,2005,4,0-4,CVA6,64,1,Protected,0.1
P0209,2001,2005,4,0-4,CVA16,64,1,Protected,0.1
P0209,2001,2010,9,5-9,EV-A71,64,1,Protected,0.1
P0209,2001,2010,9,5-9,EV-D68,64,1,Protected,0.1
P0209,2001,2010,9,5-9,CVA6,128,1,Protected,0.1
P0209,2001,2010,9,5-9,CVA16,32,1,Partially protected,0.5
P0209,2001,2015,14,10-14,EV-A71,256,1,Protected,0.1
P0209,2001,2015,14,10-14,EV-D68,128,1,Protected,0.1
P0209,2001,2015,14,10-14,CVA6,256,1,Protected,0.1
P0209,2001,2015,14,10-14,CVA16,256,1,Protected,0.1
P0209,2001,2020,19,15-19,EV-A71,512,1,Protected,0.1
P0209,2001,2020,19,15-19,EV-D68,64,1,Protected,0.1
P0209,2001,2020,19,15-19,CVA6,256,1,Protected,0.1
P0209,2001,2020,19,15-19,CVA16,128,1,Protected,0.1
P0209,2001,2025,24,20-39,EV-A71,512,1,Protected,0.1
P0209,2001,2025,24,20-39,EV-D68,256,1,Protected,0.1
P0209,2001,2025,24,20-39,CVA6,256,1,Protected,0.1
P0209,2001,2025,24,20-39,CVA16,128,1,Protected,0.1
P0210,1993,2005,12,10-14,EV-A71,128,1,Protected,0.1
P0210,1993,2005,12,10-14,EV-D68,128,1,Protected,0.1
P0210,1993,2005,12,10-14,CVA6,256,1,Protected,0.1
P0210,1993,2005,12,10-14,CVA16,64,1,Protected,0.1
P0210,1993,2010,17,15-19,EV-A71,128,1,Protected,0.1
P0210,1993,2010,17,15-19,EV-D68,128,1,Protected,0.1
P0210,1993,2010,17,15-19,CVA6,64,1,Protected,0.1
P0210,1993,2010,17,15-19,CVA16,64,1,Protected,0.1
P0210,1993,2015,22,20-39,EV-A71,512,1,Protected,0.1
P0210,1993,2015,22,20-39,EV-D68,512,1,Protected,0.1
P0210,1993,2015,22,20-39,CVA6,512,1,Protected,0.1
P0210,1993,2015,22,20-39,CVA16,128,1,Protected,0.1
P0210,1993,2020,27,20-39,EV-A71,512,1,Protected,0.1
P0210,1993,2020,27,20-39,EV-D68,512,1,Protected,0.1
P0210,1993,2020,27,20-39,CVA6,256,1,Protected,0.1
P0210,1993,2020,27,20-39,CVA16,128,1,Protected,0.1
P0210,1993,2025,32,20-39,EV-A71,512,1,Protected,0.1
P0210,1993,2025,32,20-39,EV-D68,256,1,Protected,0.1
P0210,1993,2025,32,20-39,CVA6,512,1,Protected,0.1
P0210,1993,2025,32,20-39,CVA16,512,1,Protected,0.1
P0211,1963,2005,42,40-59,EV-A71,128,1,Protected,0.1
P0211,1963,2005,42,40-59,EV-D68,128,1,Protected,0.1
P0211,1963,2005,42,40-59,CVA6,512,1,Protected,0.1
P0211,1963,2005,42,40-59,CVA16,128,1,Protected,0.1
P0211,1963,2010,47,40-59,EV-A71,256,1,Protected,0.1
P0211,1963,2010,47,40-59,EV-D68,64,1,Protected,0.1
P0211,1963,2010,47,40-59,CVA6,512,1,Protected,0.1
P0211,1963,2010,47,40-59,CVA16,128,1,Protected,0.1
P0211,1963,2015,52,40-59,EV-A71,512,1,Protected,0.1
P0211,1963,2015,52,40-59,EV-D68,256,1,Protected,0.1
P0211,1963,2015,52,40-59,CVA6,512,1,Protected,0.1
P0211,1963,2015,52,40-59,CVA16,256,1,Protected,0.1
P0211,1963,2020,57,40-59,EV-A71,512,1,Protected,0.1
P0211,1963,2020,57,40-59,EV-D68,512,1,Protected,0.1
P0211,1963,2020,57,40-59,CVA6,256,1,Protected,0.1
P0211,1963,2020,57,40-59,CVA16,256,1,Protected,0.1
P0211,1963,2025,62,60+,EV-A71,512,1,Protected,0.1
P0211,1963,2025,62,60+,EV-D68,256,1,Protected,0.1
P0211,1963,2025,62,60+,CVA6,512,1,Protected,0.1
P0211,1963,2025,62,60+,CVA16,256,1,Protected,0.1
P0212,1981,2005,24,20-39,EV-A71,128,1,Protected,0.1
P0212,1981,2005,24,20-39,EV-D68,128,1,Protected,0.1
P0212,1981,2005,24,20-39,CVA6,512,1,Protected,0.1
P0212,1981,2005,24,20-39,CVA16,256,1,Protected,0.1
P0212,1981,2010,29,20-39,EV-A71,256,1,Protected,0.1
P0212,1981,2010,29,20-39,EV-D68,128,1,Protected,0.1
P0212,1981,2010,29,20-39,CVA6,256,1,Protected,0.1
P0212,1981,2010,29,20-39,CVA16,64,1,Protected,0.1
P0212,1981,2015,34,20-39,EV-A71,256,1,Protected,0.1
P0212,1981,2015,34,20-39,EV-D68,512,1,Protected,0.1
P0212,1981,2015,34,20-39,CVA6,512,1,Protected,0.1
P0212,1981,2015,34,20-39,CVA16,128,1,Protected,0.1
P0212,1981,2020,39,20-39,EV-A71,512,1,Protected,0.1
P0212,1981,2020,39,20-39,EV-D68,128,1,Protected,0.1
P0212,1981,2020,39,20-39,CVA6,512,1,Protected,0.1
P0212,1981,2020,39,20-39,CVA16,256,1,Protected,0.1
P0212,1981,2025,44,40-59,EV-A71,512,1,Protected,0.1
P0212,1981,2025,44,40-59,EV-D68,256,1,Protected,0.1
P0212,1981,2025,44,40-59,CVA6,512,1,Protected,0.1
P0212,1981,2025,44,40-59,CVA16,128,1,Protected,0.1
P0213,1974,2005,31,20-39,EV-A71,256,1,Protected,0.1
P0213,1974,2005,31,20-39,EV-D68,128,1,Protected,0.1
P0213,1974,2005,31,20-39,CVA6,512,1,Protected,0.1
P0213,1974,2005,31,20-39,CVA16,128,1,Protected,0.1
P0213,1974,2010,36,20-39,EV-A71,256,1,Protected,0.1
P0213,1974,2010,36,20-39,EV-D68,256,1,Protected,0.1
P0213,1974,2010,36,20-39,CVA6,256,1,Protected,0.1
P0213,1974,2010,36,20-39,CVA16,256,1,Protected,0.1
P0213,1974,2015,41,40-59,EV-A71,512,1,Protected,0.1
P0213,1974,2015,41,40-59,EV-D68,512,1,Protected,0.1
P0213,1974,2015,41,40-59,CVA6,512,1,Protected,0.1
P0213,1974,2015,41,40-59,CVA16,256,1,Protected,0.1
P0213,1974,2020,46,40-59,EV-A71,512,1,Protected,0.1
P0213,1974,2020,46,40-59,EV-D68,256,1,Protected,0.1
P0213,1974,2020,46,40-59,CVA6,512,1,Protected,0.1
P0213,1974,2020,46,40-59,CVA16,512,1,Protected,0.1
P0213,1974,2025,51,40-59,EV-A71,512,1,Protected,0.1
P0213,1974,2025,51,40-59,EV-D68,256,1,Protected,0.1
P0213,1974,2025,51,40-59,CVA6,512,1,Protected,0.1
P0213,1974,2025,51,40-59,CVA16,512,1,Protected,0.1
P0214,1974,2005,31,20-39,EV-A71,512,1,Protected,0.1
P0214,1974,2005,31,20-39,EV-D68,128,1,Protected,0.1
P0214,1974,2005,31,20-39,CVA6,256,1,Protected,0.1
P0214,1974,2005,31,20-39,CVA16,128,1,Protected,0.1
P0214,1974,2010,36,20-39,EV-A71,512,1,Protected,0.1
P0214,1974,2010,36,20-39,EV-D68,128,1,Protected,0.1
P0214,1974,2010,36,20-39,CVA6,256,1,Protected,0.1
P0214,1974,2010,36,20-39,CVA16,128,1,Protected,0.1
P0214,1974,2015,41,40-59,EV-A71,256,1,Protected,0.1
P0214,1974,2015,41,40-59,EV-D68,256,1,Protected,0.1
P0214,1974,2015,41,40-59,CVA6,512,1,Protected,0.1
P0214,1974,2015,41,40-59,CVA16,256,1,Protected,0.1
P0214,1974,2020,46,40-59,EV-A71,256,1,Protected,0.1
P0214,1974,2020,46,40-59,EV-D68,256,1,Protected,0.1
P0214,1974,2020,46,40-59,CVA6,512,1,Protected,0.1
P0214,1974,2020,46,40-59,CVA16,256,1,Protected,0.1
P0214,1974,2025,51,40-59,EV-A71,512,1,Protected,0.1
P0214,1974,2025,51,40-59,EV-D68,512,1,Protected,0.1
P0214,1974,2025,51,40-59,CVA6,512,1,Protected,0.1
P0214,1974,2025,51,40-59,CVA16,128,1,Protected,0.1
P0215,2018,2020,2,0-4,EV-A71,128,1,Protected,0.1
P0215,2018,2020,2,0-4,EV-D68,64,1,Protected,0.1
P0215,2018,2020,2,0-4,CVA6,64,1,Protected,0.1
P0215,2018,2020,2,0-4,CVA16,32,1,Partially protected,0.5
P0215,2018,2025,7,5-9,EV-A71,128,1,Protected,0.1
P0215,2018,2025,7,5-9,EV-D68,64,1,Protected,0.1
P0215,2018,2025,7,5-9,CVA6,256,1,Protected,0.1
P0215,2018,2025,7,5-9,CVA16,64,1,Protected,0.1
P0216,2007,2010,3,0-4,EV-A71,32,1,Partially protected,0.5
P0216,2007,2010,3,0-4,EV-D68,16,0,Susceptible,1.0
P0216,2007,2010,3,0-4,CVA6,64,1,Protected,0.1
P0216,2007,2010,3,0-4,CVA16,32,1,Partially protected,0.5
P0216,2007,2015,8,5-9,EV-A71,128,1,Protected,0.1
P0216,2007,2015,8,5-9,EV-D68,32,1,Partially protected,0.5
P0216,2007,2015,8,5-9,CVA6,256,1,Protected,0.1
P0216,2007,2015,8,5-9,CVA16,32,1,Partially protected,0.5
P0216,2007,2020,13,10-14,EV-A71,256,1,Protected,0.1
P0216,2007,2020,13,10-14,EV-D68,128,1,Protected,0.1
P0216,2007,2020,13,10-14,CVA6,512,1,Protected,0.1
P0216,2007,2020,13,10-14,CVA16,256,1,Protected,0.1
P0216,2007,2025,18,15-19,EV-A71,256,1,Protected,0.1
P0216,2007,2025,18,15-19,EV-D68,256,1,Protected,0.1
P0216,2007,2025,18,15-19,CVA6,128,1,Protected,0.1
P0216,2007,2025,18,15-19,CVA16,128,1,Protected,0.1
P0217,1967,2005,38,20-39,EV-A71,256,1,Protected,0.1
P0217,1967,2005,38,20-39,EV-D68,128,1,Protected,0.1
P0217,1967,2005,38,20-39,CVA6,128,1,Protected,0.1
P0217,1967,2005,38,20-39,CVA16,128,1,Protected,0.1
P0217,1967,2010,43,40-59,EV-A71,512,1,Protected,0.1
P0217,1967,2010,43,40-59,EV-D68,128,1,Protected,0.1
P0217,1967,2010,43,40-59,CVA6,256,1,Protected,0.1
P0217,1967,2010,43,40-59,CVA16,64,1,Protected,0.1
P0217,1967,2015,48,40-59,EV-A71,512,1,Protected,0.1
P0217,1967,2015,48,40-59,EV-D68,512,1,Protected,0.1
P0217,1967,2015,48,40-59,CVA6,512,1,Protected,0.1
P0217,1967,2015,48,40-59,CVA16,256,1,Protected,0.1
P0217,1967,2020,53,40-59,EV-A71,512,1,Protected,0.1
P0217,1967,2020,53,40-59,EV-D68,256,1,Protected,0.1
P0217,1967,2020,53,40-59,CVA6,256,1,Protected,0.1
P0217,1967,2020,53,40-59,CVA16,256,1,Protected,0.1
P0217,1967,2025,58,40-59,EV-A71,512,1,Protected,0.1
P0217,1967,2025,58,40-59,EV-D68,128,1,Protected,0.1
P0217,1967,2025,58,40-59,CVA6,512,1,Protected,0.1
P0217,1967,2025,58,40-59,CVA16,128,1,Protected,0.1
P0218,2004,2005,1,0-4,EV-A71,64,1,Protected,0.1
P0218,2004,2005,1,0-4,EV-D68,32,1,Partially protected,0.5
P0218,2004,2005,1,0-4,CVA6,64,1,Protected,0.1
P0218,2004,2005,1,0-4,CVA16,32,1,Partially protected,0.5
P0218,2004,2010,6,5-9,EV-A71,64,1,Protected,0.1
P0218,2004,2010,6,5-9,EV-D68,64,1,Protected,0.1
P0218,2004,2010,6,5-9,CVA6,64,1,Protected,0.1
P0218,2004,2010,6,5-9,CVA16,64,1,Protected,0.1
P0218,2004,2015,11,10-14,EV-A71,128,1,Protected,0.1
P0218,2004,2015,11,10-14,EV-D68,64,1,Protected,0.1
P0218,2004,2015,11,10-14,CVA6,128,1,Protected,0.1
P0218,2004,2015,11,10-14,CVA16,256,1,Protected,0.1
P0218,2004,2020,16,15-19,EV-A71,256,1,Protected,0.1
P0218,2004,2020,16,15-19,EV-D68,256,1,Protected,0.1
P0218,2004,2020,16,15-19,CVA6,512,1,Protected,0.1
P0218,2004,2020,16,15-19,CVA16,128,1,Protected,0.1
P0218,2004,2025,21,20-39,EV-A71,512,1,Protected,0.1
P0218,2004,2025,21,20-39,EV-D68,256,1,Protected,0.1
P0218,2004,2025,21,20-39,CVA6,512,1,Protected,0.1
P0218,2004,2025,21,20-39,CVA16,512,1,Protected,0.1
P0219,1973,2005,32,20-39,EV-A71,256,1,Protected,0.1
P0219,1973,2005,32,20-39,EV-D68,128,1,Protected,0.1
P0219,1973,2005,32,20-39,CVA6,256,1,Protected,0.1
P0219,1973,2005,32,20-39,CVA16,256,1,Protected,0.1
P0219,1973,2010,37,20-39,EV-A71,128,1,Protected,0.1
P0219,1973,2010,37,20-39,EV-D68,128,1,Protected,0.1
P0219,1973,2010,37,20-39,CVA6,256,1,Protected,0.1
P0219,1973,2010,37,20-39,CVA16,128,1,Protected,0.1
P0219,1973,2015,42,40-59,EV-A71,512,1,Protected,0.1
P0219,1973,2015,42,40-59,EV-D68,128,1,Protected,0.1
P0219,1973,2015,42,40-59,CVA6,512,1,Protected,0.1
P0219,1973,2015,42,40-59,CVA16,128,1,Protected,0.1
P0219,1973,2020,47,40-59,EV-A71,512,1,Protected,0.1
P0219,1973,2020,47,40-59,EV-D68,256,1,Protected,0.1
P0219,1973,2020,47,40-59,CVA6,512,1,Protected,0.1
P0219,1973,2020,47,40-59,CVA16,128,1,Protected,0.1
P0219,1973,2025,52,40-59,EV-A71,512,1,Protected,0.1
P0219,1973,2025,52,40-59,EV-D68,256,1,Protected,0.1
P0219,1973,2025,52,40-59,CVA6,512,1,Protected,0.1
P0219,1973,2025,52,40-59,CVA16,512,1,Protected,0.1
P0220,1985,2005,20,20-39,EV-A71,256,1,Protected,0.1
P0220,1985,2005,20,20-39,EV-D68,128,1,Protected,0.1
P0220,1985,2005,20,20-39,CVA6,256,1,Protected,0.1
P0220,1985,2005,20,20-39,CVA16,256,1,Protected,0.1
P0220,1985,2010,25,20-39,EV-A71,256,1,Protected,0.1
P0220,1985,2010,25,20-39,EV-D68,128,1,Protected,0.1
P0220,1985,2010,25,20-39,CVA6,256,1,Protected,0.1
P0220,1985,2010,25,20-39,CVA16,128,1,Protected,0.1
P0220,1985,2015,30,20-39,EV-A71,512,1,Protected,0.1
P0220,1985,2015,30,20-39,EV-D68,512,1,Protected,0.1
P0220,1985,2015,30,20-39,CVA6,256,1,Protected,0.1
P0220,1985,2015,30,20-39,CVA16,256,1,Protected,0.1
P0220,1985,2020,35,20-39,EV-A71,256,1,Protected,0.1
P0220,1985,2020,35,20-39,EV-D68,256,1,Protected,0.1
P0220,1985,2020,35,20-39,CVA6,256,1,Protected,0.1
P0220,1985,2020,35,20-39,CVA16,256,1,Protected,0.1
P0220,1985,2025,40,40-59,EV-A71,512,1,Protected,0.1
P0220,1985,2025,40,40-59,EV-D68,256,1,Protected,0.1
P0220,1985,2025,40,40-59,CVA6,512,1,Protected,0.1
P0220,1985,2025,40,40-59,CVA16,256,1,Protected,0.1
P0221,2009,2010,1,0-4,EV-A71,64,1,Protected,0.1
P0221,2009,2010,1,0-4,EV-D68,64,1,Protected,0.1
P0221,2009,2010,1,0-4,CVA6,128,1,Protected,0.1
P0221,2009,2010,1,0-4,CVA16,16,0,Susceptible,1.0
P0221,2009,2015,6,5-9,EV-A71,128,1,Protected,0.1
P0221,2009,2015,6,5-9,EV-D68,64,1,Protected,0.1
P0221,2009,2015,6,5-9,CVA6,128,1,Protected,0.1
P0221,2009,2015,6,5-9,CVA16,32,1,Partially protected,0.5
P0221,2009,2020,11,10-14,EV-A71,256,1,Protected,0.1
P0221,2009,2020,11,10-14,EV-D68,128,1,Protected,0.1
P0221,2009,2020,11,10-14,CVA6,128,1,Protected,0.1
P0221,2009,2020,11,10-14,CVA16,256,1,Protected,0.1
P0221,2009,2025,16,15-19,EV-A71,256,1,Protected,0.1
P0221,2009,2025,16,15-19,EV-D68,128,1,Protected,0.1
P0221,2009,2025,16,15-19,CVA6,256,1,Protected,0.1
P0221,2009,2025,16,15-19,CVA16,128,1,Protected,0.1
P0222,1981,2005,24,20-39,EV-A71,256,1,Protected,0.1
P0222,1981,2005,24,20-39,EV-D68,256,1,Protected,0.1
P0222,1981,2005,24,20-39,CVA6,256,1,Protected,0.1
P0222,1981,2005,24,20-39,CVA16,128,1,Protected,0.1
P0222,1981,2010,29,20-39,EV-A71,256,1,Protected,0.1
P0222,1981,2010,29,20-39,EV-D68,128,1,Protected,0.1
P0222,1981,2010,29,20-39,CVA6,256,1,Protected,0.1
P0222,1981,2010,29,20-39,CVA16,128,1,Protected,0.1
P0222,1981,2015,34,20-39,EV-A71,512,1,Protected,0.1
P0222,1981,2015,34,20-39,EV-D68,256,1,Protected,0.1
P0222,1981,2015,34,20-39,CVA6,512,1,Protected,0.1
P0222,1981,2015,34,20-39,CVA16,256,1,Protected,0.1
P0222,1981,2020,39,20-39,EV-A71,512,1,Protected,0.1
P0222,1981,2020,39,20-39,EV-D68,256,1,Protected,0.1
P0222,1981,2020,39,20-39,CVA6,512,1,Protected,0.1
P0222,1981,2020,39,20-39,CVA16,256,1,Protected,0.1
P0222,1981,2025,44,40-59,EV-A71,512,1,Protected,0.1
P0222,1981,2025,44,40-59,EV-D68,128,1,Protected,0.1
P0222,1981,2025,44,40-59,CVA6,256,1,Protected,0.1
P0222,1981,2025,44,40-59,CVA16,128,1,Protected,0.1
P0223,1959,2005,46,40-59,EV-A71,256,1,Protected,0.1
P0223,1959,2005,46,40-59,EV-D68,256,1,Protected,0.1
P0223,1959,2005,46,40-59,CVA6,128,1,Protected,0.1
P0223,1959,2005,46,40-59,CVA16,256,1,Protected,0.1
P0223,1959,2010,51,40-59,EV-A71,128,1,Protected,0.1
P0223,1959,2010,51,40-59,EV-D68,128,1,Protected,0.1
P0223,1959,2010,51,40-59,CVA6,256,1,Protected,0.1
P0223,1959,2010,51,40-59,CVA16,256,1,Protected,0.1
P0223,1959,2015,56,40-59,EV-A71,512,1,Protected,0.1
P0223,1959,2015,56,40-59,EV-D68,256,1,Protected,0.1
P0223,1959,2015,56,40-59,CVA6,512,1,Protected,0.1
P0223,1959,2015,56,40-59,CVA16,256,1,Protected,0.1
P0223,1959,2020,61,60+,EV-A71,512,1,Protected,0.1
P0223,1959,2020,61,60+,EV-D68,256,1,Protected,0.1
P0223,1959,2020,61,60+,CVA6,512,1,Protected,0.1
P0223,1959,2020,61,60+,CVA16,256,1,Protected,0.1
P0223,1959,2025,66,60+,EV-A71,512,1,Protected,0.1
P0223,1959,2025,66,60+,EV-D68,256,1,Protected,0.1
P0223,1959,2025,66,60+,CVA6,512,1,Protected,0.1
P0223,1959,2025,66,60+,CVA16,256,1,Protected,0.1
P0224,2006,2010,4,0-4,EV-A71,32,1,Partially protected,0.5
P0224,2006,2010,4,0-4,EV-D68,64,1,Protected,0.1
P0224,2006,2010,4,0-4,CVA6,64,1,Protected,0.1
P0224,2006,2010,4,0-4,CVA16,32,1,Partially protected,0.5
P0224,2006,2015,9,5-9,EV-A71,256,1,Protected,0.1
P0224,2006,2015,9,5-9,EV-D68,32,1,Partially protected,0.5
P0224,2006,2015,9,5-9,CVA6,256,1,Protected,0.1
P0224,2006,2015,9,5-9,CVA16,64,1,Protected,0.1
P0224,2006,2020,14,10-14,EV-A71,256,1,Protected,0.1
P0224,2006,2020,14,10-14,EV-D68,128,1,Protected,0.1
P0224,2006,2020,14,10-14,CVA6,256,1,Protected,0.1
P0224,2006,2020,14,10-14,CVA16,64,1,Protected,0.1
P0224,2006,2025,19,15-19,EV-A71,512,1,Protected,0.1
P0224,2006,2025,19,15-19,EV-D68,128,1,Protected,0.1
P0224,2006,2025,19,15-19,CVA6,256,1,Protected,0.1
P0224,2006,2025,19,15-19,CVA16,64,1,Protected,0.1
P0225,2020,2020,0,0-4,EV-A71,64,1,Protected,0.1
P0225,2020,2020,0,0-4,EV-D68,64,1,Protected,0.1
P0225,2020,2020,0,0-4,CVA6,128,1,Protected,0.1
P0225,2020,2020,0,0-4,CVA16,128,1,Protected,0.1
P0225,2020,2025,5,5-9,EV-A71,64,1,Protected,0.1
P0225,2020,2025,5,5-9,EV-D68,64,1,Protected,0.1
P0225,2020,2025,5,5-9,CVA6,128,1,Protected,0.1
P0225,2020,2025,5,5-9,CVA16,128,1,Protected,0.1
P0226,1962,2005,43,40-59,EV-A71,256,1,Protected,0.1
P0226,1962,2005,43,40-59,EV-D68,128,1,Protected,0.1
P0226,1962,2005,43,40-59,CVA6,512,1,Protected,0.1
P0226,1962,2005,43,40-59,CVA16,128,1,Protected,0.1
P0226,1962,2010,48,40-59,EV-A71,256,1,Protected,0.1
P0226,1962,2010,48,40-59,EV-D68,128,1,Protected,0.1
P0226,1962,2010,48,40-59,CVA6,256,1,Protected,0.1
P0226,1962,2010,48,40-59,CVA16,256,1,Protected,0.1
P0226,1962,2015,53,40-59,EV-A71,512,1,Protected,0.1
P0226,1962,2015,53,40-59,EV-D68,256,1,Protected,0.1
P0226,1962,2015,53,40-59,CVA6,512,1,Protected,0.1
P0226,1962,2015,53,40-59,CVA16,256,1,Protected,0.1
P0226,1962,2020,58,40-59,EV-A71,512,1,Protected,0.1
P0226,1962,2020,58,40-59,EV-D68,256,1,Protected,0.1
P0226,1962,2020,58,40-59,CVA6,512,1,Protected,0.1
P0226,1962,2020,58,40-59,CVA16,256,1,Protected,0.1
P0226,1962,2025,63,60+,EV-A71,512,1,Protected,0.1
P0226,1962,2025,63,60+,EV-D68,256,1,Protected,0.1
P0226,1962,2025,63,60+,CVA6,512,1,Protected,0.1
P0226,1962,2025,63,60+,CVA16,256,1,Protected,0.1
P0227,1956,2005,49,40-59,EV-A71,256,1,Protected,0.1
P0227,1956,2005,49,40-59,EV-D68,256,1,Protected,0.1
P0227,1956,2005,49,40-59,CVA6,256,1,Protected,0.1
P0227,1956,2005,49,40-59,CVA16,256,1,Protected,0.1
P0227,1956,2010,54,40-59,EV-A71,256,1,Protected,0.1
P0227,1956,2010,54,40-59,EV-D68,64,1,Protected,0.1
P0227,1956,2010,54,40-59,CVA6,256,1,Protected,0.1
P0227,1956,2010,54,40-59,CVA16,128,1,Protected,0.1
P0227,1956,2015,59,40-59,EV-A71,512,1,Protected,0.1
P0227,1956,2015,59,40-59,EV-D68,256,1,Protected,0.1
P0227,1956,2015,59,40-59,CVA6,512,1,Protected,0.1
P0227,1956,2015,59,40-59,CVA16,256,1,Protected,0.1
P0227,1956,2020,64,60+,EV-A71,512,1,Protected,0.1
P0227,1956,2020,64,60+,EV-D68,256,1,Protected,0.1
P0227,1956,2020,64,60+,CVA6,512,1,Protected,0.1
P0227,1956,2020,64,60+,CVA16,128,1,Protected,0.1
P0227,1956,2025,69,60+,EV-A71,512,1,Protected,0.1
P0227,1956,2025,69,60+,EV-D68,256,1,Protected,0.1
P0227,1956,2025,69,60+,CVA6,512,1,Protected,0.1
P0227,1956,2025,69,60+,CVA16,256,1,Protected,0.1
P0228,2019,2020,1,0-4,EV-A71,256,1,Protected,0.1
P0228,2019,2020,1,0-4,EV-D68,128,1,Protected,0.1
P0228,2019,2020,1,0-4,CVA6,128,1,Protected,0.1
P0228,2019,2020,1,0-4,CVA16,64,1,Protected,0.1
P0228,2019,2025,6,5-9,EV-A71,128,1,Protected,0.1
P0228,2019,2025,6,5-9,EV-D68,64,1,Protected,0.1
P0228,2019,2025,6,5-9,CVA6,256,1,Protected,0.1
P0228,2019,2025,6,5-9,CVA16,128,1,Protected,0.1
P0229,1951,2005,54,40-59,EV-A71,128,1,Protected,0.1
P0229,1951,2005,54,40-59,EV-D68,128,1,Protected,0.1
P0229,1951,2005,54,40-59,CVA6,128,1,Protected,0.1
P0229,1951,2005,54,40-59,CVA16,128,1,Protected,0.1
P0229,1951,2010,59,40-59,EV-A71,128,1,Protected,0.1
P0229,1951,2010,59,40-59,EV-D68,128,1,Protected,0.1
P0229,1951,2010,59,40-59,CVA6,256,1,Protected,0.1
P0229,1951,2010,59,40-59,CVA16,128,1,Protected,0.1
P0229,1951,2015,64,60+,EV-A71,256,1,Protected,0.1
P0229,1951,2015,64,60+,EV-D68,256,1,Protected,0.1
P0229,1951,2015,64,60+,CVA6,512,1,Protected,0.1
P0229,1951,2015,64,60+,CVA16,256,1,Protected,0.1
P0229,1951,2020,69,60+,EV-A71,512,1,Protected,0.1
P0229,1951,2020,69,60+,EV-D68,256,1,Protected,0.1
P0229,1951,2020,69,60+,CVA6,512,1,Protected,0.1
P0229,1951,2020,69,60+,CVA16,512,1,Protected,0.1
P0229,1951,2025,74,60+,EV-A71,512,1,Protected,0.1
P0229,1951,2025,74,60+,EV-D68,256,1,Protected,0.1
P0229,1951,2025,74,60+,CVA6,256,1,Protected,0.1
P0229,1951,2025,74,60+,CVA16,256,1,Protected,0.1
P0230,1961,2005,44,40-59,EV-A71,128,1,Protected,0.1
P0230,1961,2005,44,40-59,EV-D68,128,1,Protected,0.1
P0230,1961,2005,44,40-59,CVA6,512,1,Protected,0.1
P0230,1961,2005,44,40-59,CVA16,128,1,Protected,0.1
P0230,1961,2010,49,40-59,EV-A71,512,1,Protected,0.1
P0230,1961,2010,49,40-59,EV-D68,256,1,Protected,0.1
P0230,1961,2010,49,40-59,CVA6,512,1,Protected,0.1
P0230,1961,2010,49,40-59,CVA16,128,1,Protected,0.1
P0230,1961,2015,54,40-59,EV-A71,512,1,Protected,0.1
P0230,1961,2015,54,40-59,EV-D68,256,1,Protected,0.1
P0230,1961,2015,54,40-59,CVA6,512,1,Protected,0.1
P0230,1961,2015,54,40-59,CVA16,512,1,Protected,0.1
P0230,1961,2020,59,40-59,EV-A71,512,1,Protected,0.1
P0230,1961,2020,59,40-59,EV-D68,256,1,Protected,0.1
P0230,1961,2020,59,40-59,CVA6,256,1,Protected,0.1
P0230,1961,2020,59,40-59,CVA16,256,1,Protected,0.1
P0230,1961,2025,64,60+,EV-A71,512,1,Protected,0.1
P0230,1961,2025,64,60+,EV-D68,256,1,Protected,0.1
P0230,1961,2025,64,60+,CVA6,512,1,Protected,0.1
P0230,1961,2025,64,60+,CVA16,256,1,Protected,0.1
P0231,1980,2005,25,20-39,EV-A71,256,1,Protected,0.1
P0231,1980,2005,25,20-39,EV-D68,128,1,Protected,0.1
P0231,1980,2005,25,20-39,CVA6,256,1,Protected,0.1
P0231,1980,2005,25,20-39,CVA16,256,1,Protected,0.1
P0231,1980,2010,30,20-39,EV-A71,512,1,Protected,0.1
P0231,1980,2010,30,20-39,EV-D68,128,1,Protected,0.1
P0231,1980,2010,30,20-39,CVA6,128,1,Protected,0.1
P0231,1980,2010,30,20-39,CVA16,64,1,Protected,0.1
P0231,1980,2015,35,20-39,EV-A71,512,1,Protected,0.1
P0231,1980,2015,35,20-39,EV-D68,256,1,Protected,0.1
P0231,1980,2015,35,20-39,CVA6,512,1,Protected,0.1
P0231,1980,2015,35,20-39,CVA16,256,1,Protected,0.1
P0231,1980,2020,40,40-59,EV-A71,512,1,Protected,0.1
P0231,1980,2020,40,40-59,EV-D68,256,1,Protected,0.1
P0231,1980,2020,40,40-59,CVA6,512,1,Protected,0.1
P0231,1980,2020,40,40-59,CVA16,512,1,Protected,0.1
P0231,1980,2025,45,40-59,EV-A71,512,1,Protected,0.1
P0231,1980,2025,45,40-59,EV-D68,256,1,Protected,0.1
P0231,1980,2025,45,40-59,CVA6,512,1,Protected,0.1
P0231,1980,2025,45,40-59,CVA16,256,1,Protected,0.1
P0232,1971,2005,34,20-39,EV-A71,512,1,Protected,0.1
P0232,1971,2005,34,20-39,EV-D68,256,1,Protected,0.1
P0232,1971,2005,34,20-39,CVA6,256,1,Protected,0.1
P0232,1971,2005,34,20-39,CVA16,128,1,Protected,0.1
P0232,1971,2010,39,20-39,EV-A71,256,1,Protected,0.1
P0232,1971,2010,39,20-39,EV-D68,128,1,Protected,0.1
P0232,1971,2010,39,20-39,CVA6,128,1,Protected,0.1
P0232,1971,2010,39,20-39,CVA16,128,1,Protected,0.1
P0232,1971,2015,44,40-59,EV-A71,512,1,Protected,0.1
P0232,1971,2015,44,40-59,EV-D68,256,1,Protected,0.1
P0232,1971,2015,44,40-59,CVA6,256,1,Protected,0.1
P0232,1971,2015,44,40-59,CVA16,256,1,Protected,0.1
P0232,1971,2020,49,40-59,EV-A71,512,1,Protected,0.1
P0232,1971,2020,49,40-59,EV-D68,256,1,Protected,0.1
P0232,1971,2020,49,40-59,CVA6,256,1,Protected,0.1
P0232,1971,2020,49,40-59,CVA16,128,1,Protected,0.1
P0232,1971,2025,54,40-59,EV-A71,256,1,Protected,0.1
P0232,1971,2025,54,40-59,EV-D68,256,1,Protected,0.1
P0232,1971,2025,54,40-59,CVA6,512,1,Protected,0.1
P0232,1971,2025,54,40-59,CVA16,128,1,Protected,0.1
P0233,2002,2005,3,0-4,EV-A71,32,1,Partially protected,0.5
P0233,2002,2005,3,0-4,EV-D68,32,1,Partially protected,0.5
P0233,2002,2005,3,0-4,CVA6,128,1,Protected,0.1
P0233,2002,2005,3,0-4,CVA16,16,0,Susceptible,1.0
P0233,2002,2010,8,5-9,EV-A71,32,1,Partially protected,0.5
P0233,2002,2010,8,5-9,EV-D68,32,1,Partially protected,0.5
P0233,2002,2010,8,5-9,CVA6,128,1,Protected,0.1
P0233,2002,2010,8,5-9,CVA16,32,1,Partially protected,0.5
P0233,2002,2015,13,10-14,EV-A71,128,1,Protected,0.1
P0233,2002,2015,13,10-14,EV-D68,128,1,Protected,0.1
P0233,2002,2015,13,10-14,CVA6,256,1,Protected,0.1
P0233,2002,2015,13,10-14,CVA16,128,1,Protected,0.1
P0233,2002,2020,18,15-19,EV-A71,256,1,Protected,0.1
P0233,2002,2020,18,15-19,EV-D68,128,1,Protected,0.1
P0233,2002,2020,18,15-19,CVA6,256,1,Protected,0.1
P0233,2002,2020,18,15-19,CVA16,128,1,Protected,0.1
P0233,2002,2025,23,20-39,EV-A71,512,1,Protected,0.1
P0233,2002,2025,23,20-39,EV-D68,512,1,Protected,0.1
P0233,2002,2025,23,20-39,CVA6,512,1,Protected,0.1
P0233,2002,2025,23,20-39,CVA16,128,1,Protected,0.1
P0234,2012,2015,3,0-4,EV-A71,64,1,Protected,0.1
P0234,2012,2015,3,0-4,EV-D68,64,1,Protected,0.1
P0234,2012,2015,3,0-4,CVA6,128,1,Protected,0.1
P0234,2012,2015,3,0-4,CVA16,64,1,Protected,0.1
P0234,2012,2020,8,5-9,EV-A71,128,1,Protected,0.1
P0234,2012,2020,8,5-9,EV-D68,128,1,Protected,0.1
P0234,2012,2020,8,5-9,CVA6,128,1,Protected,0.1
P0234,2012,2020,8,5-9,CVA16,128,1,Protected,0.1
P0234,2012,2025,13,10-14,EV-A71,256,1,Protected,0.1
P0234,2012,2025,13,10-14,EV-D68,128,1,Protected,0.1
P0234,2012,2025,13,10-14,CVA6,512,1,Protected,0.1
P0234,2012,2025,13,10-14,CVA16,128,1,Protected,0.1
P0235,2011,2015,4,0-4,EV-A71,256,1,Protected,0.1
P0235,2011,2015,4,0-4,EV-D68,128,1,Protected,0.1
P0235,2011,2015,4,0-4,CVA6,128,1,Protected,0.1
P0235,2011,2015,4,0-4,CVA16,128,1,Protected,0.1
P0235,2011,2020,9,5-9,EV-A71,128,1,Protected,0.1
P0235,2011,2020,9,5-9,EV-D68,128,1,Protected,0.1
P0235,2011,2020,9,5-9,CVA6,256,1,Protected,0.1
P0235,2011,2020,9,5-9,CVA16,64,1,Protected,0.1
P0235,2011,2025,14,10-14,EV-A71,256,1,Protected,0.1
P0235,2011,2025,14,10-14,EV-D68,128,1,Protected,0.1
P0235,2011,2025,14,10-14,CVA6,512,1,Protected,0.1
P0235,2011,2025,14,10-14,CVA16,128,1,Protected,0.1
P0236,1977,2005,28,20-39,EV-A71,128,1,Protected,0.1
P0236,1977,2005,28,20-39,EV-D68,128,1,Protected,0.1
P0236,1977,2005,28,20-39,CVA6,256,1,Protected,0.1
P0236,1977,2005,28,20-39,CVA16,128,1,Protected,0.1
P0236,1977,2010,33,20-39,EV-A71,256,1,Protected,0.1
P0236,1977,2010,33,20-39,EV-D68,128,1,Protected,0.1
P0236,1977,2010,33,20-39,CVA6,256,1,Protected,0.1
P0236,1977,2010,33,20-39,CVA16,128,1,Protected,0.1
P0236,1977,2015,38,20-39,EV-A71,256,1,Protected,0.1
P0236,1977,2015,38,20-39,EV-D68,128,1,Protected,0.1
P0236,1977,2015,38,20-39,CVA6,512,1,Protected,0.1
P0236,1977,2015,38,20-39,CVA16,256,1,Protected,0.1
P0236,1977,2020,43,40-59,EV-A71,512,1,Protected,0.1
P0236,1977,2020,43,40-59,EV-D68,256,1,Protected,0.1
P0236,1977,2020,43,40-59,CVA6,512,1,Protected,0.1
P0236,1977,2020,43,40-59,CVA16,512,1,Protected,0.1
P0236,1977,2025,48,40-59,EV-A71,256,1,Protected,0.1
P0236,1977,2025,48,40-59,EV-D68,256,1,Protected,0.1
P0236,1977,2025,48,40-59,CVA6,512,1,Protected,0.1
P0236,1977,2025,48,40-59,CVA16,256,1,Protected,0.1
P0237,2001,2005,4,0-4,EV-A71,32,1,Partially protected,0.5
P0237,2001,2005,4,0-4,EV-D68,32,1,Partially protected,0.5
P0237,2001,2005,4,0-4,CVA6,64,1,Protected,0.1
P0237,2001,2005,4,0-4,CVA16,64,1,Protected,0.1
P0237,2001,2010,9,5-9,EV-A71,64,1,Protected,0.1
P0237,2001,2010,9,5-9,EV-D68,16,0,Susceptible,1.0
P0237,2001,2010,9,5-9,CVA6,128,1,Protected,0.1
P0237,2001,2010,9,5-9,CVA16,32,1,Partially protected,0.5
P0237,2001,2015,14,10-14,EV-A71,256,1,Protected,0.1
P0237,2001,2015,14,10-14,EV-D68,128,1,Protected,0.1
P0237,2001,2015,14,10-14,CVA6,512,1,Protected,0.1
P0237,2001,2015,14,10-14,CVA16,128,1,Protected,0.1
P0237,2001,2020,19,15-19,EV-A71,256,1,Protected,0.1
P0237,2001,2020,19,15-19,EV-D68,128,1,Protected,0.1
P0237,2001,2020,19,15-19,CVA6,256,1,Protected,0.1
P0237,2001,2020,19,15-19,CVA16,128,1,Protected,0.1
P0237,2001,2025,24,20-39,EV-A71,512,1,Protected,0.1
P0237,2001,2025,24,20-39,EV-D68,256,1,Protected,0.1
P0237,2001,2025,24,20-39,CVA6,512,1,Protected,0.1
P0237,2001,2025,24,20-39,CVA16,128,1,Protected,0.1
P0238,1957,2005,48,40-59,EV-A71,256,1,Protected,0.1
P0238,1957,2005,48,40-59,EV-D68,128,1,Protected,0.1
P0238,1957,2005,48,40-59,CVA6,512,1,Protected,0.1
P0238,1957,2005,48,40-59,CVA16,256,1,Protected,0.1
P0238,1957,2010,53,40-59,EV-A71,256,1,Protected,0.1
P0238,1957,2010,53,40-59,EV-D68,128,1,Protected,0.1
P0238,1957,2010,53,40-59,CVA6,512,1,Protected,0.1
P0238,1957,2010,53,40-59,CVA16,128,1,Protected,0.1
P0238,1957,2015,58,40-59,EV-A71,512,1,Protected,0.1
P0238,1957,2015,58,40-59,EV-D68,256,1,Protected,0.1
P0238,1957,2015,58,40-59,CVA6,256,1,Protected,0.1
P0238,1957,2015,58,40-59,CVA16,256,1,Protected,0.1
P0238,1957,2020,63,60+,EV-A71,512,1,Protected,0.1
P0238,1957,2020,63,60+,EV-D68,256,1,Protected,0.1
P0238,1957,2020,63,60+,CVA6,256,1,Protected,0.1
P0238,1957,2020,63,60+,CVA16,256,1,Protected,0.1
P0238,1957,2025,68,60+,EV-A71,512,1,Protected,0.1
P0238,1957,2025,68,60+,EV-D68,256,1,Protected,0.1
P0238,1957,2025,68,60+,CVA6,512,1,Protected,0.1
P0238,1957,2025,68,60+,CVA16,512,1,Protected,0.1
P0239,1971,2005,34,20-39,EV-A71,256,1,Protected,0.1
P0239,1971,2005,34,20-39,EV-D68,128,1,Protected,0.1
P0239,1971,2005,34,20-39,CVA6,256,1,Protected,0.1
P0239,1971,2005,34,20-39,CVA16,64,1,Protected,0.1
P0239,1971,2010,39,20-39,EV-A71,256,1,Protected,0.1
P0239,1971,2010,39,20-39,EV-D68,64,1,Protected,0.1
P0239,1971,2010,39,20-39,CVA6,512,1,Protected,0.1
P0239,1971,2010,39,20-39,CVA16,64,1,Protected,0.1
P0239,1971,2015,44,40-59,EV-A71,512,1,Protected,0.1
P0239,1971,2015,44,40-59,EV-D68,128,1,Protected,0.1
P0239,1971,2015,44,40-59,CVA6,512,1,Protected,0.1
P0239,1971,2015,44,40-59,CVA16,256,1,Protected,0.1
P0239,1971,2020,49,40-59,EV-A71,512,1,Protected,0.1
P0239,1971,2020,49,40-59,EV-D68,256,1,Protected,0.1
P0239,1971,2020,49,40-59,CVA6,256,1,Protected,0.1
P0239,1971,2020,49,40-59,CVA16,256,1,Protected,0.1
P0239,1971,2025,54,40-59,EV-A71,256,1,Protected,0.1
P0239,1971,2025,54,40-59,EV-D68,256,1,Protected,0.1
P0239,1971,2025,54,40-59,CVA6,256,1,Protected,0.1
P0239,1971,2025,54,40-59,CVA16,256,1,Protected,0.1
P0240,1998,2005,7,5-9,EV-A71,64,1,Protected,0.1
P0240,1998,2005,7,5-9,EV-D68,32,1,Partially protected,0.5
P0240,1998,2005,7,5-9,CVA6,64,1,Protected,0.1
P0240,1998,2005,7,5-9,CVA16,32,1,Partially protected,0.5
P0240,1998,2010,12,10-14,EV-A71,128,1,Protected,0.1
P0240,1998,2010,12,10-14,EV-D68,64,1,Protected,0.1
P0240,1998,2010,12,10-14,CVA6,128,1,Protected,0.1
P0240,1998,2010,12,10-14,CVA16,32,1,Partially protected,0.5
P0240,1998,2015,17,15-19,EV-A71,256,1,Protected,0.1
P0240,1998,2015,17,15-19,EV-D68,64,1,Protected,0.1
P0240,1998,2015,17,15-19,CVA6,256,1,Protected,0.1
P0240,1998,2015,17,15-19,CVA16,64,1,Protected,0.1
P0240,1998,2020,22,20-39,EV-A71,512,1,Protected,0.1
P0240,1998,2020,22,20-39,EV-D68,256,1,Protected,0.1
P0240,1998,2020,22,20-39,CVA6,256,1,Protected,0.1
P0240,1998,2020,22,20-39,CVA16,512,1,Protected,0.1
P0240,1998,2025,27,20-39,EV-A71,512,1,Protected,0.1
P0240,1998,2025,27,20-39,EV-D68,256,1,Protected,0.1
P0240,1998,2025,27,20-39,CVA6,512,1,Protected,0.1
P0240,1998,2025,27,20-39,CVA16,256,1,Protected,0.1
P0241,1950,2005,55,40-59,EV-A71,256,1,Protected,0.1
P0241,1950,2005,55,40-59,EV-D68,64,1,Protected,0.1
P0241,1950,2005,55,40-59,CVA6,128,1,Protected,0.1
P0241,1950,2005,55,40-59,CVA16,128,1,Protected,0.1
P0241,1950,2010,60,60+,EV-A71,256,1,Protected,0.1
P0241,1950,2010,60,60+,EV-D68,128,1,Protected,0.1
P0241,1950,2010,60,60+,CVA6,256,1,Protected,0.1
P0241,1950,2010,60,60+,CVA16,64,1,Protected,0.1
P0241,1950,2015,65,60+,EV-A71,512,1,Protected,0.1
P0241,1950,2015,65,60+,EV-D68,256,1,Protected,0.1
P0241,1950,2015,65,60+,CVA6,256,1,Protected,0.1
P0241,1950,2015,65,60+,CVA16,512,1,Protected,0.1
P0241,1950,2020,70,60+,EV-A71,512,1,Protected,0.1
P0241,1950,2020,70,60+,EV-D68,256,1,Protected,0.1
P0241,1950,2020,70,60+,CVA6,512,1,Protected,0.1
P0241,1950,2020,70,60+,CVA16,256,1,Protected,0.1
P0241,1950,2025,75,60+,EV-A71,512,1,Protected,0.1
P0241,1950,2025,75,60+,EV-D68,256,1,Protected,0.1
P0241,1950,2025,75,60+,CVA6,256,1,Protected,0.1
P0241,1950,2025,75,60+,CVA16,512,1,Protected,0.1
P0242,1999,2005,6,5-9,EV-A71,128,1,Protected,0.1
P0242,1999,2005,6,5-9,EV-D68,16,0,Susceptible,1.0
P0242,1999,2005,6,5-9,CVA6,64,1,Protected,0.1
P0242,1999,2005,6,5-9,CVA16,32,1,Partially protected,0.5
P0242,1999,2010,11,10-14,EV-A71,128,1,Protected,0.1
P0242,1999,2010,11,10-14,EV-D68,64,1,Protected,0.1
P0242,1999,2010,11,10-14,CVA6,128,1,Protected,0.1
P0242,1999,2010,11,10-14,CVA16,32,1,Partially protected,0.5
P0242,1999,2015,16,15-19,EV-A71,256,1,Protected,0.1
P0242,1999,2015,16,15-19,EV-D68,64,1,Protected,0.1
P0242,1999,2015,16,15-19,CVA6,256,1,Protected,0.1
P0242,1999,2015,16,15-19,CVA16,128,1,Protected,0.1
P0242,1999,2020,21,20-39,EV-A71,512,1,Protected,0.1
P0242,1999,2020,21,20-39,EV-D68,128,1,Protected,0.1
P0242,1999,2020,21,20-39,CVA6,512,1,Protected,0.1
P0242,1999,2020,21,20-39,CVA16,256,1,Protected,0.1
P0242,1999,2025,26,20-39,EV-A71,512,1,Protected,0.1
P0242,1999,2025,26,20-39,EV-D68,128,1,Protected,0.1
P0242,1999,2025,26,20-39,CVA6,512,1,Protected,0.1
P0242,1999,2025,26,20-39,CVA16,256,1,Protected,0.1
P0243,1983,2005,22,20-39,EV-A71,128,1,Protected,0.1
P0243,1983,2005,22,20-39,EV-D68,64,1,Protected,0.1
P0243,1983,2005,22,20-39,CVA6,512,1,Protected,0.1
P0243,1983,2005,22,20-39,CVA16,128,1,Protected,0.1
P0243,1983,2010,27,20-39,EV-A71,512,1,Protected,0.1
P0243,1983,2010,27,20-39,EV-D68,128,1,Protected,0.1
P0243,1983,2010,27,20-39,CVA6,256,1,Protected,0.1
P0243,1983,2010,27,20-39,CVA16,64,1,Protected,0.1
P0243,1983,2015,32,20-39,EV-A71,512,1,Protected,0.1
P0243,1983,2015,32,20-39,EV-D68,256,1,Protected,0.1
P0243,1983,2015,32,20-39,CVA6,512,1,Protected,0.1
P0243,1983,2015,32,20-39,CVA16,128,1,Protected,0.1
P0243,1983,2020,37,20-39,EV-A71,512,1,Protected,0.1
P0243,1983,2020,37,20-39,EV-D68,256,1,Protected,0.1
P0243,1983,2020,37,20-39,CVA6,256,1,Protected,0.1
P0243,1983,2020,37,20-39,CVA16,128,1,Protected,0.1
P0243,1983,2025,42,40-59,EV-A71,512,1,Protected,0.1
P0243,1983,2025,42,40-59,EV-D68,256,1,Protected,0.1
P0243,1983,2025,42,40-59,CVA6,512,1,Protected,0.1
P0243,1983,2025,42,40-59,CVA16,128,1,Protected,0.1
P0244,2008,2010,2,0-4,EV-A71,64,1,Protected,0.1
P0244,2008,2010,2,0-4,EV-D68,32,1,Partially protected,0.5
P0244,2008,2010,2,0-4,CVA6,64,1,Protected,0.1
P0244,2008,2010,2,0-4,CVA16,32,1,Partially protected,0.5
P0244,2008,2015,7,5-9,EV-A71,256,1,Protected,0.1
P0244,2008,2015,7,5-9,EV-D68,64,1,Protected,0.1
P0244,2008,2015,7,5-9,CVA6,128,1,Protected,0.1
P0244,2008,2015,7,5-9,CVA16,64,1,Protected,0.1
P0244,2008,2020,12,10-14,EV-A71,128,1,Protected,0.1
P0244,2008,2020,12,10-14,EV-D68,128,1,Protected,0.1
P0244,2008,2020,12,10-14,CVA6,256,1,Protected,0.1
P0244,2008,2020,12,10-14,CVA16,128,1,Protected,0.1
P0244,2008,2025,17,15-19,EV-A71,256,1,Protected,0.1
P0244,2008,2025,17,15-19,EV-D68,64,1,Protected,0.1
P0244,2008,2025,17,15-19,CVA6,256,1,Protected,0.1
P0244,2008,2025,17,15-19,CVA16,128,1,Protected,0.1
P0245,1986,2005,19,15-19,EV-A71,256,1,Protected,0.1
P0245,1986,2005,19,15-19,EV-D68,64,1,Protected,0.1
P0245,1986,2005,19,15-19,CVA6,256,1,Protected,0.1
P0245,1986,2005,19,15-19,CVA16,64,1,Protected,0.1
P0245,1986,2010,24,20-39,EV-A71,256,1,Protected,0.1
P0245,1986,2010,24,20-39,EV-D68,256,1,Protected,0.1
P0245,1986,2010,24,20-39,CVA6,256,1,Protected,0.1
P0245,1986,2010,24,20-39,CVA16,256,1,Protected,0.1
P0245,1986,2015,29,20-39,EV-A71,512,1,Protected,0.1
P0245,1986,2015,29,20-39,EV-D68,256,1,Protected,0.1
P0245,1986,2015,29,20-39,CVA6,512,1,Protected,0.1
P0245,1986,2015,29,20-39,CVA16,256,1,Protected,0.1
P0245,1986,2020,34,20-39,EV-A71,512,1,Protected,0.1
P0245,1986,2020,34,20-39,EV-D68,512,1,Protected,0.1
P0245,1986,2020,34,20-39,CVA6,512,1,Protected,0.1
P0245,1986,2020,34,20-39,CVA16,128,1,Protected,0.1
P0245,1986,2025,39,20-39,EV-A71,512,1,Protected,0.1
P0245,1986,2025,39,20-39,EV-D68,256,1,Protected,0.1
P0245,1986,2025,39,20-39,CVA6,512,1,Protected,0.1
P0245,1986,2025,39,20-39,CVA16,256,1,Protected,0.1
P0246,2004,2005,1,0-4,EV-A71,64,1,Protected,0.1
P0246,2004,2005,1,0-4,EV-D68,64,1,Protected,0.1
P0246,2004,2005,1,0-4,CVA6,64,1,Protected,0.1
P0246,2004,2005,1,0-4,CVA16,32,1,Partially protected,0.5
P0246,2004,2010,6,5-9,EV-A71,32,1,Partially protected,0.5
P0246,2004,2010,6,5-9,EV-D68,64,1,Protected,0.1
P0246,2004,2010,6,5-9,CVA6,64,1,Protected,0.1
P0246,2004,2010,6,5-9,CVA16,32,1,Partially protected,0.5
P0246,2004,2015,11,10-14,EV-A71,128,1,Protected,0.1
P0246,2004,2015,11,10-14,EV-D68,256,1,Protected,0.1
P0246,2004,2015,11,10-14,CVA6,256,1,Protected,0.1
P0246,2004,2015,11,10-14,CVA16,256,1,Protected,0.1
P0246,2004,2020,16,15-19,EV-A71,256,1,Protected,0.1
P0246,2004,2020,16,15-19,EV-D68,128,1,Protected,0.1
P0246,2004,2020,16,15-19,CVA6,128,1,Protected,0.1
P0246,2004,2020,16,15-19,CVA16,256,1,Protected,0.1
P0246,2004,2025,21,20-39,EV-A71,512,1,Protected,0.1
P0246,2004,2025,21,20-39,EV-D68,256,1,Protected,0.1
P0246,2004,2025,21,20-39,CVA6,512,1,Protected,0.1
P0246,2004,2025,21,20-39,CVA16,256,1,Protected,0.1
P0247,2012,2015,3,0-4,EV-A71,256,1,Protected,0.1
P0247,2012,2015,3,0-4,EV-D68,64,1,Protected,0.1
P0247,2012,2015,3,0-4,CVA6,256,1,Protected,0.1
P0247,2012,2015,3,0-4,CVA16,64,1,Protected,0.1
P0247,2012,2020,8,5-9,EV-A71,128,1,Protected,0.1
P0247,2012,2020,8,5-9,EV-D68,64,1,Protected,0.1
P0247,2012,2020,8,5-9,CVA6,128,1,Protected,0.1
P0247,2012,2020,8,5-9,CVA16,32,1,Partially protected,0.5
P0247,2012,2025,13,10-14,EV-A71,128,1,Protected,0.1
P0247,2012,2025,13,10-14,EV-D68,256,1,Protected,0.1
P0247,2012,2025,13,10-14,CVA6,128,1,Protected,0.1
P0247,2012,2025,13,10-14,CVA16,64,1,Protected,0.1
P0248,1969,2005,36,20-39,EV-A71,256,1,Protected,0.1
P0248,1969,2005,36,20-39,EV-D68,128,1,Protected,0.1
P0248,1969,2005,36,20-39,CVA6,128,1,Protected,0.1
P0248,1969,2005,36,20-39,CVA16,128,1,Protected,0.1
P0248,1969,2010,41,40-59,EV-A71,128,1,Protected,0.1
P0248,1969,2010,41,40-59,EV-D68,128,1,Protected,0.1
P0248,1969,2010,41,40-59,CVA6,256,1,Protected,0.1
P0248,1969,2010,41,40-59,CVA16,64,1,Protected,0.1
P0248,1969,2015,46,40-59,EV-A71,256,1,Protected,0.1
P0248,1969,2015,46,40-59,EV-D68,512,1,Protected,0.1
P0248,1969,2015,46,40-59,CVA6,512,1,Protected,0.1
P0248,1969,2015,46,40-59,CVA16,256,1,Protected,0.1
P0248,1969,2020,51,40-59,EV-A71,512,1,Protected,0.1
P0248,1969,2020,51,40-59,EV-D68,512,1,Protected,0.1
P0248,1969,2020,51,40-59,CVA6,512,1,Protected,0.1
P0248,1969,2020,51,40-59,CVA16,256,1,Protected,0.1
P0248,1969,2025,56,40-59,EV-A71,256,1,Protected,0.1
P0248,1969,2025,56,40-59,EV-D68,256,1,Protected,0.1
P0248,1969,2025,56,40-59,CVA6,512,1,Protected,0.1
P0248,1969,2025,56,40-59,CVA16,512,1,Protected,0.1
P0249,1974,2005,31,20-39,EV-A71,128,1,Protected,0.1
P0249,1974,2005,31,20-39,EV-D68,64,1,Protected,0.1
P0249,1974,2005,31,20-39,CVA6,256,1,Protected,0.1
P0249,1974,2005,31,20-39,CVA16,128,1,Protected,0.1
P0249,1974,2010,36,20-39,EV-A71,128,1,Protected,0.1
P0249,1974,2010,36,20-39,EV-D68,128,1,Protected,0.1
P0249,1974,2010,36,20-39,CVA6,128,1,Protected,0.1
P0249,1974,2010,36,20-39,CVA16,128,1,Protected,0.1
P0249,1974,2015,41,40-59,EV-A71,512,1,Protected,0.1
P0249,1974,2015,41,40-59,EV-D68,256,1,Protected,0.1
P0249,1974,2015,41,40-59,CVA6,512,1,Protected,0.1
P0249,1974,2015,41,40-59,CVA16,128,1,Protected,0.1
P0249,1974,2020,46,40-59,EV-A71,512,1,Protected,0.1
P0249,1974,2020,46,40-59,EV-D68,256,1,Protected,0.1
P0249,1974,2020,46,40-59,CVA6,512,1,Protected,0.1
P0249,1974,2020,46,40-59,CVA16,128,1,Protected,0.1
P0249,1974,2025,51,40-59,EV-A71,256,1,Protected,0.1
P0249,1974,2025,51,40-59,EV-D68,256,1,Protected,0.1
P0249,1974,2025,51,40-59,CVA6,256,1,Protected,0.1
P0249,1974,2025,51,40-59,CVA16,256,1,Protected,0.1
P0250,1987,2005,18,15-19,EV-A71,256,1,Protected,0.1
P0250,1987,2005,18,15-19,EV-D68,32,1,Partially protected,0.5
P0250,1987,2005,18,15-19,CVA6,64,1,Protected,0.1
P0250,1987,2005,18,15-19,CVA16,64,1,Protected,0.1
P0250,1987,2010,23,20-39,EV-A71,512,1,Protected,0.1
P0250,1987,2010,23,20-39,EV-D68,128,1,Protected,0.1
P0250,1987,2010,23,20-39,CVA6,256,1,Protected,0.1
P0250,1987,2010,23,20-39,CVA16,128,1,Protected,0.1
P0250,1987,2015,28,20-39,EV-A71,512,1,Protected,0.1
P0250,1987,2015,28,20-39,EV-D68,256,1,Protected,0.1
P0250,1987,2015,28,20-39,CVA6,512,1,Protected,0.1
P0250,1987,2015,28,20-39,CVA16,256,1,Protected,0.1
P0250,1987,2020,33,20-39,EV-A71,512,1,Protected,0.1
P0250,1987,2020,33,20-39,EV-D68,512,1,Protected,0.1
P0250,1987,2020,33,20-39,CVA6,512,1,Protected,0.1
P0250,1987,2020,33,20-39,CVA16,128,1,Protected,0.1
P0250,1987,2025,38,20-39,EV-A71,512,1,Protected,0.1
P0250,1987,2025,38,20-39,EV-D68,256,1,Protected,0.1
P0250,1987,2025,38,20-39,CVA6,512,1,Protected,0.1
P0250,1987,2025,38,20-39,CVA16,256,1,Protected,0.1
P0251,1977,2005,28,20-39,EV-A71,128,1,Protected,0.1
P0251,1977,2005,28,20-39,EV-D68,128,1,Protected,0.1
P0251,1977,2005,28,20-39,CVA6,256,1,Protected,0.1
P0251,1977,2005,28,20-39,CVA16,256,1,Protected,0.1
P0251,1977,2010,33,20-39,EV-A71,256,1,Protected,0.1
P0251,1977,2010,33,20-39,EV-D68,256,1,Protected,0.1
P0251,1977,2010,33,20-39,CVA6,256,1,Protected,0.1
P0251,1977,2010,33,20-39,CVA16,128,1,Protected,0.1
P0251,1977,2015,38,20-39,EV-A71,512,1,Protected,0.1
P0251,1977,2015,38,20-39,EV-D68,512,1,Protected,0.1
P0251,1977,2015,38,20-39,CVA6,512,1,Protected,0.1
P0251,1977,2015,38,20-39,CVA16,256,1,Protected,0.1
P0251,1977,2020,43,40-59,EV-A71,512,1,Protected,0.1
P0251,1977,2020,43,40-59,EV-D68,512,1,Protected,0.1
P0251,1977,2020,43,40-59,CVA6,512,1,Protected,0.1
P0251,1977,2020,43,40-59,CVA16,256,1,Protected,0.1
P0251,1977,2025,48,40-59,EV-A71,512,1,Protected,0.1
P0251,1977,2025,48,40-59,EV-D68,256,1,Protected,0.1
P0251,1977,2025,48,40-59,CVA6,512,1,Protected,0.1
P0251,1977,2025,48,40-59,CVA16,512,1,Protected,0.1
P0252,1957,2005,48,40-59,EV-A71,256,1,Protected,0.1
P0252,1957,2005,48,40-59,EV-D68,256,1,Protected,0.1
P0252,1957,2005,48,40-59,CVA6,512,1,Protected,0.1
P0252,1957,2005,48,40-59,CVA16,128,1,Protected,0.1
P0252,1957,2010,53,40-59,EV-A71,256,1,Protected,0.1
P0252,1957,2010,53,40-59,EV-D68,256,1,Protected,0.1
P0252,1957,2010,53,40-59,CVA6,256,1,Protected,0.1
P0252,1957,2010,53,40-59,CVA16,128,1,Protected,0.1
P0252,1957,2015,58,40-59,EV-A71,512,1,Protected,0.1
P0252,1957,2015,58,40-59,EV-D68,256,1,Protected,0.1
P0252,1957,2015,58,40-59,CVA6,512,1,Protected,0.1
P0252,1957,2015,58,40-59,CVA16,128,1,Protected,0.1
P0252,1957,2020,63,60+,EV-A71,256,1,Protected,0.1
P0252,1957,2020,63,60+,EV-D68,256,1,Protected,0.1
P0252,1957,2020,63,60+,CVA6,512,1,Protected,0.1
P0252,1957,2020,63,60+,CVA16,128,1,Protected,0.1
P0252,1957,2025,68,60+,EV-A71,512,1,Protected,0.1
P0252,1957,2025,68,60+,EV-D68,256,1,Protected,0.1
P0252,1957,2025,68,60+,CVA6,512,1,Protected,0.1
P0252,1957,2025,68,60+,CVA16,128,1,Protected,0.1
P0253,2019,2020,1,0-4,EV-A71,128,1,Protected,0.1
P0253,2019,2020,1,0-4,EV-D68,64,1,Protected,0.1
P0253,2019,2020,1,0-4,CVA6,128,1,Protected,0.1
P0253,2019,2020,1,0-4,CVA16,64,1,Protected,0.1
P0253,2019,2025,6,5-9,EV-A71,64,1,Protected,0.1
P0253,2019,2025,6,5-9,EV-D68,64,1,Protected,0.1
P0253,2019,2025,6,5-9,CVA6,256,1,Protected,0.1
P0253,2019,2025,6,5-9,CVA16,128,1,Protected,0.1
P0254,1957,2005,48,40-59,EV-A71,512,1,Protected,0.1
P0254,1957,2005,48,40-59,EV-D68,256,1,Protected,0.1
P0254,1957,2005,48,40-59,CVA6,512,1,Protected,0.1
P0254,1957,2005,48,40-59,CVA16,128,1,Protected,0.1
P0254,1957,2010,53,40-59,EV-A71,128,1,Protected,0.1
P0254,1957,2010,53,40-59,EV-D68,64,1,Protected,0.1
P0254,1957,2010,53,40-59,CVA6,256,1,Protected,0.1
P0254,1957,2010,53,40-59,CVA16,128,1,Protected,0.1
P0254,1957,2015,58,40-59,EV-A71,512,1,Protected,0.1
P0254,1957,2015,58,40-59,EV-D68,256,1,Protected,0.1
P0254,1957,2015,58,40-59,CVA6,512,1,Protected,0.1
P0254,1957,2015,58,40-59,CVA16,256,1,Protected,0.1
P0254,1957,2020,63,60+,EV-A71,512,1,Protected,0.1
P0254,1957,2020,63,60+,EV-D68,256,1,Protected,0.1
P0254,1957,2020,63,60+,CVA6,512,1,Protected,0.1
P0254,1957,2020,63,60+,CVA16,256,1,Protected,0.1
P0254,1957,2025,68,60+,EV-A71,512,1,Protected,0.1
P0254,1957,2025,68,60+,EV-D68,128,1,Protected,0.1
P0254,1957,2025,68,60+,CVA6,512,1,Protected,0.1
P0254,1957,2025,68,60+,CVA16,256,1,Protected,0.1
P0255,1990,2005,15,15-19,EV-A71,256,1,Protected,0.1
P0255,1990,2005,15,15-19,EV-D68,64,1,Protected,0.1
P0255,1990,2005,15,15-19,CVA6,64,1,Protected,0.1
P0255,1990,2005,15,15-19,CVA16,64,1,Protected,0.1
P0255,1990,2010,20,20-39,EV-A71,256,1,Protected,0.1
P0255,1990,2010,20,20-39,EV-D68,128,1,Protected,0.1
P0255,1990,2010,20,20-39,CVA6,256,1,Protected,0.1
P0255,1990,2010,20,20-39,CVA16,256,1,Protected,0.1
P0255,1990,2015,25,20-39,EV-A71,256,1,Protected,0.1
P0255,1990,2015,25,20-39,EV-D68,512,1,Protected,0.1
P0255,1990,2015,25,20-39,CVA6,512,1,Protected,0.1
P0255,1990,2015,25,20-39,CVA16,128,1,Protected,0.1
P0255,1990,2020,30,20-39,EV-A71,512,1,Protected,0.1
P0255,1990,2020,30,20-39,EV-D68,256,1,Protected,0.1
P0255,1990,2020,30,20-39,CVA6,256,1,Protected,0.1
P0255,1990,2020,30,20-39,CVA16,128,1,Protected,0.1
P0255,1990,2025,35,20-39,EV-A71,512,1,Protected,0.1
P0255,1990,2025,35,20-39,EV-D68,256,1,Protected,0.1
P0255,1990,2025,35,20-39,CVA6,512,1,Protected,0.1
P0255,1990,2025,35,20-39,CVA16,256,1,Protected,0.1
P0256,1957,2005,48,40-59,EV-A71,128,1,Protected,0.1
P0256,1957,2005,48,40-59,EV-D68,128,1,Protected,0.1
P0256,1957,2005,48,40-59,CVA6,512,1,Protected,0.1
P0256,1957,2005,48,40-59,CVA16,64,1,Protected,0.1
P0256,1957,2010,53,40-59,EV-A71,256,1,Protected,0.1
P0256,1957,2010,53,40-59,EV-D68,64,1,Protected,0.1
P0256,1957,2010,53,40-59,CVA6,256,1,Protected,0.1
P0256,1957,2010,53,40-59,CVA16,256,1,Protected,0.1
P0256,1957,2015,58,40-59,EV-A71,256,1,Protected,0.1
P0256,1957,2015,58,40-59,EV-D68,256,1,Protected,0.1
P0256,1957,2015,58,40-59,CVA6,512,1,Protected,0.1
P0256,1957,2015,58,40-59,CVA16,512,1,Protected,0.1
P0256,1957,2020,63,60+,EV-A71,512,1,Protected,0.1
P0256,1957,2020,63,60+,EV-D68,256,1,Protected,0.1
P0256,1957,2020,63,60+,CVA6,512,1,Protected,0.1
P0256,1957,2020,63,60+,CVA16,256,1,Protected,0.1
P0256,1957,2025,68,60+,EV-A71,512,1,Protected,0.1
P0256,1957,2025,68,60+,EV-D68,128,1,Protected,0.1
P0256,1957,2025,68,60+,CVA6,512,1,Protected,0.1
P0256,1957,2025,68,60+,CVA16,256,1,Protected,0.1
P0257,1956,2005,49,40-59,EV-A71,512,1,Protected,0.1
P0257,1956,2005,49,40-59,EV-D68,256,1,Protected,0.1
P0257,1956,2005,49,40-59,CVA6,512,1,Protected,0.1
P0257,1956,2005,49,40-59,CVA16,64,1,Protected,0.1
P0257,1956,2010,54,40-59,EV-A71,256,1,Protected,0.1
P0257,1956,2010,54,40-59,EV-D68,128,1,Protected,0.1
P0257,1956,2010,54,40-59,CVA6,256,1,Protected,0.1
P0257,1956,2010,54,40-59,CVA16,128,1,Protected,0.1
P0257,1956,2015,59,40-59,EV-A71,512,1,Protected,0.1
P0257,1956,2015,59,40-59,EV-D68,256,1,Protected,0.1
P0257,1956,2015,59,40-59,CVA6,512,1,Protected,0.1
P0257,1956,2015,59,40-59,CVA16,128,1,Protected,0.1
P0257,1956,2020,64,60+,EV-A71,512,1,Protected,0.1
P0257,1956,2020,64,60+,EV-D68,512,1,Protected,0.1
P0257,1956,2020,64,60+,CVA6,256,1,Protected,0.1
P0257,1956,2020,64,60+,CVA16,512,1,Protected,0.1
P0257,1956,2025,69,60+,EV-A71,512,1,Protected,0.1
P0257,1956,2025,69,60+,EV-D68,256,1,Protected,0.1
P0257,1956,2025,69,60+,CVA6,256,1,Protected,0.1
P0257,1956,2025,69,60+,CVA16,256,1,Protected,0.1
P0258,2011,2015,4,0-4,EV-A71,256,1,Protected,0.1
P0258,2011,2015,4,0-4,EV-D68,64,1,Protected,0.1
P0258,2011,2015,4,0-4,CVA6,128,1,Protected,0.1
P0258,2011,2015,4,0-4,CVA16,64,1,Protected,0.1
P0258,2011,2020,9,5-9,EV-A71,128,1,Protected,0.1
P0258,2011,2020,9,5-9,EV-D68,128,1,Protected,0.1
P0258,2011,2020,9,5-9,CVA6,128,1,Protected,0.1
P0258,2011,2020,9,5-9,CVA16,64,1,Protected,0.1
P0258,2011,2025,14,10-14,EV-A71,256,1,Protected,0.1
P0258,2011,2025,14,10-14,EV-D68,256,1,Protected,0.1
P0258,2011,2025,14,10-14,CVA6,256,1,Protected,0.1
P0258,2011,2025,14,10-14,CVA16,256,1,Protected,0.1
P0259,2014,2015,1,0-4,EV-A71,256,1,Protected,0.1
P0259,2014,2015,1,0-4,EV-D68,128,1,Protected,0.1
P0259,2014,2015,1,0-4,CVA6,128,1,Protected,0.1
P0259,2014,2015,1,0-4,CVA16,64,1,Protected,0.1
P0259,2014,2020,6,5-9,EV-A71,64,1,Protected,0.1
P0259,2014,2020,6,5-9,EV-D68,64,1,Protected,0.1
P0259,2014,2020,6,5-9,CVA6,128,1,Protected,0.1
P0259,2014,2020,6,5-9,CVA16,64,1,Protected,0.1
P0259,2014,2025,11,10-14,EV-A71,512,1,Protected,0.1
P0259,2014,2025,11,10-14,EV-D68,64,1,Protected,0.1
P0259,2014,2025,11,10-14,CVA6,128,1,Protected,0.1
P0259,2014,2025,11,10-14,CVA16,128,1,Protected,0.1
P0260,2017,2020,3,0-4,EV-A71,128,1,Protected,0.1
P0260,2017,2020,3,0-4,EV-D68,64,1,Protected,0.1
P0260,2017,2020,3,0-4,CVA6,128,1,Protected,0.1
P0260,2017,2020,3,0-4,CVA16,64,1,Protected,0.1
P0260,2017,2025,8,5-9,EV-A71,128,1,Protected,0.1
P0260,2017,2025,8,5-9,EV-D68,64,1,Protected,0.1
P0260,2017,2025,8,5-9,CVA6,256,1,Protected,0.1
P0260,2017,2025,8,5-9,CVA16,32,1,Partially protected,0.5
P0261,1970,2005,35,20-39,EV-A71,256,1,Protected,0.1
P0261,1970,2005,35,20-39,EV-D68,128,1,Protected,0.1
P0261,1970,2005,35,20-39,CVA6,256,1,Protected,0.1
P0261,1970,2005,35,20-39,CVA16,256,1,Protected,0.1
P0261,1970,2010,40,40-59,EV-A71,256,1,Protected,0.1
P0261,1970,2010,40,40-59,EV-D68,256,1,Protected,0.1
P0261,1970,2010,40,40-59,CVA6,256,1,Protected,0.1
P0261,1970,2010,40,40-59,CVA16,128,1,Protected,0.1
P0261,1970,2015,45,40-59,EV-A71,256,1,Protected,0.1
P0261,1970,2015,45,40-59,EV-D68,256,1,Protected,0.1
P0261,1970,2015,45,40-59,CVA6,512,1,Protected,0.1
P0261,1970,2015,45,40-59,CVA16,256,1,Protected,0.1
P0261,1970,2020,50,40-59,EV-A71,512,1,Protected,0.1
P0261,1970,2020,50,40-59,EV-D68,128,1,Protected,0.1
P0261,1970,2020,50,40-59,CVA6,256,1,Protected,0.1
P0261,1970,2020,50,40-59,CVA16,128,1,Protected,0.1
P0261,1970,2025,55,40-59,EV-A71,512,1,Protected,0.1
P0261,1970,2025,55,40-59,EV-D68,512,1,Protected,0.1
P0261,1970,2025,55,40-59,CVA6,512,1,Protected,0.1
P0261,1970,2025,55,40-59,CVA16,256,1,Protected,0.1
P0262,1957,2005,48,40-59,EV-A71,128,1,Protected,0.1
P0262,1957,2005,48,40-59,EV-D68,128,1,Protected,0.1
P0262,1957,2005,48,40-59,CVA6,128,1,Protected,0.1
P0262,1957,2005,48,40-59,CVA16,128,1,Protected,0.1
P0262,1957,2010,53,40-59,EV-A71,256,1,Protected,0.1
P0262,1957,2010,53,40-59,EV-D68,128,1,Protected,0.1
P0262,1957,2010,53,40-59,CVA6,128,1,Protected,0.1
P0262,1957,2010,53,40-59,CVA16,128,1,Protected,0.1
P0262,1957,2015,58,40-59,EV-A71,512,1,Protected,0.1
P0262,1957,2015,58,40-59,EV-D68,512,1,Protected,0.1
P0262,1957,2015,58,40-59,CVA6,512,1,Protected,0.1
P0262,1957,2015,58,40-59,CVA16,256,1,Protected,0.1
P0262,1957,2020,63,60+,EV-A71,512,1,Protected,0.1
P0262,1957,2020,63,60+,EV-D68,512,1,Protected,0.1
P0262,1957,2020,63,60+,CVA6,512,1,Protected,0.1
P0262,1957,2020,63,60+,CVA16,512,1,Protected,0.1
P0262,1957,2025,68,60+,EV-A71,512,1,Protected,0.1
P0262,1957,2025,68,60+,EV-D68,512,1,Protected,0.1
P0262,1957,2025,68,60+,CVA6,512,1,Protected,0.1
P0262,1957,2025,68,60+,CVA16,128,1,Protected,0.1
P0263,2015,2015,0,0-4,EV-A71,128,1,Protected,0.1
P0263,2015,2015,0,0-4,EV-D68,128,1,Protected,0.1
P0263,2015,2015,0,0-4,CVA6,256,1,Protected,0.1
P0263,2015,2015,0,0-4,CVA16,32,1,Partially protected,0.5
P0263,2015,2020,5,5-9,EV-A71,128,1,Protected,0.1
P0263,2015,2020,5,5-9,EV-D68,64,1,Protected,0.1
P0263,2015,2020,5,5-9,CVA6,64,1,Protected,0.1
P0263,2015,2020,5,5-9,CVA16,64,1,Protected,0.1
P0263,2015,2025,10,10-14,EV-A71,256,1,Protected,0.1
P0263,2015,2025,10,10-14,EV-D68,256,1,Protected,0.1
P0263,2015,2025,10,10-14,CVA6,256,1,Protected,0.1
P0263,2015,2025,10,10-14,CVA16,64,1,Protected,0.1
P0264,1960,2005,45,40-59,EV-A71,256,1,Protected,0.1
P0264,1960,2005,45,40-59,EV-D68,64,1,Protected,0.1
P0264,1960,2005,45,40-59,CVA6,128,1,Protected,0.1
P0264,1960,2005,45,40-59,CVA16,128,1,Protected,0.1
P0264,1960,2010,50,40-59,EV-A71,256,1,Protected,0.1
P0264,1960,2010,50,40-59,EV-D68,128,1,Protected,0.1
P0264,1960,2010,50,40-59,CVA6,128,1,Protected,0.1
P0264,1960,2010,50,40-59,CVA16,64,1,Protected,0.1
P0264,1960,2015,55,40-59,EV-A71,512,1,Protected,0.1
P0264,1960,2015,55,40-59,EV-D68,256,1,Protected,0.1
P0264,1960,2015,55,40-59,CVA6,512,1,Protected,0.1
P0264,1960,2015,55,40-59,CVA16,256,1,Protected,0.1
P0264,1960,2020,60,60+,EV-A71,512,1,Protected,0.1
P0264,1960,2020,60,60+,EV-D68,128,1,Protected,0.1
P0264,1960,2020,60,60+,CVA6,512,1,Protected,0.1
P0264,1960,2020,60,60+,CVA16,256,1,Protected,0.1
P0264,1960,2025,65,60+,EV-A71,512,1,Protected,0.1
P0264,1960,2025,65,60+,EV-D68,512,1,Protected,0.1
P0264,1960,2025,65,60+,CVA6,256,1,Protected,0.1
P0264,1960,2025,65,60+,CVA16,256,1,Protected,0.1
P0265,1973,2005,32,20-39,EV-A71,256,1,Protected,0.1
P0265,1973,2005,32,20-39,EV-D68,256,1,Protected,0.1
P0265,1973,2005,32,20-39,CVA6,256,1,Protected,0.1
P0265,1973,2005,32,20-39,CVA16,256,1,Protected,0.1
P0265,1973,2010,37,20-39,EV-A71,128,1,Protected,0.1
P0265,1973,2010,37,20-39,EV-D68,64,1,Protected,0.1
P0265,1973,2010,37,20-39,CVA6,256,1,Protected,0.1
P0265,1973,2010,37,20-39,CVA16,256,1,Protected,0.1
P0265,1973,2015,42,40-59,EV-A71,512,1,Protected,0.1
P0265,1973,2015,42,40-59,EV-D68,256,1,Protected,0.1
P0265,1973,2015,42,40-59,CVA6,512,1,Protected,0.1
P0265,1973,2015,42,40-59,CVA16,256,1,Protected,0.1
P0265,1973,2020,47,40-59,EV-A71,512,1,Protected,0.1
P0265,1973,2020,47,40-59,EV-D68,128,1,Protected,0.1
P0265,1973,2020,47,40-59,CVA6,512,1,Protected,0.1
P0265,1973,2020,47,40-59,CVA16,256,1,Protected,0.1
P0265,1973,2025,52,40-59,EV-A71,512,1,Protected,0.1
P0265,1973,2025,52,40-59,EV-D68,256,1,Protected,0.1
P0265,1973,2025,52,40-59,CVA6,512,1,Protected,0.1
P0265,1973,2025,52,40-59,CVA16,512,1,Protected,0.1
P0266,1958,2005,47,40-59,EV-A71,256,1,Protected,0.1
P0266,1958,2005,47,40-59,EV-D68,64,1,Protected,0.1
P0266,1958,2005,47,40-59,CVA6,256,1,Protected,0.1
P0266,1958,2005,47,40-59,CVA16,128,1,Protected,0.1
P0266,1958,2010,52,40-59,EV-A71,128,1,Protected,0.1
P0266,1958,2010,52,40-59,EV-D68,256,1,Protected,0.1
P0266,1958,2010,52,40-59,CVA6,256,1,Protected,0.1
P0266,1958,2010,52,40-59,CVA16,128,1,Protected,0.1
P0266,1958,2015,57,40-59,EV-A71,512,1,Protected,0.1
P0266,1958,2015,57,40-59,EV-D68,256,1,Protected,0.1
P0266,1958,2015,57,40-59,CVA6,512,1,Protected,0.1
P0266,1958,2015,57,40-59,CVA16,256,1,Protected,0.1
P0266,1958,2020,62,60+,EV-A71,256,1,Protected,0.1
P0266,1958,2020,62,60+,EV-D68,256,1,Protected,0.1
P0266,1958,2020,62,60+,CVA6,512,1,Protected,0.1
P0266,1958,2020,62,60+,CVA16,512,1,Protected,0.1
P0266,1958,2025,67,60+,EV-A71,512,1,Protected,0.1
P0266,1958,2025,67,60+,EV-D68,256,1,Protected,0.1
P0266,1958,2025,67,60+,CVA6,512,1,Protected,0.1
P0266,1958,2025,67,60+,CVA16,512,1,Protected,0.1
P0267,1958,2005,47,40-59,EV-A71,256,1,Protected,0.1
P0267,1958,2005,47,40-59,EV-D68,128,1,Protected,0.1
P0267,1958,2005,47,40-59,CVA6,256,1,Protected,0.1
P0267,1958,2005,47,40-59,CVA16,256,1,Protected,0.1
P0267,1958,2010,52,40-59,EV-A71,256,1,Protected,0.1
P0267,1958,2010,52,40-59,EV-D68,128,1,Protected,0.1
P0267,1958,2010,52,40-59,CVA6,512,1,Protected,0.1
P0267,1958,2010,52,40-59,CVA16,128,1,Protected,0.1
P0267,1958,2015,57,40-59,EV-A71,512,1,Protected,0.1
P0267,1958,2015,57,40-59,EV-D68,256,1,Protected,0.1
P0267,1958,2015,57,40-59,CVA6,512,1,Protected,0.1
P0267,1958,2015,57,40-59,CVA16,512,1,Protected,0.1
P0267,1958,2020,62,60+,EV-A71,512,1,Protected,0.1
P0267,1958,2020,62,60+,EV-D68,256,1,Protected,0.1
P0267,1958,2020,62,60+,CVA6,512,1,Protected,0.1
P0267,1958,2020,62,60+,CVA16,512,1,Protected,0.1
P0267,1958,2025,67,60+,EV-A71,512,1,Protected,0.1
P0267,1958,2025,67,60+,EV-D68,256,1,Protected,0.1
P0267,1958,2025,67,60+,CVA6,512,1,Protected,0.1
P0267,1958,2025,67,60+,CVA16,512,1,Protected,0.1
P0268,1980,2005,25,20-39,EV-A71,256,1,Protected,0.1
P0268,1980,2005,25,20-39,EV-D68,128,1,Protected,0.1
P0268,1980,2005,25,20-39,CVA6,128,1,Protected,0.1
P0268,1980,2005,25,20-39,CVA16,256,1,Protected,0.1
P0268,1980,2010,30,20-39,EV-A71,512,1,Protected,0.1
P0268,1980,2010,30,20-39,EV-D68,64,1,Protected,0.1
P0268,1980,2010,30,20-39,CVA6,256,1,Protected,0.1
P0268,1980,2010,30,20-39,CVA16,128,1,Protected,0.1
P0268,1980,2015,35,20-39,EV-A71,512,1,Protected,0.1
P0268,1980,2015,35,20-39,EV-D68,128,1,Protected,0.1
P0268,1980,2015,35,20-39,CVA6,512,1,Protected,0.1
P0268,1980,2015,35,20-39,CVA16,256,1,Protected,0.1
P0268,1980,2020,40,40-59,EV-A71,512,1,Protected,0.1
P0268,1980,2020,40,40-59,EV-D68,256,1,Protected,0.1
P0268,1980,2020,40,40-59,CVA6,512,1,Protected,0.1
P0268,1980,2020,40,40-59,CVA16,256,1,Protected,0.1
P0268,1980,2025,45,40-59,EV-A71,512,1,Protected,0.1
P0268,1980,2025,45,40-59,EV-D68,256,1,Protected,0.1
P0268,1980,2025,45,40-59,CVA6,256,1,Protected,0.1
P0268,1980,2025,45,40-59,CVA16,256,1,Protected,0.1
P0269,2001,2005,4,0-4,EV-A71,64,1,Protected,0.1
P0269,2001,2005,4,0-4,EV-D68,16,0,Susceptible,1.0
P0269,2001,2005,4,0-4,CVA6,128,1,Protected,0.1
P0269,2001,2005,4,0-4,CVA16,64,1,Protected,0.1
P0269,2001,2010,9,5-9,EV-A71,64,1,Protected,0.1
P0269,2001,2010,9,5-9,EV-D68,64,1,Protected,0.1
P0269,2001,2010,9,5-9,CVA6,128,1,Protected,0.1
P0269,2001,2010,9,5-9,CVA16,64,1,Protected,0.1
P0269,2001,2015,14,10-14,EV-A71,256,1,Protected,0.1
P0269,2001,2015,14,10-14,EV-D68,256,1,Protected,0.1
P0269,2001,2015,14,10-14,CVA6,256,1,Protected,0.1
P0269,2001,2015,14,10-14,CVA16,128,1,Protected,0.1
P0269,2001,2020,19,15-19,EV-A71,128,1,Protected,0.1
P0269,2001,2020,19,15-19,EV-D68,128,1,Protected,0.1
P0269,2001,2020,19,15-19,CVA6,128,1,Protected,0.1
P0269,2001,2020,19,15-19,CVA16,128,1,Protected,0.1
P0269,2001,2025,24,20-39,EV-A71,512,1,Protected,0.1
P0269,2001,2025,24,20-39,EV-D68,512,1,Protected,0.1
P0269,2001,2025,24,20-39,CVA6,512,1,Protected,0.1
P0269,2001,2025,24,20-39,CVA16,256,1,Protected,0.1
P0270,1965,2005,40,40-59,EV-A71,256,1,Protected,0.1
P0270,1965,2005,40,40-59,EV-D68,128,1,Protected,0.1
P0270,1965,2005,40,40-59,CVA6,256,1,Protected,0.1
P0270,1965,2005,40,40-59,CVA16,128,1,Protected,0.1
P0270,1965,2010,45,40-59,EV-A71,256,1,Protected,0.1
P0270,1965,2010,45,40-59,EV-D68,128,1,Protected,0.1
P0270,1965,2010,45,40-59,CVA6,256,1,Protected,0.1
P0270,1965,2010,45,40-59,CVA16,128,1,Protected,0.1
P0270,1965,2015,50,40-59,EV-A71,512,1,Protected,0.1
P0270,1965,2015,50,40-59,EV-D68,128,1,Protected,0.1
P0270,1965,2015,50,40-59,CVA6,512,1,Protected,0.1
P0270,1965,2015,50,40-59,CVA16,128,1,Protected,0.1
P0270,1965,2020,55,40-59,EV-A71,512,1,Protected,0.1
P0270,1965,2020,55,40-59,EV-D68,256,1,Protected,0.1
P0270,1965,2020,55,40-59,CVA6,512,1,Protected,0.1
P0270,1965,2020,55,40-59,CVA16,256,1,Protected,0.1
P0270,1965,2025,60,60+,EV-A71,512,1,Protected,0.1
P0270,1965,2025,60,60+,EV-D68,128,1,Protected,0.1
P0270,1965,2025,60,60+,CVA6,512,1,Protected,0.1
P0270,1965,2025,60,60+,CVA16,256,1,Protected,0.1
P0271,1981,2005,24,20-39,EV-A71,512,1,Protected,0.1
P0271,1981,2005,24,20-39,EV-D68,128,1,Protected,0.1
P0271,1981,2005,24,20-39,CVA6,256,1,Protected,0.1
P0271,1981,2005,24,20-39,CVA16,128,1,Protected,0.1
P0271,1981,2010,29,20-39,EV-A71,256,1,Protected,0.1
P0271,1981,2010,29,20-39,EV-D68,128,1,Protected,0.1
P0271,1981,2010,29,20-39,CVA6,256,1,Protected,0.1
P0271,1981,2010,29,20-39,CVA16,64,1,Protected,0.1
P0271,1981,2015,34,20-39,EV-A71,512,1,Protected,0.1
P0271,1981,2015,34,20-39,EV-D68,256,1,Protected,0.1
P0271,1981,2015,34,20-39,CVA6,512,1,Protected,0.1
P0271,1981,2015,34,20-39,CVA16,256,1,Protected,0.1
P0271,1981,2020,39,20-39,EV-A71,512,1,Protected,0.1
P0271,1981,2020,39,20-39,EV-D68,512,1,Protected,0.1
P0271,1981,2020,39,20-39,CVA6,512,1,Protected,0.1
P0271,1981,2020,39,20-39,CVA16,512,1,Protected,0.1
P0271,1981,2025,44,40-59,EV-A71,512,1,Protected,0.1
P0271,1981,2025,44,40-59,EV-D68,128,1,Protected,0.1
P0271,1981,2025,44,40-59,CVA6,512,1,Protected,0.1
P0271,1981,2025,44,40-59,CVA16,128,1,Protected,0.1
P0272,1955,2005,50,40-59,EV-A71,256,1,Protected,0.1
P0272,1955,2005,50,40-59,EV-D68,128,1,Protected,0.1
P0272,1955,2005,50,40-59,CVA6,128,1,Protected,0.1
P0272,1955,2005,50,40-59,CVA16,128,1,Protected,0.1
P0272,1955,2010,55,40-59,EV-A71,512,1,Protected,0.1
P0272,1955,2010,55,40-59,EV-D68,256,1,Protected,0.1
P0272,1955,2010,55,40-59,CVA6,256,1,Protected,0.1
P0272,1955,2010,55,40-59,CVA16,64,1,Protected,0.1
P0272,1955,2015,60,60+,EV-A71,512,1,Protected,0.1
P0272,1955,2015,60,60+,EV-D68,256,1,Protected,0.1
P0272,1955,2015,60,60+,CVA6,512,1,Protected,0.1
P0272,1955,2015,60,60+,CVA16,128,1,Protected,0.1
P0272,1955,2020,65,60+,EV-A71,512,1,Protected,0.1
P0272,1955,2020,65,60+,EV-D68,256,1,Protected,0.1
P0272,1955,2020,65,60+,CVA6,512,1,Protected,0.1
P0272,1955,2020,65,60+,CVA16,256,1,Protected,0.1
P0272,1955,2025,70,60+,EV-A71,512,1,Protected,0.1
P0272,1955,2025,70,60+,EV-D68,256,1,Protected,0.1
P0272,1955,2025,70,60+,CVA6,512,1,Protected,0.1
P0272,1955,2025,70,60+,CVA16,256,1,Protected,0.1
P0273,1960,2005,45,40-59,EV-A71,256,1,Protected,0.1
P0273,1960,2005,45,40-59,EV-D68,128,1,Protected,0.1
P0273,1960,2005,45,40-59,CVA6,512,1,Protected,0.1
P0273,1960,2005,45,40-59,CVA16,64,1,Protected,0.1
P0273,1960,2010,50,40-59,EV-A71,512,1,Protected,0.1
P0273,1960,2010,50,40-59,EV-D68,128,1,Protected,0.1
P0273,1960,2010,50,40-59,CVA6,256,1,Protected,0.1
P0273,1960,2010,50,40-59,CVA16,128,1,Protected,0.1
P0273,1960,2015,55,40-59,EV-A71,256,1,Protected,0.1
P0273,1960,2015,55,40-59,EV-D68,512,1,Protected,0.1
P0273,1960,2015,55,40-59,CVA6,256,1,Protected,0.1
P0273,1960,2015,55,40-59,CVA16,256,1,Protected,0.1
P0273,1960,2020,60,60+,EV-A71,512,1,Protected,0.1
P0273,1960,2020,60,60+,EV-D68,512,1,Protected,0.1
P0273,1960,2020,60,60+,CVA6,512,1,Protected,0.1
P0273,1960,2020,60,60+,CVA16,256,1,Protected,0.1
P0273,1960,2025,65,60+,EV-A71,512,1,Protected,0.1
P0273,1960,2025,65,60+,EV-D68,256,1,Protected,0.1
P0273,1960,2025,65,60+,CVA6,512,1,Protected,0.1
P0273,1960,2025,65,60+,CVA16,128,1,Protected,0.1
P0274,2003,2005,2,0-4,EV-A71,64,1,Protected,0.1
P0274,2003,2005,2,0-4,EV-D68,32,1,Partially protected,0.5
P0274,2003,2005,2,0-4,CVA6,128,1,Protected,0.1
P0274,2003,2005,2,0-4,CVA16,32,1,Partially protected,0.5
P0274,2003,2010,7,5-9,EV-A71,64,1,Protected,0.1
P0274,2003,2010,7,5-9,EV-D68,16,0,Susceptible,1.0
P0274,2003,2010,7,5-9,CVA6,64,1,Protected,0.1
P0274,2003,2010,7,5-9,CVA16,32,1,Partially protected,0.5
P0274,2003,2015,12,10-14,EV-A71,256,1,Protected,0.1
P0274,2003,2015,12,10-14,EV-D68,64,1,Protected,0.1
P0274,2003,2015,12,10-14,CVA6,128,1,Protected,0.1
P0274,2003,2015,12,10-14,CVA16,64,1,Protected,0.1
P0274,2003,2020,17,15-19,EV-A71,256,1,Protected,0.1
P0274,2003,2020,17,15-19,EV-D68,128,1,Protected,0.1
P0274,2003,2020,17,15-19,CVA6,128,1,Protected,0.1
P0274,2003,2020,17,15-19,CVA16,256,1,Protected,0.1
P0274,2003,2025,22,20-39,EV-A71,512,1,Protected,0.1
P0274,2003,2025,22,20-39,EV-D68,512,1,Protected,0.1
P0274,2003,2025,22,20-39,CVA6,512,1,Protected,0.1
P0274,2003,2025,22,20-39,CVA16,256,1,Protected,0.1
P0275,2016,2020,4,0-4,EV-A71,128,1,Protected,0.1
P0275,2016,2020,4,0-4,EV-D68,128,1,Protected,0.1
P0275,2016,2020,4,0-4,CVA6,128,1,Protected,0.1
P0275,2016,2020,4,0-4,CVA16,32,1,Partially protected,0.5
P0275,2016,2025,9,5-9,EV-A71,128,1,Protected,0.1
P0275,2016,2025,9,5-9,EV-D68,64,1,Protected,0.1
P0275,2016,2025,9,5-9,CVA6,256,1,Protected,0.1
P0275,2016,2025,9,5-9,CVA16,64,1,Protected,0.1
P0276,1990,2005,15,15-19,EV-A71,128,1,Protected,0.1
P0276,1990,2005,15,15-19,EV-D68,64,1,Protected,0.1
P0276,1990,2005,15,15-19,CVA6,128,1,Protected,0.1
P0276,1990,2005,15,15-19,CVA16,32,1,Partially protected,0.5
P0276,1990,2010,20,20-39,EV-A71,256,1,Protected,0.1
P0276,1990,2010,20,20-39,EV-D68,128,1,Protected,0.1
P0276,1990,2010,20,20-39,CVA6,256,1,Protected,0.1
P0276,1990,2010,20,20-39,CVA16,128,1,Protected,0.1
P0276,1990,2015,25,20-39,EV-A71,512,1,Protected,0.1
P0276,1990,2015,25,20-39,EV-D68,256,1,Protected,0.1
P0276,1990,2015,25,20-39,CVA6,256,1,Protected,0.1
P0276,1990,2015,25,20-39,CVA16,256,1,Protected,0.1
P0276,1990,2020,30,20-39,EV-A71,512,1,Protected,0.1
P0276,1990,2020,30,20-39,EV-D68,128,1,Protected,0.1
P0276,1990,2020,30,20-39,CVA6,512,1,Protected,0.1
P0276,1990,2020,30,20-39,CVA16,256,1,Protected,0.1
P0276,1990,2025,35,20-39,EV-A71,256,1,Protected,0.1
P0276,1990,2025,35,20-39,EV-D68,256,1,Protected,0.1
P0276,1990,2025,35,20-39,CVA6,512,1,Protected,0.1
P0276,1990,2025,35,20-39,CVA16,256,1,Protected,0.1
P0277,1983,2005,22,20-39,EV-A71,512,1,Protected,0.1
P0277,1983,2005,22,20-39,EV-D68,64,1,Protected,0.1
P0277,1983,2005,22,20-39,CVA6,512,1,Protected,0.1
P0277,1983,2005,22,20-39,CVA16,128,1,Protected,0.1
P0277,1983,2010,27,20-39,EV-A71,256,1,Protected,0.1
P0277,1983,2010,27,20-39,EV-D68,128,1,Protected,0.1
P0277,1983,2010,27,20-39,CVA6,512,1,Protected,0.1
P0277,1983,2010,27,20-39,CVA16,128,1,Protected,0.1
P0277,1983,2015,32,20-39,EV-A71,512,1,Protected,0.1
P0277,1983,2015,32,20-39,EV-D68,256,1,Protected,0.1
P0277,1983,2015,32,20-39,CVA6,512,1,Protected,0.1
P0277,1983,2015,32,20-39,CVA16,128,1,Protected,0.1
P0277,1983,2020,37,20-39,EV-A71,512,1,Protected,0.1
P0277,1983,2020,37,20-39,EV-D68,512,1,Protected,0.1
P0277,1983,2020,37,20-39,CVA6,256,1,Protected,0.1
P0277,1983,2020,37,20-39,CVA16,256,1,Protected,0.1
P0277,1983,2025,42,40-59,EV-A71,512,1,Protected,0.1
P0277,1983,2025,42,40-59,EV-D68,256,1,Protected,0.1
P0277,1983,2025,42,40-59,CVA6,512,1,Protected,0.1
P0277,1983,2025,42,40-59,CVA16,512,1,Protected,0.1
P0278,1976,2005,29,20-39,EV-A71,256,1,Protected,0.1
P0278,1976,2005,29,20-39,EV-D68,64,1,Protected,0.1
P0278,1976,2005,29,20-39,CVA6,256,1,Protected,0.1
P0278,1976,2005,29,20-39,CVA16,128,1,Protected,0.1
P0278,1976,2010,34,20-39,EV-A71,128,1,Protected,0.1
P0278,1976,2010,34,20-39,EV-D68,128,1,Protected,0.1
P0278,1976,2010,34,20-39,CVA6,128,1,Protected,0.1
P0278,1976,2010,34,20-39,CVA16,128,1,Protected,0.1
P0278,1976,2015,39,20-39,EV-A71,256,1,Protected,0.1
P0278,1976,2015,39,20-39,EV-D68,512,1,Protected,0.1
P0278,1976,2015,39,20-39,CVA6,512,1,Protected,0.1
P0278,1976,2015,39,20-39,CVA16,256,1,Protected,0.1
P0278,1976,2020,44,40-59,EV-A71,512,1,Protected,0.1
P0278,1976,2020,44,40-59,EV-D68,128,1,Protected,0.1
P0278,1976,2020,44,40-59,CVA6,256,1,Protected,0.1
P0278,1976,2020,44,40-59,CVA16,128,1,Protected,0.1
P0278,1976,2025,49,40-59,EV-A71,512,1,Protected,0.1
P0278,1976,2025,49,40-59,EV-D68,256,1,Protected,0.1
P0278,1976,2025,49,40-59,CVA6,512,1,Protected,0.1
P0278,1976,2025,49,40-59,CVA16,256,1,Protected,0.1
P0279,1990,2005,15,15-19,EV-A71,256,1,Protected,0.1
P0279,1990,2005,15,15-19,EV-D68,128,1,Protected,0.1
P0279,1990,2005,15,15-19,CVA6,256,1,Protected,0.1
P0279,1990,2005,15,15-19,CVA16,128,1,Protected,0.1
P0279,1990,2010,20,20-39,EV-A71,256,1,Protected,0.1
P0279,1990,2010,20,20-39,EV-D68,128,1,Protected,0.1
P0279,1990,2010,20,20-39,CVA6,512,1,Protected,0.1
P0279,1990,2010,20,20-39,CVA16,128,1,Protected,0.1
P0279,1990,2015,25,20-39,EV-A71,256,1,Protected,0.1
P0279,1990,2015,25,20-39,EV-D68,128,1,Protected,0.1
P0279,1990,2015,25,20-39,CVA6,512,1,Protected,0.1
P0279,1990,2015,25,20-39,CVA16,256,1,Protected,0.1
P0279,1990,2020,30,20-39,EV-A71,512,1,Protected,0.1
P0279,1990,2020,30,20-39,EV-D68,256,1,Protected,0.1
P0279,1990,2020,30,20-39,CVA6,256,1,Protected,0.1
P0279,1990,2020,30,20-39,CVA16,256,1,Protected,0.1
P0279,1990,2025,35,20-39,EV-A71,512,1,Protected,0.1
P0279,1990,2025,35,20-39,EV-D68,128,1,Protected,0.1
P0279,1990,2025,35,20-39,CVA6,512,1,Protected,0.1
P0279,1990,2025,35,20-39,CVA16,256,1,Protected,0.1
P0280,1980,2005,25,20-39,EV-A71,256,1,Protected,0.1
P0280,1980,2005,25,20-39,EV-D68,64,1,Protected,0.1
P0280,1980,2005,25,20-39,CVA6,256,1,Protected,0.1
P0280,1980,2005,25,20-39,CVA16,128,1,Protected,0.1
P0280,1980,2010,30,20-39,EV-A71,512,1,Protected,0.1
P0280,1980,2010,30,20-39,EV-D68,128,1,Protected,0.1
P0280,1980,2010,30,20-39,CVA6,512,1,Protected,0.1
P0280,1980,2010,30,20-39,CVA16,128,1,Protected,0.1
P0280,1980,2015,35,20-39,EV-A71,512,1,Protected,0.1
P0280,1980,2015,35,20-39,EV-D68,512,1,Protected,0.1
P0280,1980,2015,35,20-39,CVA6,256,1,Protected,0.1
P0280,1980,2015,35,20-39,CVA16,128,1,Protected,0.1
P0280,1980,2020,40,40-59,EV-A71,512,1,Protected,0.1
P0280,1980,2020,40,40-59,EV-D68,512,1,Protected,0.1
P0280,1980,2020,40,40-59,CVA6,256,1,Protected,0.1
P0280,1980,2020,40,40-59,CVA16,256,1,Protected,0.1
P0280,1980,2025,45,40-59,EV-A71,512,1,Protected,0.1
P0280,1980,2025,45,40-59,EV-D68,256,1,Protected,0.1
P0280,1980,2025,45,40-59,CVA6,512,1,Protected,0.1
P0280,1980,2025,45,40-59,CVA16,512,1,Protected,0.1
P0281,1983,2005,22,20-39,EV-A71,256,1,Protected,0.1
P0281,1983,2005,22,20-39,EV-D68,128,1,Protected,0.1
P0281,1983,2005,22,20-39,CVA6,512,1,Protected,0.1
P0281,1983,2005,22,20-39,CVA16,256,1,Protected,0.1
P0281,1983,2010,27,20-39,EV-A71,512,1,Protected,0.1
P0281,1983,2010,27,20-39,EV-D68,128,1,Protected,0.1
P0281,1983,2010,27,20-39,CVA6,256,1,Protected,0.1
P0281,1983,2010,27,20-39,CVA16,256,1,Protected,0.1
P0281,1983,2015,32,20-39,EV-A71,512,1,Protected,0.1
P0281,1983,2015,32,20-39,EV-D68,256,1,Protected,0.1
P0281,1983,2015,32,20-39,CVA6,512,1,Protected,0.1
P0281,1983,2015,32,20-39,CVA16,256,1,Protected,0.1
P0281,1983,2020,37,20-39,EV-A71,512,1,Protected,0.1
P0281,1983,2020,37,20-39,EV-D68,256,1,Protected,0.1
P0281,1983,2020,37,20-39,CVA6,512,1,Protected,0.1
P0281,1983,2020,37,20-39,CVA16,256,1,Protected,0.1
P0281,1983,2025,42,40-59,EV-A71,512,1,Protected,0.1
P0281,1983,2025,42,40-59,EV-D68,256,1,Protected,0.1
P0281,1983,2025,42,40-59,CVA6,256,1,Protected,0.1
P0281,1983,2025,42,40-59,CVA16,128,1,Protected,0.1
P0282,2000,2005,5,5-9,EV-A71,32,1,Partially protected,0.5
P0282,2000,2005,5,5-9,EV-D68,32,1,Partially protected,0.5
P0282,2000,2005,5,5-9,CVA6,32,1,Partially protected,0.5
P0282,2000,2005,5,5-9,CVA16,32,1,Partially protected,0.5
P0282,2000,2010,10,10-14,EV-A71,256,1,Protected,0.1
P0282,2000,2010,10,10-14,EV-D68,64,1,Protected,0.1
P0282,2000,2010,10,10-14,CVA6,128,1,Protected,0.1
P0282,2000,2010,10,10-14,CVA16,32,1,Partially protected,0.5
P0282,2000,2015,15,15-19,EV-A71,256,1,Protected,0.1
P0282,2000,2015,15,15-19,EV-D68,128,1,Protected,0.1
P0282,2000,2015,15,15-19,CVA6,512,1,Protected,0.1
P0282,2000,2015,15,15-19,CVA16,128,1,Protected,0.1
P0282,2000,2020,20,20-39,EV-A71,256,1,Protected,0.1
P0282,2000,2020,20,20-39,EV-D68,256,1,Protected,0.1
P0282,2000,2020,20,20-39,CVA6,512,1,Protected,0.1
P0282,2000,2020,20,20-39,CVA16,256,1,Protected,0.1
P0282,2000,2025,25,20-39,EV-A71,256,1,Protected,0.1
P0282,2000,2025,25,20-39,EV-D68,256,1,Protected,0.1
P0282,2000,2025,25,20-39,CVA6,512,1,Protected,0.1
P0282,2000,2025,25,20-39,CVA16,512,1,Protected,0.1
P0283,1966,2005,39,20-39,EV-A71,512,1,Protected,0.1
P0283,1966,2005,39,20-39,EV-D68,128,1,Protected,0.1
P0283,1966,2005,39,20-39,CVA6,128,1,Protected,0.1
P0283,1966,2005,39,20-39,CVA16,64,1,Protected,0.1
P0283,1966,2010,44,40-59,EV-A71,256,1,Protected,0.1
P0283,1966,2010,44,40-59,EV-D68,128,1,Protected,0.1
P0283,1966,2010,44,40-59,CVA6,256,1,Protected,0.1
P0283,1966,2010,44,40-59,CVA16,256,1,Protected,0.1
P0283,1966,2015,49,40-59,EV-A71,512,1,Protected,0.1
P0283,1966,2015,49,40-59,EV-D68,128,1,Protected,0.1
P0283,1966,2015,49,40-59,CVA6,512,1,Protected,0.1
P0283,1966,2015,49,40-59,CVA16,256,1,Protected,0.1
P0283,1966,2020,54,40-59,EV-A71,512,1,Protected,0.1
P0283,1966,2020,54,40-59,EV-D68,256,1,Protected,0.1
P0283,1966,2020,54,40-59,CVA6,512,1,Protected,0.1
P0283,1966,2020,54,40-59,CVA16,256,1,Protected,0.1
P0283,1966,2025,59,40-59,EV-A71,256,1,Protected,0.1
P0283,1966,2025,59,40-59,EV-D68,256,1,Protected,0.1
P0283,1966,2025,59,40-59,CVA6,512,1,Protected,0.1
P0283,1966,2025,59,40-59,CVA16,256,1,Protected,0.1
P0284,1988,2005,17,15-19,EV-A71,128,1,Protected,0.1
P0284,1988,2005,17,15-19,EV-D68,128,1,Protected,0.1
P0284,1988,2005,17,15-19,CVA6,128,1,Protected,0.1
P0284,1988,2005,17,15-19,CVA16,64,1,Protected,0.1
P0284,1988,2010,22,20-39,EV-A71,256,1,Protected,0.1
P0284,1988,2010,22,20-39,EV-D68,64,1,Protected,0.1
P0284,1988,2010,22,20-39,CVA6,512,1,Protected,0.1
P0284,1988,2010,22,20-39,CVA16,128,1,Protected,0.1
P0284,1988,2015,27,20-39,EV-A71,512,1,Protected,0.1
P0284,1988,2015,27,20-39,EV-D68,256,1,Protected,0.1
P0284,1988,2015,27,20-39,CVA6,512,1,Protected,0.1
P0284,1988,2015,27,20-39,CVA16,512,1,Protected,0.1
P0284,1988,2020,32,20-39,EV-A71,256,1,Protected,0.1
P0284,1988,2020,32,20-39,EV-D68,256,1,Protected,0.1
P0284,1988,2020,32,20-39,CVA6,512,1,Protected,0.1
P0284,1988,2020,32,20-39,CVA16,256,1,Protected,0.1
P0284,1988,2025,37,20-39,EV-A71,512,1,Protected,0.1
P0284,1988,2025,37,20-39,EV-D68,128,1,Protected,0.1
P0284,1988,2025,37,20-39,CVA6,512,1,Protected,0.1
P0284,1988,2025,37,20-39,CVA16,256,1,Protected,0.1
P0285,2008,2010,2,0-4,EV-A71,32,1,Partially protected,0.5
P0285,2008,2010,2,0-4,EV-D68,32,1,Partially protected,0.5
P0285,2008,2010,2,0-4,CVA6,64,1,Protected,0.1
P0285,2008,2010,2,0-4,CVA16,64,1,Protected,0.1
P0285,2008,2015,7,5-9,EV-A71,128,1,Protected,0.1
P0285,2008,2015,7,5-9,EV-D68,128,1,Protected,0.1
P0285,2008,2015,7,5-9,CVA6,256,1,Protected,0.1
P0285,2008,2015,7,5-9,CVA16,64,1,Protected,0.1
P0285,2008,2020,12,10-14,EV-A71,256,1,Protected,0.1
P0285,2008,2020,12,10-14,EV-D68,256,1,Protected,0.1
P0285,2008,2020,12,10-14,CVA6,128,1,Protected,0.1
P0285,2008,2020,12,10-14,CVA16,128,1,Protected,0.1
P0285,2008,2025,17,15-19,EV-A71,256,1,Protected,0.1
P0285,2008,2025,17,15-19,EV-D68,64,1,Protected,0.1
P0285,2008,2025,17,15-19,CVA6,256,1,Protected,0.1
P0285,2008,2025,17,15-19,CVA16,128,1,Protected,0.1
P0286,1990,2005,15,15-19,EV-A71,64,1,Protected,0.1
P0286,1990,2005,15,15-19,EV-D68,64,1,Protected,0.1
P0286,1990,2005,15,15-19,CVA6,128,1,Protected,0.1
P0286,1990,2005,15,15-19,CVA16,64,1,Protected,0.1
P0286,1990,2010,20,20-39,EV-A71,256,1,Protected,0.1
P0286,1990,2010,20,20-39,EV-D68,128,1,Protected,0.1
P0286,1990,2010,20,20-39,CVA6,256,1,Protected,0.1
P0286,1990,2010,20,20-39,CVA16,256,1,Protected,0.1
P0286,1990,2015,25,20-39,EV-A71,512,1,Protected,0.1
P0286,1990,2015,25,20-39,EV-D68,256,1,Protected,0.1
P0286,1990,2015,25,20-39,CVA6,256,1,Protected,0.1
P0286,1990,2015,25,20-39,CVA16,256,1,Protected,0.1
P0286,1990,2020,30,20-39,EV-A71,256,1,Protected,0.1
P0286,1990,2020,30,20-39,EV-D68,256,1,Protected,0.1
P0286,1990,2020,30,20-39,CVA6,256,1,Protected,0.1
P0286,1990,2020,30,20-39,CVA16,256,1,Protected,0.1
P0286,1990,2025,35,20-39,EV-A71,512,1,Protected,0.1
P0286,1990,2025,35,20-39,EV-D68,128,1,Protected,0.1
P0286,1990,2025,35,20-39,CVA6,512,1,Protected,0.1
P0286,1990,2025,35,20-39,CVA16,512,1,Protected,0.1
P0287,1959,2005,46,40-59,EV-A71,256,1,Protected,0.1
P0287,1959,2005,46,40-59,EV-D68,128,1,Protected,0.1
P0287,1959,2005,46,40-59,CVA6,256,1,Protected,0.1
P0287,1959,2005,46,40-59,CVA16,128,1,Protected,0.1
P0287,1959,2010,51,40-59,EV-A71,512,1,Protected,0.1
P0287,1959,2010,51,40-59,EV-D68,128,1,Protected,0.1
P0287,1959,2010,51,40-59,CVA6,256,1,Protected,0.1
P0287,1959,2010,51,40-59,CVA16,128,1,Protected,0.1
P0287,1959,2015,56,40-59,EV-A71,256,1,Protected,0.1
P0287,1959,2015,56,40-59,EV-D68,512,1,Protected,0.1
P0287,1959,2015,56,40-59,CVA6,512,1,Protected,0.1
P0287,1959,2015,56,40-59,CVA16,256,1,Protected,0.1
P0287,1959,2020,61,60+,EV-A71,256,1,Protected,0.1
P0287,1959,2020,61,60+,EV-D68,256,1,Protected,0.1
P0287,1959,2020,61,60+,CVA6,512,1,Protected,0.1
P0287,1959,2020,61,60+,CVA16,512,1,Protected,0.1
P0287,1959,2025,66,60+,EV-A71,256,1,Protected,0.1
P0287,1959,2025,66,60+,EV-D68,128,1,Protected,0.1
P0287,1959,2025,66,60+,CVA6,512,1,Protected,0.1
P0287,1959,2025,66,60+,CVA16,128,1,Protected,0.1
P0288,1951,2005,54,40-59,EV-A71,512,1,Protected,0.1
P0288,1951,2005,54,40-59,EV-D68,64,1,Protected,0.1
P0288,1951,2005,54,40-59,CVA6,256,1,Protected,0.1
P0288,1951,2005,54,40-59,CVA16,128,1,Protected,0.1
P0288,1951,2010,59,40-59,EV-A71,128,1,Protected,0.1
P0288,1951,2010,59,40-59,EV-D68,64,1,Protected,0.1
P0288,1951,2010,59,40-59,CVA6,512,1,Protected,0.1
P0288,1951,2010,59,40-59,CVA16,128,1,Protected,0.1
P0288,1951,2015,64,60+,EV-A71,256,1,Protected,0.1
P0288,1951,2015,64,60+,EV-D68,512,1,Protected,0.1
P0288,1951,2015,64,60+,CVA6,512,1,Protected,0.1
P0288,1951,2015,64,60+,CVA16,256,1,Protected,0.1
P0288,1951,2020,69,60+,EV-A71,512,1,Protected,0.1
P0288,1951,2020,69,60+,EV-D68,256,1,Protected,0.1
P0288,1951,2020,69,60+,CVA6,512,1,Protected,0.1
P0288,1951,2020,69,60+,CVA16,256,1,Protected,0.1
P0288,1951,2025,74,60+,EV-A71,512,1,Protected,0.1
P0288,1951,2025,74,60+,EV-D68,512,1,Protected,0.1
P0288,1951,2025,74,60+,CVA6,512,1,Protected,0.1
P0288,1951,2025,74,60+,CVA16,256,1,Protected,0.1
P0289,2008,2010,2,0-4,EV-A71,32,1,Partially protected,0.5
P0289,2008,2010,2,0-4,EV-D68,32,1,Partially protected,0.5
P0289,2008,2010,2,0-4,CVA6,64,1,Protected,0.1
P0289,2008,2010,2,0-4,CVA16,32,1,Partially protected,0.5
P0289,2008,2015,7,5-9,EV-A71,128,1,Protected,0.1
P0289,2008,2015,7,5-9,EV-D68,32,1,Partially protected,0.5
P0289,2008,2015,7,5-9,CVA6,64,1,Protected,0.1
P0289,2008,2015,7,5-9,CVA16,128,1,Protected,0.1
P0289,2008,2020,12,10-14,EV-A71,512,1,Protected,0.1
P0289,2008,2020,12,10-14,EV-D68,256,1,Protected,0.1
P0289,2008,2020,12,10-14,CVA6,128,1,Protected,0.1
P0289,2008,2020,12,10-14,CVA16,128,1,Protected,0.1
P0289,2008,2025,17,15-19,EV-A71,512,1,Protected,0.1
P0289,2008,2025,17,15-19,EV-D68,128,1,Protected,0.1
P0289,2008,2025,17,15-19,CVA6,512,1,Protected,0.1
P0289,2008,2025,17,15-19,CVA16,128,1,Protected,0.1
P0290,1962,2005,43,40-59,EV-A71,256,1,Protected,0.1
P0290,1962,2005,43,40-59,EV-D68,128,1,Protected,0.1
P0290,1962,2005,43,40-59,CVA6,256,1,Protected,0.1
P0290,1962,2005,43,40-59,CVA16,256,1,Protected,0.1
P0290,1962,2010,48,40-59,EV-A71,256,1,Protected,0.1
P0290,1962,2010,48,40-59,EV-D68,128,1,Protected,0.1
P0290,1962,2010,48,40-59,CVA6,128,1,Protected,0.1
P0290,1962,2010,48,40-59,CVA16,128,1,Protected,0.1
P0290,1962,2015,53,40-59,EV-A71,512,1,Protected,0.1
P0290,1962,2015,53,40-59,EV-D68,256,1,Protected,0.1
P0290,1962,2015,53,40-59,CVA6,512,1,Protected,0.1
P0290,1962,2015,53,40-59,CVA16,256,1,Protected,0.1
P0290,1962,2020,58,40-59,EV-A71,256,1,Protected,0.1
P0290,1962,2020,58,40-59,EV-D68,256,1,Protected,0.1
P0290,1962,2020,58,40-59,CVA6,256,1,Protected,0.1
P0290,1962,2020,58,40-59,CVA16,256,1,Protected,0.1
P0290,1962,2025,63,60+,EV-A71,256,1,Protected,0.1
P0290,1962,2025,63,60+,EV-D68,128,1,Protected,0.1
P0290,1962,2025,63,60+,CVA6,512,1,Protected,0.1
P0290,1962,2025,63,60+,CVA16,128,1,Protected,0.1
P0291,1959,2005,46,40-59,EV-A71,128,1,Protected,0.1
P0291,1959,2005,46,40-59,EV-D68,128,1,Protected,0.1
P0291,1959,2005,46,40-59,CVA6,256,1,Protected,0.1
P0291,1959,2005,46,40-59,CVA16,128,1,Protected,0.1
P0291,1959,2010,51,40-59,EV-A71,512,1,Protected,0.1
P0291,1959,2010,51,40-59,EV-D68,256,1,Protected,0.1
P0291,1959,2010,51,40-59,CVA6,256,1,Protected,0.1
P0291,1959,2010,51,40-59,CVA16,256,1,Protected,0.1
P0291,1959,2015,56,40-59,EV-A71,512,1,Protected,0.1
P0291,1959,2015,56,40-59,EV-D68,256,1,Protected,0.1
P0291,1959,2015,56,40-59,CVA6,512,1,Protected,0.1
P0291,1959,2015,56,40-59,CVA16,256,1,Protected,0.1
P0291,1959,2020,61,60+,EV-A71,512,1,Protected,0.1
P0291,1959,2020,61,60+,EV-D68,128,1,Protected,0.1
P0291,1959,2020,61,60+,CVA6,512,1,Protected,0.1
P0291,1959,2020,61,60+,CVA16,512,1,Protected,0.1
P0291,1959,2025,66,60+,EV-A71,512,1,Protected,0.1
P0291,1959,2025,66,60+,EV-D68,128,1,Protected,0.1
P0291,1959,2025,66,60+,CVA6,512,1,Protected,0.1
P0291,1959,2025,66,60+,CVA16,128,1,Protected,0.1
P0292,2018,2020,2,0-4,EV-A71,128,1,Protected,0.1
P0292,2018,2020,2,0-4,EV-D68,64,1,Protected,0.1
P0292,2018,2020,2,0-4,CVA6,128,1,Protected,0.1
P0292,2018,2020,2,0-4,CVA16,64,1,Protected,0.1
P0292,2018,2025,7,5-9,EV-A71,128,1,Protected,0.1
P0292,2018,2025,7,5-9,EV-D68,64,1,Protected,0.1
P0292,2018,2025,7,5-9,CVA6,128,1,Protected,0.1
P0292,2018,2025,7,5-9,CVA16,128,1,Protected,0.1
P0293,1977,2005,28,20-39,EV-A71,256,1,Protected,0.1
P0293,1977,2005,28,20-39,EV-D68,128,1,Protected,0.1
P0293,1977,2005,28,20-39,CVA6,256,1,Protected,0.1
P0293,1977,2005,28,20-39,CVA16,128,1,Protected,0.1
P0293,1977,2010,33,20-39,EV-A71,256,1,Protected,0.1
P0293,1977,2010,33,20-39,EV-D68,128,1,Protected,0.1
P0293,1977,2010,33,20-39,CVA6,256,1,Protected,0.1
P0293,1977,2010,33,20-39,CVA16,128,1,Protected,0.1
P0293,1977,2015,38,20-39,EV-A71,256,1,Protected,0.1
P0293,1977,2015,38,20-39,EV-D68,128,1,Protected,0.1
P0293,1977,2015,38,20-39,CVA6,512,1,Protected,0.1
P0293,1977,2015,38,20-39,CVA16,128,1,Protected,0.1
P0293,1977,2020,43,40-59,EV-A71,512,1,Protected,0.1
P0293,1977,2020,43,40-59,EV-D68,256,1,Protected,0.1
P0293,1977,2020,43,40-59,CVA6,512,1,Protected,0.1
P0293,1977,2020,43,40-59,CVA16,256,1,Protected,0.1
P0293,1977,2025,48,40-59,EV-A71,512,1,Protected,0.1
P0293,1977,2025,48,40-59,EV-D68,256,1,Protected,0.1
P0293,1977,2025,48,40-59,CVA6,512,1,Protected,0.1
P0293,1977,2025,48,40-59,CVA16,512,1,Protected,0.1
P0294,2014,2015,1,0-4,EV-A71,128,1,Protected,0.1
P0294,2014,2015,1,0-4,EV-D68,128,1,Protected,0.1
P0294,2014,2015,1,0-4,CVA6,64,1,Protected,0.1
P0294,2014,2015,1,0-4,CVA16,64,1,Protected,0.1
P0294,2014,2020,6,5-9,EV-A71,64,1,Protected,0.1
P0294,2014,2020,6,5-9,EV-D68,64,1,Protected,0.1
P0294,2014,2020,6,5-9,CVA6,256,1,Protected,0.1
P0294,2014,2020,6,5-9,CVA16,32,1,Partially protected,0.5
P0294,2014,2025,11,10-14,EV-A71,256,1,Protected,0.1
P0294,2014,2025,11,10-14,EV-D68,256,1,Protected,0.1
P0294,2014,2025,11,10-14,CVA6,256,1,Protected,0.1
P0294,2014,2025,11,10-14,CVA16,128,1,Protected,0.1
P0295,1983,2005,22,20-39,EV-A71,512,1,Protected,0.1
P0295,1983,2005,22,20-39,EV-D68,128,1,Protected,0.1
P0295,1983,2005,22,20-39,CVA6,256,1,Protected,0.1
P0295,1983,2005,22,20-39,CVA16,256,1,Protected,0.1
P0295,1983,2010,27,20-39,EV-A71,256,1,Protected,0.1
P0295,1983,2010,27,20-39,EV-D68,256,1,Protected,0.1
P0295,1983,2010,27,20-39,CVA6,256,1,Protected,0.1
P0295,1983,2010,27,20-39,CVA16,128,1,Protected,0.1
P0295,1983,2015,32,20-39,EV-A71,512,1,Protected,0.1
P0295,1983,2015,32,20-39,EV-D68,128,1,Protected,0.1
P0295,1983,2015,32,20-39,CVA6,512,1,Protected,0.1
P0295,1983,2015,32,20-39,CVA16,256,1,Protected,0.1
P0295,1983,2020,37,20-39,EV-A71,512,1,Protected,0.1
P0295,1983,2020,37,20-39,EV-D68,256,1,Protected,0.1
P0295,1983,2020,37,20-39,CVA6,512,1,Protected,0.1
P0295,1983,2020,37,20-39,CVA16,512,1,Protected,0.1
P0295,1983,2025,42,40-59,EV-A71,512,1,Protected,0.1
P0295,1983,2025,42,40-59,EV-D68,512,1,Protected,0.1
P0295,1983,2025,42,40-59,CVA6,512,1,Protected,0.1
P0295,1983,2025,42,40-59,CVA16,256,1,Protected,0.1
P0296,1966,2005,39,20-39,EV-A71,128,1,Protected,0.1
P0296,1966,2005,39,20-39,EV-D68,256,1,Protected,0.1
P0296,1966,2005,39,20-39,CVA6,256,1,Protected,0.1
P0296,1966,2005,39,20-39,CVA16,64,1,Protected,0.1
P0296,1966,2010,44,40-59,EV-A71,512,1,Protected,0.1
P0296,1966,2010,44,40-59,EV-D68,256,1,Protected,0.1
P0296,1966,2010,44,40-59,CVA6,256,1,Protected,0.1
P0296,1966,2010,44,40-59,CVA16,128,1,Protected,0.1
P0296,1966,2015,49,40-59,EV-A71,512,1,Protected,0.1
P0296,1966,2015,49,40-59,EV-D68,128,1,Protected,0.1
P0296,1966,2015,49,40-59,CVA6,512,1,Protected,0.1
P0296,1966,2015,49,40-59,CVA16,256,1,Protected,0.1
P0296,1966,2020,54,40-59,EV-A71,512,1,Protected,0.1
P0296,1966,2020,54,40-59,EV-D68,256,1,Protected,0.1
P0296,1966,2020,54,40-59,CVA6,256,1,Protected,0.1
P0296,1966,2020,54,40-59,CVA16,512,1,Protected,0.1
P0296,1966,2025,59,40-59,EV-A71,256,1,Protected,0.1
P0296,1966,2025,59,40-59,EV-D68,512,1,Protected,0.1
P0296,1966,2025,59,40-59,CVA6,512,1,Protected,0.1
P0296,1966,2025,59,40-59,CVA16,256,1,Protected,0.1
P0297,1994,2005,11,10-14,EV-A71,128,1,Protected,0.1
P0297,1994,2005,11,10-14,EV-D68,32,1,Partially protected,0.5
P0297,1994,2005,11,10-14,CVA6,64,1,Protected,0.1
P0297,1994,2005,11,10-14,CVA16,64,1,Protected,0.1
P0297,1994,2010,16,15-19,EV-A71,128,1,Protected,0.1
P0297,1994,2010,16,15-19,EV-D68,128,1,Protected,0.1
P0297,1994,2010,16,15-19,CVA6,64,1,Protected,0.1
P0297,1994,2010,16,15-19,CVA16,64,1,Protected,0.1
P0297,1994,2015,21,20-39,EV-A71,512,1,Protected,0.1
P0297,1994,2015,21,20-39,EV-D68,256,1,Protected,0.1
P0297,1994,2015,21,20-39,CVA6,512,1,Protected,0.1
P0297,1994,2015,21,20-39,CVA16,256,1,Protected,0.1
P0297,1994,2020,26,20-39,EV-A71,512,1,Protected,0.1
P0297,1994,2020,26,20-39,EV-D68,512,1,Protected,0.1
P0297,1994,2020,26,20-39,CVA6,512,1,Protected,0.1
P0297,1994,2020,26,20-39,CVA16,256,1,Protected,0.1
P0297,1994,2025,31,20-39,EV-A71,512,1,Protected,0.1
P0297,1994,2025,31,20-39,EV-D68,256,1,Protected,0.1
P0297,1994,2025,31,20-39,CVA6,512,1,Protected,0.1
P0297,1994,2025,31,20-39,CVA16,256,1,Protected,0.1
P0298,1958,2005,47,40-59,EV-A71,512,1,Protected,0.1
P0298,1958,2005,47,40-59,EV-D68,128,1,Protected,0.1
P0298,1958,2005,47,40-59,CVA6,256,1,Protected,0.1
P0298,1958,2005,47,40-59,CVA16,128,1,Protected,0.1
P0298,1958,2010,52,40-59,EV-A71,128,1,Protected,0.1
P0298,1958,2010,52,40-59,EV-D68,256,1,Protected,0.1
P0298,1958,2010,52,40-59,CVA6,128,1,Protected,0.1
P0298,1958,2010,52,40-59,CVA16,256,1,Protected,0.1
P0298,1958,2015,57,40-59,EV-A71,512,1,Protected,0.1
P0298,1958,2015,57,40-59,EV-D68,256,1,Protected,0.1
P0298,1958,2015,57,40-59,CVA6,512,1,Protected,0.1
P0298,1958,2015,57,40-59,CVA16,256,1,Protected,0.1
P0298,1958,2020,62,60+,EV-A71,256,1,Protected,0.1
P0298,1958,2020,62,60+,EV-D68,256,1,Protected,0.1
P0298,1958,2020,62,60+,CVA6,512,1,Protected,0.1
P0298,1958,2020,62,60+,CVA16,128,1,Protected,0.1
P0298,1958,2025,67,60+,EV-A71,256,1,Protected,0.1
P0298,1958,2025,67,60+,EV-D68,512,1,Protected,0.1
P0298,1958,2025,67,60+,CVA6,512,1,Protected,0.1
P0298,1958,2025,67,60+,CVA16,128,1,Protected,0.1
P0299,1981,2005,24,20-39,EV-A71,256,1,Protected,0.1
P0299,1981,2005,24,20-39,EV-D68,64,1,Protected,0.1
P0299,1981,2005,24,20-39,CVA6,256,1,Protected,0.1
P0299,1981,2005,24,20-39,CVA16,128,1,Protected,0.1
P0299,1981,2010,29,20-39,EV-A71,512,1,Protected,0.1
P0299,1981,2010,29,20-39,EV-D68,128,1,Protected,0.1
P0299,1981,2010,29,20-39,CVA6,256,1,Protected,0.1
P0299,1981,2010,29,20-39,CVA16,128,1,Protected,0.1
P0299,1981,2015,34,20-39,EV-A71,512,1,Protected,0.1
P0299,1981,2015,34,20-39,EV-D68,256,1,Protected,0.1
P0299,1981,2015,34,20-39,CVA6,512,1,Protected,0.1
P0299,1981,2015,34,20-39,CVA16,512,1,Protected,0.1
P0299,1981,2020,39,20-39,EV-A71,512,1,Protected,0.1
P0299,1981,2020,39,20-39,EV-D68,256,1,Protected,0.1
P0299,1981,2020,39,20-39,CVA6,512,1,Protected,0.1
P0299,1981,2020,39,20-39,CVA16,256,1,Protected,0.1
P0299,1981,2025,44,40-59,EV-A71,512,1,Protected,0.1
P0299,1981,2025,44,40-59,EV-D68,512,1,Protected,0.1
P0299,1981,2025,44,40-59,CVA6,512,1,Protected,0.1
P0299,1981,2025,44,40-59,CVA16,256,1,Protected,0.1
P0300,1997,2005,8,5-9,EV-A71,64,1,Protected,0.1
P0300,1997,2005,8,5-9,EV-D68,32,1,Partially protected,0.5
P0300,1997,2005,8,5-9,CVA6,64,1,Protected,0.1
P0300,1997,2005,8,5-9,CVA16,32,1,Partially protected,0.5
P0300,1997,2010,13,10-14,EV-A71,128,1,Protected,0.1
P0300,1997,2010,13,10-14,EV-D68,32,1,Partially protected,0.5
P0300,1997,2010,13,10-14,CVA6,64,1,Protected,0.1
P0300,1997,2010,13,10-14,CVA16,32,1,Partially protected,0.5
P0300,1997,2015,18,15-19,EV-A71,256,1,Protected,0.1
P0300,1997,2015,18,15-19,EV-D68,128,1,Protected,0.1
P0300,1997,2015,18,15-19,CVA6,256,1,Protected,0.1
P0300,1997,2015,18,15-19,CVA16,128,1,Protected,0.1
P0300,1997,2020,23,20-39,EV-A71,256,1,Protected,0.1
P0300,1997,2020,23,20-39,EV-D68,256,1,Protected,0.1
P0300,1997,2020,23,20-39,CVA6,512,1,Protected,0.1
P0300,1997,2020,23,20-39,CVA16,256,1,Protected,0.1
P0300,1997,2025,28,20-39,EV-A71,512,1,Protected,0.1
P0300,1997,2025,28,20-39,EV-D68,256,1,Protected,0.1
P0300,1997,2025,28,20-39,CVA6,512,1,Protected,0.1
P0300,1997,2025,28,20-39,CVA16,256,1,Protected,0.1
P0301,1986,2005,19,15-19,EV-A71,128,1,Protected,0.1
P0301,1986,2005,19,15-19,EV-D68,128,1,Protected,0.1
P0301,1986,2005,19,15-19,CVA6,128,1,Protected,0.1
P0301,1986,2005,19,15-19,CVA16,128,1,Protected,0.1
P0301,1986,2010,24,20-39,EV-A71,256,1,Protected,0.1
P0301,1986,2010,24,20-39,EV-D68,128,1,Protected,0.1
P0301,1986,2010,24,20-39,CVA6,256,1,Protected,0.1
P0301,1986,2010,24,20-39,CVA16,128,1,Protected,0.1
P0301,1986,2015,29,20-39,EV-A71,512,1,Protected,0.1
P0301,1986,2015,29,20-39,EV-D68,256,1,Protected,0.1
P0301,1986,2015,29,20-39,CVA6,512,1,Protected,0.1
P0301,1986,2015,29,20-39,CVA16,128,1,Protected,0.1
P0301,1986,2020,34,20-39,EV-A71,512,1,Protected,0.1
P0301,1986,2020,34,20-39,EV-D68,256,1,Protected,0.1
P0301,1986,2020,34,20-39,CVA6,512,1,Protected,0.1
P0301,1986,2020,34,20-39,CVA16,512,1,Protected,0.1
P0301,1986,2025,39,20-39,EV-A71,512,1,Protected,0.1
P0301,1986,2025,39,20-39,EV-D68,256,1,Protected,0.1
P0301,1986,2025,39,20-39,CVA6,512,1,Protected,0.1
P0301,1986,2025,39,20-39,CVA16,512,1,Protected,0.1
P0302,1970,2005,35,20-39,EV-A71,256,1,Protected,0.1
P0302,1970,2005,35,20-39,EV-D68,64,1,Protected,0.1
P0302,1970,2005,35,20-39,CVA6,128,1,Protected,0.1
P0302,1970,2005,35,20-39,CVA16,256,1,Protected,0.1
P0302,1970,2010,40,40-59,EV-A71,256,1,Protected,0.1
P0302,1970,2010,40,40-59,EV-D68,128,1,Protected,0.1
P0302,1970,2010,40,40-59,CVA6,128,1,Protected,0.1
P0302,1970,2010,40,40-59,CVA16,256,1,Protected,0.1
P0302,1970,2015,45,40-59,EV-A71,512,1,Protected,0.1
P0302,1970,2015,45,40-59,EV-D68,128,1,Protected,0.1
P0302,1970,2015,45,40-59,CVA6,512,1,Protected,0.1
P0302,1970,2015,45,40-59,CVA16,512,1,Protected,0.1
P0302,1970,2020,50,40-59,EV-A71,512,1,Protected,0.1
P0302,1970,2020,50,40-59,EV-D68,256,1,Protected,0.1
P0302,1970,2020,50,40-59,CVA6,512,1,Protected,0.1
P0302,1970,2020,50,40-59,CVA16,128,1,Protected,0.1
P0302,1970,2025,55,40-59,EV-A71,512,1,Protected,0.1
P0302,1970,2025,55,40-59,EV-D68,512,1,Protected,0.1
P0302,1970,2025,55,40-59,CVA6,256,1,Protected,0.1
P0302,1970,2025,55,40-59,CVA16,256,1,Protected,0.1
P0303,2006,2010,4,0-4,EV-A71,64,1,Protected,0.1
P0303,2006,2010,4,0-4,EV-D68,16,0,Susceptible,1.0
P0303,2006,2010,4,0-4,CVA6,128,1,Protected,0.1
P0303,2006,2010,4,0-4,CVA16,64,1,Protected,0.1
P0303,2006,2015,9,5-9,EV-A71,128,1,Protected,0.1
P0303,2006,2015,9,5-9,EV-D68,128,1,Protected,0.1
P0303,2006,2015,9,5-9,CVA6,64,1,Protected,0.1
P0303,2006,2015,9,5-9,CVA16,64,1,Protected,0.1
P0303,2006,2020,14,10-14,EV-A71,512,1,Protected,0.1
P0303,2006,2020,14,10-14,EV-D68,64,1,Protected,0.1
P0303,2006,2020,14,10-14,CVA6,256,1,Protected,0.1
P0303,2006,2020,14,10-14,CVA16,128,1,Protected,0.1
P0303,2006,2025,19,15-19,EV-A71,512,1,Protected,0.1
P0303,2006,2025,19,15-19,EV-D68,128,1,Protected,0.1
P0303,2006,2025,19,15-19,CVA6,512,1,Protected,0.1
P0303,2006,2025,19,15-19,CVA16,128,1,Protected,0.1
P0304,2019,2020,1,0-4,EV-A71,128,1,Protected,0.1
P0304,2019,2020,1,0-4,EV-D68,64,1,Protected,0.1
P0304,2019,2020,1,0-4,CVA6,128,1,Protected,0.1
P0304,2019,2020,1,0-4,CVA16,64,1,Protected,0.1
P0304,2019,2025,6,5-9,EV-A71,128,1,Protected,0.1
P0304,2019,2025,6,5-9,EV-D68,32,1,Partially protected,0.5
P0304,2019,2025,6,5-9,CVA6,256,1,Protected,0.1
P0304,2019,2025,6,5-9,CVA16,64,1,Protected,0.1
P0305,1988,2005,17,15-19,EV-A71,256,1,Protected,0.1
P0305,1988,2005,17,15-19,EV-D68,64,1,Protected,0.1
P0305,1988,2005,17,15-19,CVA6,64,1,Protected,0.1
P0305,1988,2005,17,15-19,CVA16,64,1,Protected,0.1
P0305,1988,2010,22,20-39,EV-A71,512,1,Protected,0.1
P0305,1988,2010,22,20-39,EV-D68,128,1,Protected,0.1
P0305,1988,2010,22,20-39,CVA6,512,1,Protected,0.1
P0305,1988,2010,22,20-39,CVA16,64,1,Protected,0.1
P0305,1988,2015,27,20-39,EV-A71,512,1,Protected,0.1
P0305,1988,2015,27,20-39,EV-D68,512,1,Protected,0.1
P0305,1988,2015,27,20-39,CVA6,256,1,Protected,0.1
P0305,1988,2015,27,20-39,CVA16,256,1,Protected,0.1
P0305,1988,2020,32,20-39,EV-A71,512,1,Protected,0.1
P0305,1988,2020,32,20-39,EV-D68,128,1,Protected,0.1
P0305,1988,2020,32,20-39,CVA6,512,1,Protected,0.1
P0305,1988,2020,32,20-39,CVA16,512,1,Protected,0.1
P0305,1988,2025,37,20-39,EV-A71,256,1,Protected,0.1
P0305,1988,2025,37,20-39,EV-D68,256,1,Protected,0.1
P0305,1988,2025,37,20-39,CVA6,512,1,Protected,0.1
P0305,1988,2025,37,20-39,CVA16,256,1,Protected,0.1
P0306,2017,2020,3,0-4,EV-A71,256,1,Protected,0.1
P0306,2017,2020,3,0-4,EV-D68,64,1,Protected,0.1
P0306,2017,2020,3,0-4,CVA6,128,1,Protected,0.1
P0306,2017,2020,3,0-4,CVA16,64,1,Protected,0.1
P0306,2017,2025,8,5-9,EV-A71,64,1,Protected,0.1
P0306,2017,2025,8,5-9,EV-D68,32,1,Partially protected,0.5
P0306,2017,2025,8,5-9,CVA6,256,1,Protected,0.1
P0306,2017,2025,8,5-9,CVA16,64,1,Protected,0.1
P0307,1951,2005,54,40-59,EV-A71,512,1,Protected,0.1
P0307,1951,2005,54,40-59,EV-D68,128,1,Protected,0.1
P0307,1951,2005,54,40-59,CVA6,256,1,Protected,0.1
P0307,1951,2005,54,40-59,CVA16,128,1,Protected,0.1
P0307,1951,2010,59,40-59,EV-A71,256,1,Protected,0.1
P0307,1951,2010,59,40-59,EV-D68,128,1,Protected,0.1
P0307,1951,2010,59,40-59,CVA6,256,1,Protected,0.1
P0307,1951,2010,59,40-59,CVA16,128,1,Protected,0.1
P0307,1951,2015,64,60+,EV-A71,512,1,Protected,0.1
P0307,1951,2015,64,60+,EV-D68,512,1,Protected,0.1
P0307,1951,2015,64,60+,CVA6,256,1,Protected,0.1
P0307,1951,2015,64,60+,CVA16,256,1,Protected,0.1
P0307,1951,2020,69,60+,EV-A71,256,1,Protected,0.1
P0307,1951,2020,69,60+,EV-D68,256,1,Protected,0.1
P0307,1951,2020,69,60+,CVA6,512,1,Protected,0.1
P0307,1951,2020,69,60+,CVA16,256,1,Protected,0.1
P0307,1951,2025,74,60+,EV-A71,512,1,Protected,0.1
P0307,1951,2025,74,60+,EV-D68,256,1,Protected,0.1
P0307,1951,2025,74,60+,CVA6,512,1,Protected,0.1
P0307,1951,2025,74,60+,CVA16,256,1,Protected,0.1
P0308,2020,2020,0,0-4,EV-A71,128,1,Protected,0.1
P0308,2020,2020,0,0-4,EV-D68,64,1,Protected,0.1
P0308,2020,2020,0,0-4,CVA6,128,1,Protected,0.1
P0308,2020,2020,0,0-4,CVA16,128,1,Protected,0.1
P0308,2020,2025,5,5-9,EV-A71,128,1,Protected,0.1
P0308,2020,2025,5,5-9,EV-D68,32,1,Partially protected,0.5
P0308,2020,2025,5,5-9,CVA6,128,1,Protected,0.1
P0308,2020,2025,5,5-9,CVA16,32,1,Partially protected,0.5
P0309,1988,2005,17,15-19,EV-A71,64,1,Protected,0.1
P0309,1988,2005,17,15-19,EV-D68,64,1,Protected,0.1
P0309,1988,2005,17,15-19,CVA6,128,1,Protected,0.1
P0309,1988,2005,17,15-19,CVA16,64,1,Protected,0.1
P0309,1988,2010,22,20-39,EV-A71,256,1,Protected,0.1
P0309,1988,2010,22,20-39,EV-D68,128,1,Protected,0.1
P0309,1988,2010,22,20-39,CVA6,256,1,Protected,0.1
P0309,1988,2010,22,20-39,CVA16,256,1,Protected,0.1
P0309,1988,2015,27,20-39,EV-A71,512,1,Protected,0.1
P0309,1988,2015,27,20-39,EV-D68,256,1,Protected,0.1
P0309,1988,2015,27,20-39,CVA6,512,1,Protected,0.1
P0309,1988,2015,27,20-39,CVA16,256,1,Protected,0.1
P0309,1988,2020,32,20-39,EV-A71,512,1,Protected,0.1
P0309,1988,2020,32,20-39,EV-D68,256,1,Protected,0.1
P0309,1988,2020,32,20-39,CVA6,512,1,Protected,0.1
P0309,1988,2020,32,20-39,CVA16,256,1,Protected,0.1
P0309,1988,2025,37,20-39,EV-A71,256,1,Protected,0.1
P0309,1988,2025,37,20-39,EV-D68,256,1,Protected,0.1
P0309,1988,2025,37,20-39,CVA6,512,1,Protected,0.1
P0309,1988,2025,37,20-39,CVA16,256,1,Protected,0.1
P0310,1963,2005,42,40-59,EV-A71,256,1,Protected,0.1
P0310,1963,2005,42,40-59,EV-D68,256,1,Protected,0.1
P0310,1963,2005,42,40-59,CVA6,128,1,Protected,0.1
P0310,1963,2005,42,40-59,CVA16,64,1,Protected,0.1
P0310,1963,2010,47,40-59,EV-A71,512,1,Protected,0.1
P0310,1963,2010,47,40-59,EV-D68,128,1,Protected,0.1
P0310,1963,2010,47,40-59,CVA6,256,1,Protected,0.1
P0310,1963,2010,47,40-59,CVA16,256,1,Protected,0.1
P0310,1963,2015,52,40-59,EV-A71,512,1,Protected,0.1
P0310,1963,2015,52,40-59,EV-D68,256,1,Protected,0.1
P0310,1963,2015,52,40-59,CVA6,512,1,Protected,0.1
P0310,1963,2015,52,40-59,CVA16,256,1,Protected,0.1
P0310,1963,2020,57,40-59,EV-A71,256,1,Protected,0.1
P0310,1963,2020,57,40-59,EV-D68,256,1,Protected,0.1
P0310,1963,2020,57,40-59,CVA6,512,1,Protected,0.1
P0310,1963,2020,57,40-59,CVA16,256,1,Protected,0.1
P0310,1963,2025,62,60+,EV-A71,512,1,Protected,0.1
P0310,1963,2025,62,60+,EV-D68,256,1,Protected,0.1
P0310,1963,2025,62,60+,CVA6,512,1,Protected,0.1
P0310,1963,2025,62,60+,CVA16,256,1,Protected,0.1
P0311,1967,2005,38,20-39,EV-A71,512,1,Protected,0.1
P0311,1967,2005,38,20-39,EV-D68,128,1,Protected,0.1
P0311,1967,2005,38,20-39,CVA6,256,1,Protected,0.1
P0311,1967,2005,38,20-39,CVA16,128,1,Protected,0.1
P0311,1967,2010,43,40-59,EV-A71,512,1,Protected,0.1
P0311,1967,2010,43,40-59,EV-D68,64,1,Protected,0.1
P0311,1967,2010,43,40-59,CVA6,128,1,Protected,0.1
P0311,1967,2010,43,40-59,CVA16,64,1,Protected,0.1
P0311,1967,2015,48,40-59,EV-A71,256,1,Protected,0.1
P0311,1967,2015,48,40-59,EV-D68,256,1,Protected,0.1
P0311,1967,2015,48,40-59,CVA6,256,1,Protected,0.1
P0311,1967,2015,48,40-59,CVA16,512,1,Protected,0.1
P0311,1967,2020,53,40-59,EV-A71,256,1,Protected,0.1
P0311,1967,2020,53,40-59,EV-D68,256,1,Protected,0.1
P0311,1967,2020,53,40-59,CVA6,512,1,Protected,0.1
P0311,1967,2020,53,40-59,CVA16,256,1,Protected,0.1
P0311,1967,2025,58,40-59,EV-A71,512,1,Protected,0.1
P0311,1967,2025,58,40-59,EV-D68,256,1,Protected,0.1
P0311,1967,2025,58,40-59,CVA6,512,1,Protected,0.1
P0311,1967,2025,58,40-59,CVA16,128,1,Protected,0.1
P0312,1983,2005,22,20-39,EV-A71,128,1,Protected,0.1
P0312,1983,2005,22,20-39,EV-D68,256,1,Protected,0.1
P0312,1983,2005,22,20-39,CVA6,128,1,Protected,0.1
P0312,1983,2005,22,20-39,CVA16,64,1,Protected,0.1
P0312,1983,2010,27,20-39,EV-A71,512,1,Protected,0.1
P0312,1983,2010,27,20-39,EV-D68,128,1,Protected,0.1
P0312,1983,2010,27,20-39,CVA6,512,1,Protected,0.1
P0312,1983,2010,27,20-39,CVA16,64,1,Protected,0.1
P0312,1983,2015,32,20-39,EV-A71,256,1,Protected,0.1
P0312,1983,2015,32,20-39,EV-D68,128,1,Protected,0.1
P0312,1983,2015,32,20-39,CVA6,512,1,Protected,0.1
P0312,1983,2015,32,20-39,CVA16,256,1,Protected,0.1
P0312,1983,2020,37,20-39,EV-A71,512,1,Protected,0.1
P0312,1983,2020,37,20-39,EV-D68,512,1,Protected,0.1
P0312,1983,2020,37,20-39,CVA6,512,1,Protected,0.1
P0312,1983,2020,37,20-39,CVA16,128,1,Protected,0.1
P0312,1983,2025,42,40-59,EV-A71,512,1,Protected,0.1
P0312,1983,2025,42,40-59,EV-D68,256,1,Protected,0.1
P0312,1983,2025,42,40-59,CVA6,512,1,Protected,0.1
P0312,1983,2025,42,40-59,CVA16,256,1,Protected,0.1
P0313,1964,2005,41,40-59,EV-A71,128,1,Protected,0.1
P0313,1964,2005,41,40-59,EV-D68,128,1,Protected,0.1
P0313,1964,2005,41,40-59,CVA6,256,1,Protected,0.1
P0313,1964,2005,41,40-59,CVA16,128,1,Protected,0.1
P0313,1964,2010,46,40-59,EV-A71,256,1,Protected,0.1
P0313,1964,2010,46,40-59,EV-D68,128,1,Protected,0.1
P0313,1964,2010,46,40-59,CVA6,256,1,Protected,0.1
P0313,1964,2010,46,40-59,CVA16,64,1,Protected,0.1
P0313,1964,2015,51,40-59,EV-A71,512,1,Protected,0.1
P0313,1964,2015,51,40-59,EV-D68,128,1,Protected,0.1
P0313,1964,2015,51,40-59,CVA6,512,1,Protected,0.1
P0313,1964,2015,51,40-59,CVA16,256,1,Protected,0.1
P0313,1964,2020,56,40-59,EV-A71,512,1,Protected,0.1
P0313,1964,2020,56,40-59,EV-D68,128,1,Protected,0.1
P0313,1964,2020,56,40-59,CVA6,512,1,Protected,0.1
P0313,1964,2020,56,40-59,CVA16,256,1,Protected,0.1
P0313,1964,2025,61,60+,EV-A71,512,1,Protected,0.1
P0313,1964,2025,61,60+,EV-D68,256,1,Protected,0.1
P0313,1964,2025,61,60+,CVA6,256,1,Protected,0.1
P0313,1964,2025,61,60+,CVA16,256,1,Protected,0.1
P0314,1963,2005,42,40-59,EV-A71,256,1,Protected,0.1
P0314,1963,2005,42,40-59,EV-D68,256,1,Protected,0.1
P0314,1963,2005,42,40-59,CVA6,256,1,Protected,0.1
P0314,1963,2005,42,40-59,CVA16,128,1,Protected,0.1
P0314,1963,2010,47,40-59,EV-A71,256,1,Protected,0.1
P0314,1963,2010,47,40-59,EV-D68,64,1,Protected,0.1
P0314,1963,2010,47,40-59,CVA6,256,1,Protected,0.1
P0314,1963,2010,47,40-59,CVA16,256,1,Protected,0.1
P0314,1963,2015,52,40-59,EV-A71,512,1,Protected,0.1
P0314,1963,2015,52,40-59,EV-D68,256,1,Protected,0.1
P0314,1963,2015,52,40-59,CVA6,512,1,Protected,0.1
P0314,1963,2015,52,40-59,CVA16,128,1,Protected,0.1
P0314,1963,2020,57,40-59,EV-A71,512,1,Protected,0.1
P0314,1963,2020,57,40-59,EV-D68,256,1,Protected,0.1
P0314,1963,2020,57,40-59,CVA6,256,1,Protected,0.1
P0314,1963,2020,57,40-59,CVA16,128,1,Protected,0.1
P0314,1963,2025,62,60+,EV-A71,256,1,Protected,0.1
P0314,1963,2025,62,60+,EV-D68,128,1,Protected,0.1
P0314,1963,2025,62,60+,CVA6,512,1,Protected,0.1
P0314,1963,2025,62,60+,CVA16,256,1,Protected,0.1
P0315,2020,2020,0,0-4,EV-A71,128,1,Protected,0.1
P0315,2020,2020,0,0-4,EV-D68,32,1,Partially protected,0.5
P0315,2020,2020,0,0-4,CVA6,128,1,Protected,0.1
P0315,2020,2020,0,0-4,CVA16,64,1,Protected,0.1
P0315,2020,2025,5,5-9,EV-A71,64,1,Protected,0.1
P0315,2020,2025,5,5-9,EV-D68,32,1,Partially protected,0.5
P0315,2020,2025,5,5-9,CVA6,128,1,Protected,0.1
P0315,2020,2025,5,5-9,CVA16,64,1,Protected,0.1
P0316,1969,2005,36,20-39,EV-A71,256,1,Protected,0.1
P0316,1969,2005,36,20-39,EV-D68,128,1,Protected,0.1
P0316,1969,2005,36,20-39,CVA6,256,1,Protected,0.1
P0316,1969,2005,36,20-39,CVA16,256,1,Protected,0.1
P0316,1969,2010,41,40-59,EV-A71,128,1,Protected,0.1
P0316,1969,2010,41,40-59,EV-D68,256,1,Protected,0.1
P0316,1969,2010,41,40-59,CVA6,256,1,Protected,0.1
P0316,1969,2010,41,40-59,CVA16,128,1,Protected,0.1
P0316,1969,2015,46,40-59,EV-A71,512,1,Protected,0.1
P0316,1969,2015,46,40-59,EV-D68,256,1,Protected,0.1
P0316,1969,2015,46,40-59,CVA6,256,1,Protected,0.1
P0316,1969,2015,46,40-59,CVA16,512,1,Protected,0.1
P0316,1969,2020,51,40-59,EV-A71,512,1,Protected,0.1
P0316,1969,2020,51,40-59,EV-D68,128,1,Protected,0.1
P0316,1969,2020,51,40-59,CVA6,512,1,Protected,0.1
P0316,1969,2020,51,40-59,CVA16,256,1,Protected,0.1
P0316,1969,2025,56,40-59,EV-A71,256,1,Protected,0.1
P0316,1969,2025,56,40-59,EV-D68,512,1,Protected,0.1
P0316,1969,2025,56,40-59,CVA6,512,1,Protected,0.1
P0316,1969,2025,56,40-59,CVA16,256,1,Protected,0.1
P0317,1984,2005,21,20-39,EV-A71,256,1,Protected,0.1
P0317,1984,2005,21,20-39,EV-D68,128,1,Protected,0.1
P0317,1984,2005,21,20-39,CVA6,256,1,Protected,0.1
P0317,1984,2005,21,20-39,CVA16,64,1,Protected,0.1
P0317,1984,2010,26,20-39,EV-A71,128,1,Protected,0.1
P0317,1984,2010,26,20-39,EV-D68,128,1,Protected,0.1
P0317,1984,2010,26,20-39,CVA6,512,1,Protected,0.1
P0317,1984,2010,26,20-39,CVA16,128,1,Protected,0.1
P0317,1984,2015,31,20-39,EV-A71,256,1,Protected,0.1
P0317,1984,2015,31,20-39,EV-D68,256,1,Protected,0.1
P0317,1984,2015,31,20-39,CVA6,512,1,Protected,0.1
P0317,1984,2015,31,20-39,CVA16,256,1,Protected,0.1
P0317,1984,2020,36,20-39,EV-A71,512,1,Protected,0.1
P0317,1984,2020,36,20-39,EV-D68,512,1,Protected,0.1
P0317,1984,2020,36,20-39,CVA6,256,1,Protected,0.1
P0317,1984,2020,36,20-39,CVA16,256,1,Protected,0.1
P0317,1984,2025,41,40-59,EV-A71,512,1,Protected,0.1
P0317,1984,2025,41,40-59,EV-D68,256,1,Protected,0.1
P0317,1984,2025,41,40-59,CVA6,512,1,Protected,0.1
P0317,1984,2025,41,40-59,CVA16,128,1,Protected,0.1
P0318,1986,2005,19,15-19,EV-A71,128,1,Protected,0.1
P0318,1986,2005,19,15-19,EV-D68,64,1,Protected,0.1
P0318,1986,2005,19,15-19,CVA6,64,1,Protected,0.1
P0318,1986,2005,19,15-19,CVA16,64,1,Protected,0.1
P0318,1986,2010,24,20-39,EV-A71,256,1,Protected,0.1
P0318,1986,2010,24,20-39,EV-D68,128,1,Protected,0.1
P0318,1986,2010,24,20-39,CVA6,128,1,Protected,0.1
P0318,1986,2010,24,20-39,CVA16,128,1,Protected,0.1
P0318,1986,2015,29,20-39,EV-A71,256,1,Protected,0.1
P0318,1986,2015,29,20-39,EV-D68,512,1,Protected,0.1
P0318,1986,2015,29,20-39,CVA6,512,1,Protected,0.1
P0318,1986,2015,29,20-39,CVA16,256,1,Protected,0.1
P0318,1986,2020,34,20-39,EV-A71,512,1,Protected,0.1
P0318,1986,2020,34,20-39,EV-D68,128,1,Protected,0.1
P0318,1986,2020,34,20-39,CVA6,512,1,Protected,0.1
P0318,1986,2020,34,20-39,CVA16,256,1,Protected,0.1
P0318,1986,2025,39,20-39,EV-A71,512,1,Protected,0.1
P0318,1986,2025,39,20-39,EV-D68,512,1,Protected,0.1
P0318,1986,2025,39,20-39,CVA6,512,1,Protected,0.1
P0318,1986,2025,39,20-39,CVA16,128,1,Protected,0.1
P0319,1976,2005,29,20-39,EV-A71,128,1,Protected,0.1
P0319,1976,2005,29,20-39,EV-D68,128,1,Protected,0.1
P0319,1976,2005,29,20-39,CVA6,128,1,Protected,0.1
P0319,1976,2005,29,20-39,CVA16,128,1,Protected,0.1
P0319,1976,2010,34,20-39,EV-A71,128,1,Protected,0.1
P0319,1976,2010,34,20-39,EV-D68,128,1,Protected,0.1
P0319,1976,2010,34,20-39,CVA6,128,1,Protected,0.1
P0319,1976,2010,34,20-39,CVA16,128,1,Protected,0.1
P0319,1976,2015,39,20-39,EV-A71,512,1,Protected,0.1
P0319,1976,2015,39,20-39,EV-D68,256,1,Protected,0.1
P0319,1976,2015,39,20-39,CVA6,512,1,Protected,0.1
P0319,1976,2015,39,20-39,CVA16,256,1,Protected,0.1
P0319,1976,2020,44,40-59,EV-A71,512,1,Protected,0.1
P0319,1976,2020,44,40-59,EV-D68,256,1,Protected,0.1
P0319,1976,2020,44,40-59,CVA6,256,1,Protected,0.1
P0319,1976,2020,44,40-59,CVA16,128,1,Protected,0.1
P0319,1976,2025,49,40-59,EV-A71,512,1,Protected,0.1
P0319,1976,2025,49,40-59,EV-D68,256,1,Protected,0.1
P0319,1976,2025,49,40-59,CVA6,256,1,Protected,0.1
P0319,1976,2025,49,40-59,CVA16,256,1,Protected,0.1
P0320,1993,2005,12,10-14,EV-A71,256,1,Protected,0.1
P0320,1993,2005,12,10-14,EV-D68,32,1,Partially protected,0.5
P0320,1993,2005,12,10-14,CVA6,128,1,Protected,0.1
P0320,1993,2005,12,10-14,CVA16,64,1,Protected,0.1
P0320,1993,2010,17,15-19,EV-A71,64,1,Protected,0.1
P0320,1993,2010,17,15-19,EV-D68,64,1,Protected,0.1
P0320,1993,2010,17,15-19,CVA6,64,1,Protected,0.1
P0320,1993,2010,17,15-19,CVA16,64,1,Protected,0.1
P0320,1993,2015,22,20-39,EV-A71,256,1,Protected,0.1
P0320,1993,2015,22,20-39,EV-D68,256,1,Protected,0.1
P0320,1993,2015,22,20-39,CVA6,512,1,Protected,0.1
P0320,1993,2015,22,20-39,CVA16,256,1,Protected,0.1
P0320,1993,2020,27,20-39,EV-A71,512,1,Protected,0.1
P0320,1993,2020,27,20-39,EV-D68,128,1,Protected,0.1
P0320,1993,2020,27,20-39,CVA6,256,1,Protected,0.1
P0320,1993,2020,27,20-39,CVA16,128,1,Protected,0.1
P0320,1993,2025,32,20-39,EV-A71,512,1,Protected,0.1
P0320,1993,2025,32,20-39,EV-D68,512,1,Protected,0.1
P0320,1993,2025,32,20-39,CVA6,512,1,Protected,0.1
P0320,1993,2025,32,20-39,CVA16,256,1,Protected,0.1
P0321,1976,2005,29,20-39,EV-A71,128,1,Protected,0.1
P0321,1976,2005,29,20-39,EV-D68,128,1,Protected,0.1
P0321,1976,2005,29,20-39,CVA6,256,1,Protected,0.1
P0321,1976,2005,29,20-39,CVA16,128,1,Protected,0.1
P0321,1976,2010,34,20-39,EV-A71,256,1,Protected,0.1
P0321,1976,2010,34,20-39,EV-D68,128,1,Protected,0.1
P0321,1976,2010,34,20-39,CVA6,128,1,Protected,0.1
P0321,1976,2010,34,20-39,CVA16,256,1,Protected,0.1
P0321,1976,2015,39,20-39,EV-A71,512,1,Protected,0.1
P0321,1976,2015,39,20-39,EV-D68,256,1,Protected,0.1
P0321,1976,2015,39,20-39,CVA6,512,1,Protected,0.1
P0321,1976,2015,39,20-39,CVA16,256,1,Protected,0.1
P0321,1976,2020,44,40-59,EV-A71,256,1,Protected,0.1
P0321,1976,2020,44,40-59,EV-D68,512,1,Protected,0.1
P0321,1976,2020,44,40-59,CVA6,512,1,Protected,0.1
P0321,1976,2020,44,40-59,CVA16,256,1,Protected,0.1
P0321,1976,2025,49,40-59,EV-A71,256,1,Protected,0.1
P0321,1976,2025,49,40-59,EV-D68,128,1,Protected,0.1
P0321,1976,2025,49,40-59,CVA6,512,1,Protected,0.1
P0321,1976,2025,49,40-59,CVA16,256,1,Protected,0.1
P0322,1983,2005,22,20-39,EV-A71,256,1,Protected,0.1
P0322,1983,2005,22,20-39,EV-D68,128,1,Protected,0.1
P0322,1983,2005,22,20-39,CVA6,256,1,Protected,0.1
P0322,1983,2005,22,20-39,CVA16,256,1,Protected,0.1
P0322,1983,2010,27,20-39,EV-A71,256,1,Protected,0.1
P0322,1983,2010,27,20-39,EV-D68,128,1,Protected,0.1
P0322,1983,2010,27,20-39,CVA6,256,1,Protected,0.1
P0322,1983,2010,27,20-39,CVA16,256,1,Protected,0.1
P0322,1983,2015,32,20-39,EV-A71,256,1,Protected,0.1
P0322,1983,2015,32,20-39,EV-D68,256,1,Protected,0.1
P0322,1983,2015,32,20-39,CVA6,256,1,Protected,0.1
P0322,1983,2015,32,20-39,CVA16,512,1,Protected,0.1
P0322,1983,2020,37,20-39,EV-A71,512,1,Protected,0.1
P0322,1983,2020,37,20-39,EV-D68,256,1,Protected,0.1
P0322,1983,2020,37,20-39,CVA6,256,1,Protected,0.1
P0322,1983,2020,37,20-39,CVA16,256,1,Protected,0.1
P0322,1983,2025,42,40-59,EV-A71,256,1,Protected,0.1
P0322,1983,2025,42,40-59,EV-D68,128,1,Protected,0.1
P0322,1983,2025,42,40-59,CVA6,256,1,Protected,0.1
P0322,1983,2025,42,40-59,CVA16,256,1,Protected,0.1
P0323,2014,2015,1,0-4,EV-A71,64,1,Protected,0.1
P0323,2014,2015,1,0-4,EV-D68,128,1,Protected,0.1
P0323,2014,2015,1,0-4,CVA6,128,1,Protected,0.1
P0323,2014,2015,1,0-4,CVA16,64,1,Protected,0.1
P0323,2014,2020,6,5-9,EV-A71,128,1,Protected,0.1
P0323,2014,2020,6,5-9,EV-D68,64,1,Protected,0.1
P0323,2014,2020,6,5-9,CVA6,128,1,Protected,0.1
P0323,2014,2020,6,5-9,CVA16,64,1,Protected,0.1
P0323,2014,2025,11,10-14,EV-A71,256,1,Protected,0.1
P0323,2014,2025,11,10-14,EV-D68,256,1,Protected,0.1
P0323,2014,2025,11,10-14,CVA6,256,1,Protected,0.1
P0323,2014,2025,11,10-14,CVA16,128,1,Protected,0.1
P0324,2012,2015,3,0-4,EV-A71,128,1,Protected,0.1
P0324,2012,2015,3,0-4,EV-D68,64,1,Protected,0.1
P0324,2012,2015,3,0-4,CVA6,256,1,Protected,0.1
P0324,2012,2015,3,0-4,CVA16,32,1,Partially protected,0.5
P0324,2012,2020,8,5-9,EV-A71,256,1,Protected,0.1
P0324,2012,2020,8,5-9,EV-D68,64,1,Protected,0.1
P0324,2012,2020,8,5-9,CVA6,128,1,Protected,0.1
P0324,2012,2020,8,5-9,CVA16,128,1,Protected,0.1
P0324,2012,2025,13,10-14,EV-A71,128,1,Protected,0.1
P0324,2012,2025,13,10-14,EV-D68,128,1,Protected,0.1
P0324,2012,2025,13,10-14,CVA6,256,1,Protected,0.1
P0324,2012,2025,13,10-14,CVA16,128,1,Protected,0.1
P0325,1982,2005,23,20-39,EV-A71,128,1,Protected,0.1
P0325,1982,2005,23,20-39,EV-D68,256,1,Protected,0.1
P0325,1982,2005,23,20-39,CVA6,256,1,Protected,0.1
P0325,1982,2005,23,20-39,CVA16,128,1,Protected,0.1
P0325,1982,2010,28,20-39,EV-A71,128,1,Protected,0.1
P0325,1982,2010,28,20-39,EV-D68,256,1,Protected,0.1
P0325,1982,2010,28,20-39,CVA6,128,1,Protected,0.1
P0325,1982,2010,28,20-39,CVA16,256,1,Protected,0.1
P0325,1982,2015,33,20-39,EV-A71,512,1,Protected,0.1
P0325,1982,2015,33,20-39,EV-D68,512,1,Protected,0.1
P0325,1982,2015,33,20-39,CVA6,512,1,Protected,0.1
P0325,1982,2015,33,20-39,CVA16,256,1,Protected,0.1
P0325,1982,2020,38,20-39,EV-A71,512,1,Protected,0.1
P0325,1982,2020,38,20-39,EV-D68,256,1,Protected,0.1
P0325,1982,2020,38,20-39,CVA6,512,1,Protected,0.1
P0325,1982,2020,38,20-39,CVA16,128,1,Protected,0.1
P0325,1982,2025,43,40-59,EV-A71,512,1,Protected,0.1
P0325,1982,2025,43,40-59,EV-D68,128,1,Protected,0.1
P0325,1982,2025,43,40-59,CVA6,512,1,Protected,0.1
P0325,1982,2025,43,40-59,CVA16,256,1,Protected,0.1
P0326,1956,2005,49,40-59,EV-A71,256,1,Protected,0.1
P0326,1956,2005,49,40-59,EV-D68,128,1,Protected,0.1
P0326,1956,2005,49,40-59,CVA6,256,1,Protected,0.1
P0326,1956,2005,49,40-59,CVA16,64,1,Protected,0.1
P0326,1956,2010,54,40-59,EV-A71,128,1,Protected,0.1
P0326,1956,2010,54,40-59,EV-D68,128,1,Protected,0.1
P0326,1956,2010,54,40-59,CVA6,256,1,Protected,0.1
P0326,1956,2010,54,40-59,CVA16,128,1,Protected,0.1
P0326,1956,2015,59,40-59,EV-A71,512,1,Protected,0.1
P0326,1956,2015,59,40-59,EV-D68,256,1,Protected,0.1
P0326,1956,2015,59,40-59,CVA6,512,1,Protected,0.1
P0326,1956,2015,59,40-59,CVA16,512,1,Protected,0.1
P0326,1956,2020,64,60+,EV-A71,512,1,Protected,0.1
P0326,1956,2020,64,60+,EV-D68,128,1,Protected,0.1
P0326,1956,2020,64,60+,CVA6,256,1,Protected,0.1
P0326,1956,2020,64,60+,CVA16,128,1,Protected,0.1
P0326,1956,2025,69,60+,EV-A71,512,1,Protected,0.1
P0326,1956,2025,69,60+,EV-D68,256,1,Protected,0.1
P0326,1956,2025,69,60+,CVA6,512,1,Protected,0.1
P0326,1956,2025,69,60+,CVA16,128,1,Protected,0.1
P0327,1961,2005,44,40-59,EV-A71,256,1,Protected,0.1
P0327,1961,2005,44,40-59,EV-D68,256,1,Protected,0.1
P0327,1961,2005,44,40-59,CVA6,128,1,Protected,0.1
P0327,1961,2005,44,40-59,CVA16,64,1,Protected,0.1
P0327,1961,2010,49,40-59,EV-A71,256,1,Protected,0.1
P0327,1961,2010,49,40-59,EV-D68,128,1,Protected,0.1
P0327,1961,2010,49,40-59,CVA6,512,1,Protected,0.1
P0327,1961,2010,49,40-59,CVA16,256,1,Protected,0.1
P0327,1961,2015,54,40-59,EV-A71,512,1,Protected,0.1
P0327,1961,2015,54,40-59,EV-D68,256,1,Protected,0.1
P0327,1961,2015,54,40-59,CVA6,512,1,Protected,0.1
P0327,1961,2015,54,40-59,CVA16,256,1,Protected,0.1
P0327,1961,2020,59,40-59,EV-A71,512,1,Protected,0.1
P0327,1961,2020,59,40-59,EV-D68,128,1,Protected,0.1
P0327,1961,2020,59,40-59,CVA6,512,1,Protected,0.1
P0327,1961,2020,59,40-59,CVA16,256,1,Protected,0.1
P0327,1961,2025,64,60+,EV-A71,256,1,Protected,0.1
P0327,1961,2025,64,60+,EV-D68,256,1,Protected,0.1
P0327,1961,2025,64,60+,CVA6,512,1,Protected,0.1
P0327,1961,2025,64,60+,CVA16,256,1,Protected,0.1
P0328,2004,2005,1,0-4,EV-A71,64,1,Protected,0.1
P0328,2004,2005,1,0-4,EV-D68,32,1,Partially protected,0.5
P0328,2004,2005,1,0-4,CVA6,32,1,Partially protected,0.5
P0328,2004,2005,1,0-4,CVA16,32,1,Partially protected,0.5
P0328,2004,2010,6,5-9,EV-A71,128,1,Protected,0.1
P0328,2004,2010,6,5-9,EV-D68,32,1,Partially protected,0.5
P0328,2004,2010,6,5-9,CVA6,32,1,Partially protected,0.5
P0328,2004,2010,6,5-9,CVA16,32,1,Partially protected,0.5
P0328,2004,2015,11,10-14,EV-A71,256,1,Protected,0.1
P0328,2004,2015,11,10-14,EV-D68,128,1,Protected,0.1
P0328,2004,2015,11,10-14,CVA6,512,1,Protected,0.1
P0328,2004,2015,11,10-14,CVA16,128,1,Protected,0.1
P0328,2004,2020,16,15-19,EV-A71,256,1,Protected,0.1
P0328,2004,2020,16,15-19,EV-D68,128,1,Protected,0.1
P0328,2004,2020,16,15-19,CVA6,256,1,Protected,0.1
P0328,2004,2020,16,15-19,CVA16,128,1,Protected,0.1
P0328,2004,2025,21,20-39,EV-A71,512,1,Protected,0.1
P0328,2004,2025,21,20-39,EV-D68,256,1,Protected,0.1
P0328,2004,2025,21,20-39,CVA6,512,1,Protected,0.1
P0328,2004,2025,21,20-39,CVA16,256,1,Protected,0.1
P0329,1985,2005,20,20-39,EV-A71,256,1,Protected,0.1
P0329,1985,2005,20,20-39,EV-D68,128,1,Protected,0.1
P0329,1985,2005,20,20-39,CVA6,256,1,Protected,0.1
P0329,1985,2005,20,20-39,CVA16,64,1,Protected,0.1
P0329,1985,2010,25,20-39,EV-A71,512,1,Protected,0.1
P0329,1985,2010,25,20-39,EV-D68,64,1,Protected,0.1
P0329,1985,2010,25,20-39,CVA6,256,1,Protected,0.1
P0329,1985,2010,25,20-39,CVA16,128,1,Protected,0.1
P0329,1985,2015,30,20-39,EV-A71,256,1,Protected,0.1
P0329,1985,2015,30,20-39,EV-D68,256,1,Protected,0.1
P0329,1985,2015,30,20-39,CVA6,512,1,Protected,0.1
P0329,1985,2015,30,20-39,CVA16,256,1,Protected,0.1
P0329,1985,2020,35,20-39,EV-A71,512,1,Protected,0.1
P0329,1985,2020,35,20-39,EV-D68,256,1,Protected,0.1
P0329,1985,2020,35,20-39,CVA6,512,1,Protected,0.1
P0329,1985,2020,35,20-39,CVA16,256,1,Protected,0.1
P0329,1985,2025,40,40-59,EV-A71,512,1,Protected,0.1
P0329,1985,2025,40,40-59,EV-D68,256,1,Protected,0.1
P0329,1985,2025,40,40-59,CVA6,512,1,Protected,0.1
P0329,1985,2025,40,40-59,CVA16,256,1,Protected,0.1
P0330,1955,2005,50,40-59,EV-A71,512,1,Protected,0.1
P0330,1955,2005,50,40-59,EV-D68,256,1,Protected,0.1
P0330,1955,2005,50,40-59,CVA6,256,1,Protected,0.1
P0330,1955,2005,50,40-59,CVA16,64,1,Protected,0.1
P0330,1955,2010,55,40-59,EV-A71,256,1,Protected,0.1
P0330,1955,2010,55,40-59,EV-D68,256,1,Protected,0.1
P0330,1955,2010,55,40-59,CVA6,256,1,Protected,0.1
P0330,1955,2010,55,40-59,CVA16,128,1,Protected,0.1
P0330,1955,2015,60,60+,EV-A71,512,1,Protected,0.1
P0330,1955,2015,60,60+,EV-D68,256,1,Protected,0.1
P0330,1955,2015,60,60+,CVA6,512,1,Protected,0.1
P0330,1955,2015,60,60+,CVA16,256,1,Protected,0.1
P0330,1955,2020,65,60+,EV-A71,256,1,Protected,0.1
P0330,1955,2020,65,60+,EV-D68,256,1,Protected,0.1
P0330,1955,2020,65,60+,CVA6,512,1,Protected,0.1
P0330,1955,2020,65,60+,CVA16,256,1,Protected,0.1
P0330,1955,2025,70,60+,EV-A71,512,1,Protected,0.1
P0330,1955,2025,70,60+,EV-D68,256,1,Protected,0.1
P0330,1955,2025,70,60+,CVA6,512,1,Protected,0.1
P0330,1955,2025,70,60+,CVA16,256,1,Protected,0.1
P0331,1950,2005,55,40-59,EV-A71,512,1,Protected,0.1
P0331,1950,2005,55,40-59,EV-D68,128,1,Protected,0.1
P0331,1950,2005,55,40-59,CVA6,512,1,Protected,0.1
P0331,1950,2005,55,40-59,CVA16,64,1,Protected,0.1
P0331,1950,2010,60,60+,EV-A71,256,1,Protected,0.1
P0331,1950,2010,60,60+,EV-D68,64,1,Protected,0.1
P0331,1950,2010,60,60+,CVA6,128,1,Protected,0.1
P0331,1950,2010,60,60+,CVA16,128,1,Protected,0.1
P0331,1950,2015,65,60+,EV-A71,512,1,Protected,0.1
P0331,1950,2015,65,60+,EV-D68,128,1,Protected,0.1
P0331,1950,2015,65,60+,CVA6,512,1,Protected,0.1
P0331,1950,2015,65,60+,CVA16,512,1,Protected,0.1
P0331,1950,2020,70,60+,EV-A71,512,1,Protected,0.1
P0331,1950,2020,70,60+,EV-D68,256,1,Protected,0.1
P0331,1950,2020,70,60+,CVA6,256,1,Protected,0.1
P0331,1950,2020,70,60+,CVA16,256,1,Protected,0.1
P0331,1950,2025,75,60+,EV-A71,512,1,Protected,0.1
P0331,1950,2025,75,60+,EV-D68,256,1,Protected,0.1
P0331,1950,2025,75,60+,CVA6,256,1,Protected,0.1
P0331,1950,2025,75,60+,CVA16,512,1,Protected,0.1
P0332,1992,2005,13,10-14,EV-A71,64,1,Protected,0.1
P0332,1992,2005,13,10-14,EV-D68,64,1,Protected,0.1
P0332,1992,2005,13,10-14,CVA6,128,1,Protected,0.1
P0332,1992,2005,13,10-14,CVA16,64,1,Protected,0.1
P0332,1992,2010,18,15-19,EV-A71,128,1,Protected,0.1
P0332,1992,2010,18,15-19,EV-D68,64,1,Protected,0.1
P0332,1992,2010,18,15-19,CVA6,128,1,Protected,0.1
P0332,1992,2010,18,15-19,CVA16,32,1,Partially protected,0.5
P0332,1992,2015,23,20-39,EV-A71,256,1,Protected,0.1
P0332,1992,2015,23,20-39,EV-D68,256,1,Protected,0.1
P0332,1992,2015,23,20-39,CVA6,512,1,Protected,0.1
P0332,1992,2015,23,20-39,CVA16,256,1,Protected,0.1
P0332,1992,2020,28,20-39,EV-A71,512,1,Protected,0.1
P0332,1992,2020,28,20-39,EV-D68,512,1,Protected,0.1
P0332,1992,2020,28,20-39,CVA6,512,1,Protected,0.1
P0332,1992,2020,28,20-39,CVA16,128,1,Protected,0.1
P0332,1992,2025,33,20-39,EV-A71,512,1,Protected,0.1
P0332,1992,2025,33,20-39,EV-D68,256,1,Protected,0.1
P0332,1992,2025,33,20-39,CVA6,512,1,Protected,0.1
P0332,1992,2025,33,20-39,CVA16,256,1,Protected,0.1
P0333,1966,2005,39,20-39,EV-A71,256,1,Protected,0.1
P0333,1966,2005,39,20-39,EV-D68,128,1,Protected,0.1
P0333,1966,2005,39,20-39,CVA6,256,1,Protected,0.1
P0333,1966,2005,39,20-39,CVA16,64,1,Protected,0.1
P0333,1966,2010,44,40-59,EV-A71,128,1,Protected,0.1
P0333,1966,2010,44,40-59,EV-D68,128,1,Protected,0.1
P0333,1966,2010,44,40-59,CVA6,256,1,Protected,0.1
P0333,1966,2010,44,40-59,CVA16,256,1,Protected,0.1
P0333,1966,2015,49,40-59,EV-A71,256,1,Protected,0.1
P0333,1966,2015,49,40-59,EV-D68,256,1,Protected,0.1
P0333,1966,2015,49,40-59,CVA6,512,1,Protected,0.1
P0333,1966,2015,49,40-59,CVA16,256,1,Protected,0.1
P0333,1966,2020,54,40-59,EV-A71,512,1,Protected,0.1
P0333,1966,2020,54,40-59,EV-D68,512,1,Protected,0.1
P0333,1966,2020,54,40-59,CVA6,512,1,Protected,0.1
P0333,1966,2020,54,40-59,CVA16,256,1,Protected,0.1
P0333,1966,2025,59,40-59,EV-A71,256,1,Protected,0.1
P0333,1966,2025,59,40-59,EV-D68,512,1,Protected,0.1
P0333,1966,2025,59,40-59,CVA6,512,1,Protected,0.1
P0333,1966,2025,59,40-59,CVA16,128,1,Protected,0.1
P0334,1983,2005,22,20-39,EV-A71,512,1,Protected,0.1
P0334,1983,2005,22,20-39,EV-D68,128,1,Protected,0.1
P0334,1983,2005,22,20-39,CVA6,128,1,Protected,0.1
P0334,1983,2005,22,20-39,CVA16,64,1,Protected,0.1
P0334,1983,2010,27,20-39,EV-A71,256,1,Protected,0.1
P0334,1983,2010,27,20-39,EV-D68,128,1,Protected,0.1
P0334,1983,2010,27,20-39,CVA6,256,1,Protected,0.1
P0334,1983,2010,27,20-39,CVA16,256,1,Protected,0.1
P0334,1983,2015,32,20-39,EV-A71,256,1,Protected,0.1
P0334,1983,2015,32,20-39,EV-D68,256,1,Protected,0.1
P0334,1983,2015,32,20-39,CVA6,512,1,Protected,0.1
P0334,1983,2015,32,20-39,CVA16,256,1,Protected,0.1
P0334,1983,2020,37,20-39,EV-A71,512,1,Protected,0.1
P0334,1983,2020,37,20-39,EV-D68,128,1,Protected,0.1
P0334,1983,2020,37,20-39,CVA6,512,1,Protected,0.1
P0334,1983,2020,37,20-39,CVA16,256,1,Protected,0.1
P0334,1983,2025,42,40-59,EV-A71,512,1,Protected,0.1
P0334,1983,2025,42,40-59,EV-D68,256,1,Protected,0.1
P0334,1983,2025,42,40-59,CVA6,512,1,Protected,0.1
P0334,1983,2025,42,40-59,CVA16,512,1,Protected,0.1
P0335,1970,2005,35,20-39,EV-A71,128,1,Protected,0.1
P0335,1970,2005,35,20-39,EV-D68,128,1,Protected,0.1
P0335,1970,2005,35,20-39,CVA6,512,1,Protected,0.1
P0335,1970,2005,35,20-39,CVA16,128,1,Protected,0.1
P0335,1970,2010,40,40-59,EV-A71,256,1,Protected,0.1
P0335,1970,2010,40,40-59,EV-D68,128,1,Protected,0.1
P0335,1970,2010,40,40-59,CVA6,256,1,Protected,0.1
P0335,1970,2010,40,40-59,CVA16,128,1,Protected,0.1
P0335,1970,2015,45,40-59,EV-A71,512,1,Protected,0.1
P0335,1970,2015,45,40-59,EV-D68,256,1,Protected,0.1
P0335,1970,2015,45,40-59,CVA6,512,1,Protected,0.1
P0335,1970,2015,45,40-59,CVA16,128,1,Protected,0.1
P0335,1970,2020,50,40-59,EV-A71,256,1,Protected,0.1
P0335,1970,2020,50,40-59,EV-D68,256,1,Protected,0.1
P0335,1970,2020,50,40-59,CVA6,512,1,Protected,0.1
P0335,1970,2020,50,40-59,CVA16,256,1,Protected,0.1
P0335,1970,2025,55,40-59,EV-A71,512,1,Protected,0.1
P0335,1970,2025,55,40-59,EV-D68,512,1,Protected,0.1
P0335,1970,2025,55,40-59,CVA6,512,1,Protected,0.1
P0335,1970,2025,55,40-59,CVA16,128,1,Protected,0.1
P0336,2006,2010,4,0-4,EV-A71,64,1,Protected,0.1
P0336,2006,2010,4,0-4,EV-D68,64,1,Protected,0.1
P0336,2006,2010,4,0-4,CVA6,128,1,Protected,0.1
P0336,2006,2010,4,0-4,CVA16,32,1,Partially protected,0.5
P0336,2006,2015,9,5-9,EV-A71,128,1,Protected,0.1
P0336,2006,2015,9,5-9,EV-D68,128,1,Protected,0.1
P0336,2006,2015,9,5-9,CVA6,128,1,Protected,0.1
P0336,2006,2015,9,5-9,CVA16,32,1,Partially protected,0.5
P0336,2006,2020,14,10-14,EV-A71,256,1,Protected,0.1
P0336,2006,2020,14,10-14,EV-D68,128,1,Protected,0.1
P0336,2006,2020,14,10-14,CVA6,128,1,Protected,0.1
P0336,2006,2020,14,10-14,CVA16,64,1,Protected,0.1
P0336,2006,2025,19,15-19,EV-A71,256,1,Protected,0.1
P0336,2006,2025,19,15-19,EV-D68,128,1,Protected,0.1
P0336,2006,2025,19,15-19,CVA6,256,1,Protected,0.1
P0336,2006,2025,19,15-19,CVA16,64,1,Protected,0.1
P0337,2020,2020,0,0-4,EV-A71,64,1,Protected,0.1
P0337,2020,2020,0,0-4,EV-D68,64,1,Protected,0.1
P0337,2020,2020,0,0-4,CVA6,128,1,Protected,0.1
P0337,2020,2020,0,0-4,CVA16,32,1,Partially protected,0.5
P0337,2020,2025,5,5-9,EV-A71,128,1,Protected,0.1
P0337,2020,2025,5,5-9,EV-D68,64,1,Protected,0.1
P0337,2020,2025,5,5-9,CVA6,128,1,Protected,0.1
P0337,2020,2025,5,5-9,CVA16,64,1,Protected,0.1
P0338,2004,2005,1,0-4,EV-A71,128,1,Protected,0.1
P0338,2004,2005,1,0-4,EV-D68,16,0,Susceptible,1.0
P0338,2004,2005,1,0-4,CVA6,64,1,Protected,0.1
P0338,2004,2005,1,0-4,CVA16,32,1,Partially protected,0.5
P0338,2004,2010,6,5-9,EV-A71,128,1,Protected,0.1
P0338,2004,2010,6,5-9,EV-D68,32,1,Partially protected,0.5
P0338,2004,2010,6,5-9,CVA6,64,1,Protected,0.1
P0338,2004,2010,6,5-9,CVA16,32,1,Partially protected,0.5
P0338,2004,2015,11,10-14,EV-A71,256,1,Protected,0.1
P0338,2004,2015,11,10-14,EV-D68,128,1,Protected,0.1
P0338,2004,2015,11,10-14,CVA6,128,1,Protected,0.1
P0338,2004,2015,11,10-14,CVA16,128,1,Protected,0.1
P0338,2004,2020,16,15-19,EV-A71,256,1,Protected,0.1
P0338,2004,2020,16,15-19,EV-D68,64,1,Protected,0.1
P0338,2004,2020,16,15-19,CVA6,128,1,Protected,0.1
P0338,2004,2020,16,15-19,CVA16,128,1,Protected,0.1
P0338,2004,2025,21,20-39,EV-A71,512,1,Protected,0.1
P0338,2004,2025,21,20-39,EV-D68,256,1,Protected,0.1
P0338,2004,2025,21,20-39,CVA6,512,1,Protected,0.1
P0338,2004,2025,21,20-39,CVA16,512,1,Protected,0.1
P0339,1951,2005,54,40-59,EV-A71,256,1,Protected,0.1
P0339,1951,2005,54,40-59,EV-D68,128,1,Protected,0.1
P0339,1951,2005,54,40-59,CVA6,256,1,Protected,0.1
P0339,1951,2005,54,40-59,CVA16,256,1,Protected,0.1
P0339,1951,2010,59,40-59,EV-A71,512,1,Protected,0.1
P0339,1951,2010,59,40-59,EV-D68,256,1,Protected,0.1
P0339,1951,2010,59,40-59,CVA6,256,1,Protected,0.1
P0339,1951,2010,59,40-59,CVA16,128,1,Protected,0.1
P0339,1951,2015,64,60+,EV-A71,512,1,Protected,0.1
P0339,1951,2015,64,60+,EV-D68,512,1,Protected,0.1
P0339,1951,2015,64,60+,CVA6,512,1,Protected,0.1
P0339,1951,2015,64,60+,CVA16,256,1,Protected,0.1
P0339,1951,2020,69,60+,EV-A71,512,1,Protected,0.1
P0339,1951,2020,69,60+,EV-D68,256,1,Protected,0.1
P0339,1951,2020,69,60+,CVA6,512,1,Protected,0.1
P0339,1951,2020,69,60+,CVA16,256,1,Protected,0.1
P0339,1951,2025,74,60+,EV-A71,512,1,Protected,0.1
P0339,1951,2025,74,60+,EV-D68,256,1,Protected,0.1
P0339,1951,2025,74,60+,CVA6,256,1,Protected,0.1
P0339,1951,2025,74,60+,CVA16,256,1,Protected,0.1
P0340,1964,2005,41,40-59,EV-A71,256,1,Protected,0.1
P0340,1964,2005,41,40-59,EV-D68,128,1,Protected,0.1
P0340,1964,2005,41,40-59,CVA6,256,1,Protected,0.1
P0340,1964,2005,41,40-59,CVA16,128,1,Protected,0.1
P0340,1964,2010,46,40-59,EV-A71,512,1,Protected,0.1
P0340,1964,2010,46,40-59,EV-D68,128,1,Protected,0.1
P0340,1964,2010,46,40-59,CVA6,512,1,Protected,0.1
P0340,1964,2010,46,40-59,CVA16,128,1,Protected,0.1
P0340,1964,2015,51,40-59,EV-A71,512,1,Protected,0.1
P0340,1964,2015,51,40-59,EV-D68,256,1,Protected,0.1
P0340,1964,2015,51,40-59,CVA6,512,1,Protected,0.1
P0340,1964,2015,51,40-59,CVA16,256,1,Protected,0.1
P0340,1964,2020,56,40-59,EV-A71,512,1,Protected,0.1
P0340,1964,2020,56,40-59,EV-D68,128,1,Protected,0.1
P0340,1964,2020,56,40-59,CVA6,256,1,Protected,0.1
P0340,1964,2020,56,40-59,CVA16,256,1,Protected,0.1
P0340,1964,2025,61,60+,EV-A71,512,1,Protected,0.1
P0340,1964,2025,61,60+,EV-D68,256,1,Protected,0.1
P0340,1964,2025,61,60+,CVA6,512,1,Protected,0.1
P0340,1964,2025,61,60+,CVA16,256,1,Protected,0.1
P0341,1959,2005,46,40-59,EV-A71,256,1,Protected,0.1
P0341,1959,2005,46,40-59,EV-D68,128,1,Protected,0.1
P0341,1959,2005,46,40-59,CVA6,256,1,Protected,0.1
P0341,1959,2005,46,40-59,CVA16,256,1,Protected,0.1
P0341,1959,2010,51,40-59,EV-A71,128,1,Protected,0.1
P0341,1959,2010,51,40-59,EV-D68,128,1,Protected,0.1
P0341,1959,2010,51,40-59,CVA6,256,1,Protected,0.1
P0341,1959,2010,51,40-59,CVA16,128,1,Protected,0.1
P0341,1959,2015,56,40-59,EV-A71,512,1,Protected,0.1
P0341,1959,2015,56,40-59,EV-D68,256,1,Protected,0.1
P0341,1959,2015,56,40-59,CVA6,512,1,Protected,0.1
P0341,1959,2015,56,40-59,CVA16,256,1,Protected,0.1
P0341,1959,2020,61,60+,EV-A71,512,1,Protected,0.1
P0341,1959,2020,61,60+,EV-D68,256,1,Protected,0.1
P0341,1959,2020,61,60+,CVA6,256,1,Protected,0.1
P0341,1959,2020,61,60+,CVA16,128,1,Protected,0.1
P0341,1959,2025,66,60+,EV-A71,512,1,Protected,0.1
P0341,1959,2025,66,60+,EV-D68,256,1,Protected,0.1
P0341,1959,2025,66,60+,CVA6,512,1,Protected,0.1
P0341,1959,2025,66,60+,CVA16,256,1,Protected,0.1
P0342,1969,2005,36,20-39,EV-A71,256,1,Protected,0.1
P0342,1969,2005,36,20-39,EV-D68,128,1,Protected,0.1
P0342,1969,2005,36,20-39,CVA6,128,1,Protected,0.1
P0342,1969,2005,36,20-39,CVA16,256,1,Protected,0.1
P0342,1969,2010,41,40-59,EV-A71,512,1,Protected,0.1
P0342,1969,2010,41,40-59,EV-D68,128,1,Protected,0.1
P0342,1969,2010,41,40-59,CVA6,256,1,Protected,0.1
P0342,1969,2010,41,40-59,CVA16,128,1,Protected,0.1
P0342,1969,2015,46,40-59,EV-A71,512,1,Protected,0.1
P0342,1969,2015,46,40-59,EV-D68,512,1,Protected,0.1
P0342,1969,2015,46,40-59,CVA6,512,1,Protected,0.1
P0342,1969,2015,46,40-59,CVA16,512,1,Protected,0.1
P0342,1969,2020,51,40-59,EV-A71,512,1,Protected,0.1
P0342,1969,2020,51,40-59,EV-D68,256,1,Protected,0.1
P0342,1969,2020,51,40-59,CVA6,256,1,Protected,0.1
P0342,1969,2020,51,40-59,CVA16,256,1,Protected,0.1
P0342,1969,2025,56,40-59,EV-A71,256,1,Protected,0.1
P0342,1969,2025,56,40-59,EV-D68,256,1,Protected,0.1
P0342,1969,2025,56,40-59,CVA6,512,1,Protected,0.1
P0342,1969,2025,56,40-59,CVA16,128,1,Protected,0.1
P0343,2019,2020,1,0-4,EV-A71,128,1,Protected,0.1
P0343,2019,2020,1,0-4,EV-D68,32,1,Partially protected,0.5
P0343,2019,2020,1,0-4,CVA6,128,1,Protected,0.1
P0343,2019,2020,1,0-4,CVA16,128,1,Protected,0.1
P0343,2019,2025,6,5-9,EV-A71,128,1,Protected,0.1
P0343,2019,2025,6,5-9,EV-D68,64,1,Protected,0.1
P0343,2019,2025,6,5-9,CVA6,128,1,Protected,0.1
P0343,2019,2025,6,5-9,CVA16,32,1,Partially protected,0.5
P0344,1954,2005,51,40-59,EV-A71,256,1,Protected,0.1
P0344,1954,2005,51,40-59,EV-D68,64,1,Protected,0.1
P0344,1954,2005,51,40-59,CVA6,512,1,Protected,0.1
P0344,1954,2005,51,40-59,CVA16,128,1,Protected,0.1
P0344,1954,2010,56,40-59,EV-A71,512,1,Protected,0.1
P0344,1954,2010,56,40-59,EV-D68,256,1,Protected,0.1
P0344,1954,2010,56,40-59,CVA6,256,1,Protected,0.1
P0344,1954,2010,56,40-59,CVA16,128,1,Protected,0.1
P0344,1954,2015,61,60+,EV-A71,512,1,Protected,0.1
P0344,1954,2015,61,60+,EV-D68,128,1,Protected,0.1
P0344,1954,2015,61,60+,CVA6,256,1,Protected,0.1
P0344,1954,2015,61,60+,CVA16,512,1,Protected,0.1
P0344,1954,2020,66,60+,EV-A71,512,1,Protected,0.1
P0344,1954,2020,66,60+,EV-D68,128,1,Protected,0.1
P0344,1954,2020,66,60+,CVA6,512,1,Protected,0.1
P0344,1954,2020,66,60+,CVA16,256,1,Protected,0.1
P0344,1954,2025,71,60+,EV-A71,512,1,Protected,0.1
P0344,1954,2025,71,60+,EV-D68,256,1,Protected,0.1
P0344,1954,2025,71,60+,CVA6,512,1,Protected,0.1
P0344,1954,2025,71,60+,CVA16,512,1,Protected,0.1
P0345,1997,2005,8,5-9,EV-A71,128,1,Protected,0.1
P0345,1997,2005,8,5-9,EV-D68,64,1,Protected,0.1
P0345,1997,2005,8,5-9,CVA6,32,1,Partially protected,0.5
P0345,1997,2005,8,5-9,CVA16,32,1,Partially protected,0.5
P0345,1997,2010,13,10-14,EV-A71,128,1,Protected,0.1
P0345,1997,2010,13,10-14,EV-D68,64,1,Protected,0.1
P0345,1997,2010,13,10-14,CVA6,128,1,Protected,0.1
P0345,1997,2010,13,10-14,CVA16,64,1,Protected,0.1
P0345,1997,2015,18,15-19,EV-A71,256,1,Protected,0.1
P0345,1997,2015,18,15-19,EV-D68,128,1,Protected,0.1
P0345,1997,2015,18,15-19,CVA6,128,1,Protected,0.1
P0345,1997,2015,18,15-19,CVA16,128,1,Protected,0.1
P0345,1997,2020,23,20-39,EV-A71,512,1,Protected,0.1
P0345,1997,2020,23,20-39,EV-D68,256,1,Protected,0.1
P0345,1997,2020,23,20-39,CVA6,512,1,Protected,0.1
P0345,1997,2020,23,20-39,CVA16,256,1,Protected,0.1
P0345,1997,2025,28,20-39,EV-A71,512,1,Protected,0.1
P0345,1997,2025,28,20-39,EV-D68,128,1,Protected,0.1
P0345,1997,2025,28,20-39,CVA6,512,1,Protected,0.1
P0345,1997,2025,28,20-39,CVA16,256,1,Protected,0.1
P0346,2020,2020,0,0-4,EV-A71,128,1,Protected,0.1
P0346,2020,2020,0,0-4,EV-D68,64,1,Protected,0.1
P0346,2020,2020,0,0-4,CVA6,128,1,Protected,0.1
P0346,2020,2020,0,0-4,CVA16,64,1,Protected,0.1
P0346,2020,2025,5,5-9,EV-A71,128,1,Protected,0.1
P0346,2020,2025,5,5-9,EV-D68,64,1,Protected,0.1
P0346,2020,2025,5,5-9,CVA6,128,1,Protected,0.1
P0346,2020,2025,5,5-9,CVA16,128,1,Protected,0.1
P0347,1968,2005,37,20-39,EV-A71,512,1,Protected,0.1
P0347,1968,2005,37,20-39,EV-D68,64,1,Protected,0.1
P0347,1968,2005,37,20-39,CVA6,256,1,Protected,0.1
P0347,1968,2005,37,20-39,CVA16,128,1,Protected,0.1
P0347,1968,2010,42,40-59,EV-A71,256,1,Protected,0.1
P0347,1968,2010,42,40-59,EV-D68,128,1,Protected,0.1
P0347,1968,2010,42,40-59,CVA6,512,1,Protected,0.1
P0347,1968,2010,42,40-59,CVA16,128,1,Protected,0.1
P0347,1968,2015,47,40-59,EV-A71,256,1,Protected,0.1
P0347,1968,2015,47,40-59,EV-D68,512,1,Protected,0.1
P0347,1968,2015,47,40-59,CVA6,512,1,Protected,0.1
P0347,1968,2015,47,40-59,CVA16,128,1,Protected,0.1
P0347,1968,2020,52,40-59,EV-A71,256,1,Protected,0.1
P0347,1968,2020,52,40-59,EV-D68,256,1,Protected,0.1
P0347,1968,2020,52,40-59,CVA6,512,1,Protected,0.1
P0347,1968,2020,52,40-59,CVA16,256,1,Protected,0.1
P0347,1968,2025,57,40-59,EV-A71,512,1,Protected,0.1
P0347,1968,2025,57,40-59,EV-D68,512,1,Protected,0.1
P0347,1968,2025,57,40-59,CVA6,512,1,Protected,0.1
P0347,1968,2025,57,40-59,CVA16,512,1,Protected,0.1
P0348,2005,2005,0,0-4,EV-A71,64,1,Protected,0.1
P0348,2005,2005,0,0-4,EV-D68,32,1,Partially protected,0.5
P0348,2005,2005,0,0-4,CVA6,64,1,Protected,0.1
P0348,2005,2005,0,0-4,CVA16,32,1,Partially protected,0.5
P0348,2005,2010,5,5-9,EV-A71,64,1,Protected,0.1
P0348,2005,2010,5,5-9,EV-D68,64,1,Protected,0.1
P0348,2005,2010,5,5-9,CVA6,64,1,Protected,0.1
P0348,2005,2010,5,5-9,CVA16,16,0,Susceptible,1.0
P0348,2005,2015,10,10-14,EV-A71,256,1,Protected,0.1
P0348,2005,2015,10,10-14,EV-D68,256,1,Protected,0.1
P0348,2005,2015,10,10-14,CVA6,256,1,Protected,0.1
P0348,2005,2015,10,10-14,CVA16,128,1,Protected,0.1
P0348,2005,2020,15,15-19,EV-A71,512,1,Protected,0.1
P0348,2005,2020,15,15-19,EV-D68,128,1,Protected,0.1
P0348,2005,2020,15,15-19,CVA6,256,1,Protected,0.1
P0348,2005,2020,15,15-19,CVA16,64,1,Protected,0.1
P0348,2005,2025,20,20-39,EV-A71,256,1,Protected,0.1
P0348,2005,2025,20,20-39,EV-D68,256,1,Protected,0.1
P0348,2005,2025,20,20-39,CVA6,512,1,Protected,0.1
P0348,2005,2025,20,20-39,CVA16,256,1,Protected,0.1
P0349,1966,2005,39,20-39,EV-A71,256,1,Protected,0.1
P0349,1966,2005,39,20-39,EV-D68,64,1,Protected,0.1
P0349,1966,2005,39,20-39,CVA6,256,1,Protected,0.1
P0349,1966,2005,39,20-39,CVA16,128,1,Protected,0.1
P0349,1966,2010,44,40-59,EV-A71,256,1,Protected,0.1
P0349,1966,2010,44,40-59,EV-D68,128,1,Protected,0.1
P0349,1966,2010,44,40-59,CVA6,256,1,Protected,0.1
P0349,1966,2010,44,40-59,CVA16,64,1,Protected,0.1
P0349,1966,2015,49,40-59,EV-A71,256,1,Protected,0.1
P0349,1966,2015,49,40-59,EV-D68,256,1,Protected,0.1
P0349,1966,2015,49,40-59,CVA6,512,1,Protected,0.1
P0349,1966,2015,49,40-59,CVA16,128,1,Protected,0.1
P0349,1966,2020,54,40-59,EV-A71,512,1,Protected,0.1
P0349,1966,2020,54,40-59,EV-D68,256,1,Protected,0.1
P0349,1966,2020,54,40-59,CVA6,512,1,Protected,0.1
P0349,1966,2020,54,40-59,CVA16,256,1,Protected,0.1
P0349,1966,2025,59,40-59,EV-A71,512,1,Protected,0.1
P0349,1966,2025,59,40-59,EV-D68,256,1,Protected,0.1
P0349,1966,2025,59,40-59,CVA6,512,1,Protected,0.1
P0349,1966,2025,59,40-59,CVA16,256,1,Protected,0.1
P0350,1955,2005,50,40-59,EV-A71,128,1,Protected,0.1
P0350,1955,2005,50,40-59,EV-D68,128,1,Protected,0.1
P0350,1955,2005,50,40-59,CVA6,512,1,Protected,0.1
P0350,1955,2005,50,40-59,CVA16,256,1,Protected,0.1
P0350,1955,2010,55,40-59,EV-A71,128,1,Protected,0.1
P0350,1955,2010,55,40-59,EV-D68,128,1,Protected,0.1
P0350,1955,2010,55,40-59,CVA6,256,1,Protected,0.1
P0350,1955,2010,55,40-59,CVA16,256,1,Protected,0.1
P0350,1955,2015,60,60+,EV-A71,256,1,Protected,0.1
P0350,1955,2015,60,60+,EV-D68,256,1,Protected,0.1
P0350,1955,2015,60,60+,CVA6,512,1,Protected,0.1
P0350,1955,2015,60,60+,CVA16,256,1,Protected,0.1
P0350,1955,2020,65,60+,EV-A71,512,1,Protected,0.1
P0350,1955,2020,65,60+,EV-D68,256,1,Protected,0.1
P0350,1955,2020,65,60+,CVA6,512,1,Protected,0.1
P0350,1955,2020,65,60+,CVA16,128,1,Protected,0.1
P0350,1955,2025,70,60+,EV-A71,512,1,Protected,0.1
P0350,1955,2025,70,60+,EV-D68,256,1,Protected,0.1
P0350,1955,2025,70,60+,CVA6,512,1,Protected,0.1
P0350,1955,2025,70,60+,CVA16,256,1,Protected,0.1
P0351,1989,2005,16,15-19,EV-A71,64,1,Protected,0.1
P0351,1989,2005,16,15-19,EV-D68,64,1,Protected,0.1
P0351,1989,2005,16,15-19,CVA6,128,1,Protected,0.1
P0351,1989,2005,16,15-19,CVA16,128,1,Protected,0.1
P0351,1989,2010,21,20-39,EV-A71,128,1,Protected,0.1
P0351,1989,2010,21,20-39,EV-D68,256,1,Protected,0.1
P0351,1989,2010,21,20-39,CVA6,256,1,Protected,0.1
P0351,1989,2010,21,20-39,CVA16,128,1,Protected,0.1
P0351,1989,2015,26,20-39,EV-A71,256,1,Protected,0.1
P0351,1989,2015,26,20-39,EV-D68,512,1,Protected,0.1
P0351,1989,2015,26,20-39,CVA6,512,1,Protected,0.1
P0351,1989,2015,26,20-39,CVA16,512,1,Protected,0.1
P0351,1989,2020,31,20-39,EV-A71,512,1,Protected,0.1
P0351,1989,2020,31,20-39,EV-D68,256,1,Protected,0.1
P0351,1989,2020,31,20-39,CVA6,512,1,Protected,0.1
P0351,1989,2020,31,20-39,CVA16,256,1,Protected,0.1
P0351,1989,2025,36,20-39,EV-A71,512,1,Protected,0.1
P0351,1989,2025,36,20-39,EV-D68,128,1,Protected,0.1
P0351,1989,2025,36,20-39,CVA6,512,1,Protected,0.1
P0351,1989,2025,36,20-39,CVA16,512,1,Protected,0.1
P0352,1996,2005,9,5-9,EV-A71,64,1,Protected,0.1
P0352,1996,2005,9,5-9,EV-D68,32,1,Partially protected,0.5
P0352,1996,2005,9,5-9,CVA6,32,1,Partially protected,0.5
P0352,1996,2005,9,5-9,CVA16,32,1,Partially protected,0.5
P0352,1996,2010,14,10-14,EV-A71,256,1,Protected,0.1
P0352,1996,2010,14,10-14,EV-D68,64,1,Protected,0.1
P0352,1996,2010,14,10-14,CVA6,128,1,Protected,0.1
P0352,1996,2010,14,10-14,CVA16,64,1,Protected,0.1
P0352,1996,2015,19,15-19,EV-A71,256,1,Protected,0.1
P0352,1996,2015,19,15-19,EV-D68,128,1,Protected,0.1
P0352,1996,2015,19,15-19,CVA6,256,1,Protected,0.1
P0352,1996,2015,19,15-19,CVA16,64,1,Protected,0.1
P0352,1996,2020,24,20-39,EV-A71,512,1,Protected,0.1
P0352,1996,2020,24,20-39,EV-D68,256,1,Protected,0.1
P0352,1996,2020,24,20-39,CVA6,512,1,Protected,0.1
P0352,1996,2020,24,20-39,CVA16,256,1,Protected,0.1
P0352,1996,2025,29,20-39,EV-A71,512,1,Protected,0.1
P0352,1996,2025,29,20-39,EV-D68,512,1,Protected,0.1
P0352,1996,2025,29,20-39,CVA6,512,1,Protected,0.1
P0352,1996,2025,29,20-39,CVA16,512,1,Protected,0.1
P0353,1955,2005,50,40-59,EV-A71,512,1,Protected,0.1
P0353,1955,2005,50,40-59,EV-D68,256,1,Protected,0.1
P0353,1955,2005,50,40-59,CVA6,128,1,Protected,0.1
P0353,1955,2005,50,40-59,CVA16,128,1,Protected,0.1
P0353,1955,2010,55,40-59,EV-A71,256,1,Protected,0.1
P0353,1955,2010,55,40-59,EV-D68,64,1,Protected,0.1
P0353,1955,2010,55,40-59,CVA6,128,1,Protected,0.1
P0353,1955,2010,55,40-59,CVA16,128,1,Protected,0.1
P0353,1955,2015,60,60+,EV-A71,256,1,Protected,0.1
P0353,1955,2015,60,60+,EV-D68,256,1,Protected,0.1
P0353,1955,2015,60,60+,CVA6,512,1,Protected,0.1
P0353,1955,2015,60,60+,CVA16,256,1,Protected,0.1
P0353,1955,2020,65,60+,EV-A71,512,1,Protected,0.1
P0353,1955,2020,65,60+,EV-D68,256,1,Protected,0.1
P0353,1955,2020,65,60+,CVA6,512,1,Protected,0.1
P0353,1955,2020,65,60+,CVA16,512,1,Protected,0.1
P0353,1955,2025,70,60+,EV-A71,512,1,Protected,0.1
P0353,1955,2025,70,60+,EV-D68,256,1,Protected,0.1
P0353,1955,2025,70,60+,CVA6,512,1,Protected,0.1
P0353,1955,2025,70,60+,CVA16,256,1,Protected,0.1
P0354,1995,2005,10,10-14,EV-A71,64,1,Protected,0.1
P0354,1995,2005,10,10-14,EV-D68,32,1,Partially protected,0.5
P0354,1995,2005,10,10-14,CVA6,128,1,Protected,0.1
P0354,1995,2005,10,10-14,CVA16,64,1,Protected,0.1
P0354,1995,2010,15,15-19,EV-A71,128,1,Protected,0.1
P0354,1995,2010,15,15-19,EV-D68,64,1,Protected,0.1
P0354,1995,2010,15,15-19,CVA6,128,1,Protected,0.1
P0354,1995,2010,15,15-19,CVA16,64,1,Protected,0.1
P0354,1995,2015,20,20-39,EV-A71,512,1,Protected,0.1
P0354,1995,2015,20,20-39,EV-D68,256,1,Protected,0.1
P0354,1995,2015,20,20-39,CVA6,256,1,Protected,0.1
P0354,1995,2015,20,20-39,CVA16,256,1,Protected,0.1
P0354,1995,2020,25,20-39,EV-A71,256,1,Protected,0.1
P0354,1995,2020,25,20-39,EV-D68,128,1,Protected,0.1
P0354,1995,2020,25,20-39,CVA6,256,1,Protected,0.1
P0354,1995,2020,25,20-39,CVA16,256,1,Protected,0.1
P0354,1995,2025,30,20-39,EV-A71,512,1,Protected,0.1
P0354,1995,2025,30,20-39,EV-D68,128,1,Protected,0.1
P0354,1995,2025,30,20-39,CVA6,512,1,Protected,0.1
P0354,1995,2025,30,20-39,CVA16,128,1,Protected,0.1
P0355,1976,2005,29,20-39,EV-A71,128,1,Protected,0.1
P0355,1976,2005,29,20-39,EV-D68,256,1,Protected,0.1
P0355,1976,2005,29,20-39,CVA6,512,1,Protected,0.1
P0355,1976,2005,29,20-39,CVA16,64,1,Protected,0.1
P0355,1976,2010,34,20-39,EV-A71,256,1,Protected,0.1
P0355,1976,2010,34,20-39,EV-D68,64,1,Protected,0.1
P0355,1976,2010,34,20-39,CVA6,256,1,Protected,0.1
P0355,1976,2010,34,20-39,CVA16,64,1,Protected,0.1
P0355,1976,2015,39,20-39,EV-A71,256,1,Protected,0.1
P0355,1976,2015,39,20-39,EV-D68,256,1,Protected,0.1
P0355,1976,2015,39,20-39,CVA6,256,1,Protected,0.1
P0355,1976,2015,39,20-39,CVA16,128,1,Protected,0.1
P0355,1976,2020,44,40-59,EV-A71,256,1,Protected,0.1
P0355,1976,2020,44,40-59,EV-D68,512,1,Protected,0.1
P0355,1976,2020,44,40-59,CVA6,512,1,Protected,0.1
P0355,1976,2020,44,40-59,CVA16,512,1,Protected,0.1
P0355,1976,2025,49,40-59,EV-A71,512,1,Protected,0.1
P0355,1976,2025,49,40-59,EV-D68,256,1,Protected,0.1
P0355,1976,2025,49,40-59,CVA6,512,1,Protected,0.1
P0355,1976,2025,49,40-59,CVA16,128,1,Protected,0.1
P0356,1981,2005,24,20-39,EV-A71,128,1,Protected,0.1
P0356,1981,2005,24,20-39,EV-D68,128,1,Protected,0.1
P0356,1981,2005,24,20-39,CVA6,256,1,Protected,0.1
P0356,1981,2005,24,20-39,CVA16,256,1,Protected,0.1
P0356,1981,2010,29,20-39,EV-A71,256,1,Protected,0.1
P0356,1981,2010,29,20-39,EV-D68,128,1,Protected,0.1
P0356,1981,2010,29,20-39,CVA6,256,1,Protected,0.1
P0356,1981,2010,29,20-39,CVA16,256,1,Protected,0.1
P0356,1981,2015,34,20-39,EV-A71,512,1,Protected,0.1
P0356,1981,2015,34,20-39,EV-D68,256,1,Protected,0.1
P0356,1981,2015,34,20-39,CVA6,512,1,Protected,0.1
P0356,1981,2015,34,20-39,CVA16,512,1,Protected,0.1
P0356,1981,2020,39,20-39,EV-A71,256,1,Protected,0.1
P0356,1981,2020,39,20-39,EV-D68,128,1,Protected,0.1
P0356,1981,2020,39,20-39,CVA6,512,1,Protected,0.1
P0356,1981,2020,39,20-39,CVA16,128,1,Protected,0.1
P0356,1981,2025,44,40-59,EV-A71,512,1,Protected,0.1
P0356,1981,2025,44,40-59,EV-D68,256,1,Protected,0.1
P0356,1981,2025,44,40-59,CVA6,512,1,Protected,0.1
P0356,1981,2025,44,40-59,CVA16,256,1,Protected,0.1
P0357,1963,2005,42,40-59,EV-A71,256,1,Protected,0.1
P0357,1963,2005,42,40-59,EV-D68,256,1,Protected,0.1
P0357,1963,2005,42,40-59,CVA6,128,1,Protected,0.1
P0357,1963,2005,42,40-59,CVA16,64,1,Protected,0.1
P0357,1963,2010,47,40-59,EV-A71,256,1,Protected,0.1
P0357,1963,2010,47,40-59,EV-D68,256,1,Protected,0.1
P0357,1963,2010,47,40-59,CVA6,256,1,Protected,0.1
P0357,1963,2010,47,40-59,CVA16,128,1,Protected,0.1
P0357,1963,2015,52,40-59,EV-A71,512,1,Protected,0.1
P0357,1963,2015,52,40-59,EV-D68,256,1,Protected,0.1
P0357,1963,2015,52,40-59,CVA6,512,1,Protected,0.1
P0357,1963,2015,52,40-59,CVA16,128,1,Protected,0.1
P0357,1963,2020,57,40-59,EV-A71,512,1,Protected,0.1
P0357,1963,2020,57,40-59,EV-D68,256,1,Protected,0.1
P0357,1963,2020,57,40-59,CVA6,512,1,Protected,0.1
P0357,1963,2020,57,40-59,CVA16,256,1,Protected,0.1
P0357,1963,2025,62,60+,EV-A71,512,1,Protected,0.1
P0357,1963,2025,62,60+,EV-D68,512,1,Protected,0.1
P0357,1963,2025,62,60+,CVA6,512,1,Protected,0.1
P0357,1963,2025,62,60+,CVA16,256,1,Protected,0.1
P0358,1995,2005,10,10-14,EV-A71,64,1,Protected,0.1
P0358,1995,2005,10,10-14,EV-D68,64,1,Protected,0.1
P0358,1995,2005,10,10-14,CVA6,64,1,Protected,0.1
P0358,1995,2005,10,10-14,CVA16,64,1,Protected,0.1
P0358,1995,2010,15,15-19,EV-A71,64,1,Protected,0.1
P0358,1995,2010,15,15-19,EV-D68,128,1,Protected,0.1
P0358,1995,2010,15,15-19,CVA6,128,1,Protected,0.1
P0358,1995,2010,15,15-19,CVA16,64,1,Protected,0.1
P0358,1995,2015,20,20-39,EV-A71,512,1,Protected,0.1
P0358,1995,2015,20,20-39,EV-D68,256,1,Protected,0.1
P0358,1995,2015,20,20-39,CVA6,512,1,Protected,0.1
P0358,1995,2015,20,20-39,CVA16,128,1,Protected,0.1
P0358,1995,2020,25,20-39,EV-A71,256,1,Protected,0.1
P0358,1995,2020,25,20-39,EV-D68,256,1,Protected,0.1
P0358,1995,2020,25,20-39,CVA6,512,1,Protected,0.1
P0358,1995,2020,25,20-39,CVA16,128,1,Protected,0.1
P0358,1995,2025,30,20-39,EV-A71,512,1,Protected,0.1
P0358,1995,2025,30,20-39,EV-D68,256,1,Protected,0.1
P0358,1995,2025,30,20-39,CVA6,512,1,Protected,0.1
P0358,1995,2025,30,20-39,CVA16,512,1,Protected,0.1
P0359,2002,2005,3,0-4,EV-A71,64,1,Protected,0.1
P0359,2002,2005,3,0-4,EV-D68,32,1,Partially protected,0.5
P0359,2002,2005,3,0-4,CVA6,64,1,Protected,0.1
P0359,2002,2005,3,0-4,CVA16,64,1,Protected,0.1
P0359,2002,2010,8,5-9,EV-A71,64,1,Protected,0.1
P0359,2002,2010,8,5-9,EV-D68,32,1,Partially protected,0.5
P0359,2002,2010,8,5-9,CVA6,64,1,Protected,0.1
P0359,2002,2010,8,5-9,CVA16,32,1,Partially protected,0.5
P0359,2002,2015,13,10-14,EV-A71,128,1,Protected,0.1
P0359,2002,2015,13,10-14,EV-D68,128,1,Protected,0.1
P0359,2002,2015,13,10-14,CVA6,256,1,Protected,0.1
P0359,2002,2015,13,10-14,CVA16,128,1,Protected,0.1
P0359,2002,2020,18,15-19,EV-A71,128,1,Protected,0.1
P0359,2002,2020,18,15-19,EV-D68,128,1,Protected,0.1
P0359,2002,2020,18,15-19,CVA6,128,1,Protected,0.1
P0359,2002,2020,18,15-19,CVA16,128,1,Protected,0.1
P0359,2002,2025,23,20-39,EV-A71,512,1,Protected,0.1
P0359,2002,2025,23,20-39,EV-D68,512,1,Protected,0.1
P0359,2002,2025,23,20-39,CVA6,256,1,Protected,0.1
P0359,2002,2025,23,20-39,CVA16,128,1,Protected,0.1
P0360,1969,2005,36,20-39,EV-A71,256,1,Protected,0.1
P0360,1969,2005,36,20-39,EV-D68,128,1,Protected,0.1
P0360,1969,2005,36,20-39,CVA6,256,1,Protected,0.1
P0360,1969,2005,36,20-39,CVA16,256,1,Protected,0.1
P0360,1969,2010,41,40-59,EV-A71,128,1,Protected,0.1
P0360,1969,2010,41,40-59,EV-D68,128,1,Protected,0.1
P0360,1969,2010,41,40-59,CVA6,128,1,Protected,0.1
P0360,1969,2010,41,40-59,CVA16,128,1,Protected,0.1
P0360,1969,2015,46,40-59,EV-A71,512,1,Protected,0.1
P0360,1969,2015,46,40-59,EV-D68,256,1,Protected,0.1
P0360,1969,2015,46,40-59,CVA6,512,1,Protected,0.1
P0360,1969,2015,46,40-59,CVA16,512,1,Protected,0.1
P0360,1969,2020,51,40-59,EV-A71,512,1,Protected,0.1
P0360,1969,2020,51,40-59,EV-D68,128,1,Protected,0.1
P0360,1969,2020,51,40-59,CVA6,512,1,Protected,0.1
P0360,1969,2020,51,40-59,CVA16,256,1,Protected,0.1
P0360,1969,2025,56,40-59,EV-A71,512,1,Protected,0.1
P0360,1969,2025,56,40-59,EV-D68,256,1,Protected,0.1
P0360,1969,2025,56,40-59,CVA6,512,1,Protected,0.1
P0360,1969,2025,56,40-59,CVA16,512,1,Protected,0.1
P0361,1980,2005,25,20-39,EV-A71,256,1,Protected,0.1
P0361,1980,2005,25,20-39,EV-D68,128,1,Protected,0.1
P0361,1980,2005,25,20-39,CVA6,256,1,Protected,0.1
P0361,1980,2005,25,20-39,CVA16,128,1,Protected,0.1
P0361,1980,2010,30,20-39,EV-A71,512,1,Protected,0.1
P0361,1980,2010,30,20-39,EV-D68,128,1,Protected,0.1
P0361,1980,2010,30,20-39,CVA6,256,1,Protected,0.1
P0361,1980,2010,30,20-39,CVA16,256,1,Protected,0.1
P0361,1980,2015,35,20-39,EV-A71,512,1,Protected,0.1
P0361,1980,2015,35,20-39,EV-D68,256,1,Protected,0.1
P0361,1980,2015,35,20-39,CVA6,512,1,Protected,0.1
P0361,1980,2015,35,20-39,CVA16,128,1,Protected,0.1
P0361,1980,2020,40,40-59,EV-A71,256,1,Protected,0.1
P0361,1980,2020,40,40-59,EV-D68,256,1,Protected,0.1
P0361,1980,2020,40,40-59,CVA6,512,1,Protected,0.1
P0361,1980,2020,40,40-59,CVA16,256,1,Protected,0.1
P0361,1980,2025,45,40-59,EV-A71,512,1,Protected,0.1
P0361,1980,2025,45,40-59,EV-D68,256,1,Protected,0.1
P0361,1980,2025,45,40-59,CVA6,256,1,Protected,0.1
P0361,1980,2025,45,40-59,CVA16,128,1,Protected,0.1
P0362,1970,2005,35,20-39,EV-A71,128,1,Protected,0.1
P0362,1970,2005,35,20-39,EV-D68,64,1,Protected,0.1
P0362,1970,2005,35,20-39,CVA6,256,1,Protected,0.1
P0362,1970,2005,35,20-39,CVA16,64,1,Protected,0.1
P0362,1970,2010,40,40-59,EV-A71,256,1,Protected,0.1
P0362,1970,2010,40,40-59,EV-D68,128,1,Protected,0.1
P0362,1970,2010,40,40-59,CVA6,512,1,Protected,0.1
P0362,1970,2010,40,40-59,CVA16,128,1,Protected,0.1
P0362,1970,2015,45,40-59,EV-A71,512,1,Protected,0.1
P0362,1970,2015,45,40-59,EV-D68,256,1,Protected,0.1
P0362,1970,2015,45,40-59,CVA6,512,1,Protected,0.1
P0362,1970,2015,45,40-59,CVA16,512,1,Protected,0.1
P0362,1970,2020,50,40-59,EV-A71,256,1,Protected,0.1
P0362,1970,2020,50,40-59,EV-D68,128,1,Protected,0.1
P0362,1970,2020,50,40-59,CVA6,512,1,Protected,0.1
P0362,1970,2020,50,40-59,CVA16,256,1,Protected,0.1
P0362,1970,2025,55,40-59,EV-A71,512,1,Protected,0.1
P0362,1970,2025,55,40-59,EV-D68,256,1,Protected,0.1
P0362,1970,2025,55,40-59,CVA6,512,1,Protected,0.1
P0362,1970,2025,55,40-59,CVA16,256,1,Protected,0.1
P0363,1972,2005,33,20-39,EV-A71,256,1,Protected,0.1
P0363,1972,2005,33,20-39,EV-D68,256,1,Protected,0.1
P0363,1972,2005,33,20-39,CVA6,256,1,Protected,0.1
P0363,1972,2005,33,20-39,CVA16,256,1,Protected,0.1
P0363,1972,2010,38,20-39,EV-A71,256,1,Protected,0.1
P0363,1972,2010,38,20-39,EV-D68,256,1,Protected,0.1
P0363,1972,2010,38,20-39,CVA6,512,1,Protected,0.1
P0363,1972,2010,38,20-39,CVA16,64,1,Protected,0.1
P0363,1972,2015,43,40-59,EV-A71,256,1,Protected,0.1
P0363,1972,2015,43,40-59,EV-D68,256,1,Protected,0.1
P0363,1972,2015,43,40-59,CVA6,256,1,Protected,0.1
P0363,1972,2015,43,40-59,CVA16,256,1,Protected,0.1
P0363,1972,2020,48,40-59,EV-A71,512,1,Protected,0.1
P0363,1972,2020,48,40-59,EV-D68,256,1,Protected,0.1
P0363,1972,2020,48,40-59,CVA6,512,1,Protected,0.1
P0363,1972,2020,48,40-59,CVA16,256,1,Protected,0.1
P0363,1972,2025,53,40-59,EV-A71,512,1,Protected,0.1
P0363,1972,2025,53,40-59,EV-D68,128,1,Protected,0.1
P0363,1972,2025,53,40-59,CVA6,256,1,Protected,0.1
P0363,1972,2025,53,40-59,CVA16,256,1,Protected,0.1
P0364,2002,2005,3,0-4,EV-A71,128,1,Protected,0.1
P0364,2002,2005,3,0-4,EV-D68,32,1,Partially protected,0.5
P0364,2002,2005,3,0-4,CVA6,64,1,Protected,0.1
P0364,2002,2005,3,0-4,CVA16,32,1,Partially protected,0.5
P0364,2002,2010,8,5-9,EV-A71,64,1,Protected,0.1
P0364,2002,2010,8,5-9,EV-D68,32,1,Partially protected,0.5
P0364,2002,2010,8,5-9,CVA6,64,1,Protected,0.1
P0364,2002,2010,8,5-9,CVA16,32,1,Partially protected,0.5
P0364,2002,2015,13,10-14,EV-A71,256,1,Protected,0.1
P0364,2002,2015,13,10-14,EV-D68,64,1,Protected,0.1
P0364,2002,2015,13,10-14,CVA6,512,1,Protected,0.1
P0364,2002,2015,13,10-14,CVA16,128,1,Protected,0.1
P0364,2002,2020,18,15-19,EV-A71,512,1,Protected,0.1
P0364,2002,2020,18,15-19,EV-D68,256,1,Protected,0.1
P0364,2002,2020,18,15-19,CVA6,512,1,Protected,0.1
P0364,2002,2020,18,15-19,CVA16,128,1,Protected,0.1
P0364,2002,2025,23,20-39,EV-A71,512,1,Protected,0.1
P0364,2002,2025,23,20-39,EV-D68,512,1,Protected,0.1
P0364,2002,2025,23,20-39,CVA6,512,1,Protected,0.1
P0364,2002,2025,23,20-39,CVA16,512,1,Protected,0.1
P0365,1953,2005,52,40-59,EV-A71,128,1,Protected,0.1
P0365,1953,2005,52,40-59,EV-D68,128,1,Protected,0.1
P0365,1953,2005,52,40-59,CVA6,256,1,Protected,0.1
P0365,1953,2005,52,40-59,CVA16,128,1,Protected,0.1
P0365,1953,2010,57,40-59,EV-A71,512,1,Protected,0.1
P0365,1953,2010,57,40-59,EV-D68,128,1,Protected,0.1
P0365,1953,2010,57,40-59,CVA6,512,1,Protected,0.1
P0365,1953,2010,57,40-59,CVA16,128,1,Protected,0.1
P0365,1953,2015,62,60+,EV-A71,512,1,Protected,0.1
P0365,1953,2015,62,60+,EV-D68,256,1,Protected,0.1
P0365,1953,2015,62,60+,CVA6,256,1,Protected,0.1
P0365,1953,2015,62,60+,CVA16,128,1,Protected,0.1
P0365,1953,2020,67,60+,EV-A71,512,1,Protected,0.1
P0365,1953,2020,67,60+,EV-D68,128,1,Protected,0.1
P0365,1953,2020,67,60+,CVA6,512,1,Protected,0.1
P0365,1953,2020,67,60+,CVA16,256,1,Protected,0.1
P0365,1953,2025,72,60+,EV-A71,512,1,Protected,0.1
P0365,1953,2025,72,60+,EV-D68,512,1,Protected,0.1
P0365,1953,2025,72,60+,CVA6,256,1,Protected,0.1
P0365,1953,2025,72,60+,CVA16,256,1,Protected,0.1
P0366,1972,2005,33,20-39,EV-A71,256,1,Protected,0.1
P0366,1972,2005,33,20-39,EV-D68,64,1,Protected,0.1
P0366,1972,2005,33,20-39,CVA6,256,1,Protected,0.1
P0366,1972,2005,33,20-39,CVA16,128,1,Protected,0.1
P0366,1972,2010,38,20-39,EV-A71,256,1,Protected,0.1
P0366,1972,2010,38,20-39,EV-D68,128,1,Protected,0.1
P0366,1972,2010,38,20-39,CVA6,256,1,Protected,0.1
P0366,1972,2010,38,20-39,CVA16,64,1,Protected,0.1
P0366,1972,2015,43,40-59,EV-A71,512,1,Protected,0.1
P0366,1972,2015,43,40-59,EV-D68,256,1,Protected,0.1
P0366,1972,2015,43,40-59,CVA6,512,1,Protected,0.1
P0366,1972,2015,43,40-59,CVA16,256,1,Protected,0.1
P0366,1972,2020,48,40-59,EV-A71,512,1,Protected,0.1
P0366,1972,2020,48,40-59,EV-D68,128,1,Protected,0.1
P0366,1972,2020,48,40-59,CVA6,256,1,Protected,0.1
P0366,1972,2020,48,40-59,CVA16,256,1,Protected,0.1
P0366,1972,2025,53,40-59,EV-A71,256,1,Protected,0.1
P0366,1972,2025,53,40-59,EV-D68,256,1,Protected,0.1
P0366,1972,2025,53,40-59,CVA6,512,1,Protected,0.1
P0366,1972,2025,53,40-59,CVA16,128,1,Protected,0.1
P0367,1992,2005,13,10-14,EV-A71,256,1,Protected,0.1
P0367,1992,2005,13,10-14,EV-D68,64,1,Protected,0.1
P0367,1992,2005,13,10-14,CVA6,64,1,Protected,0.1
P0367,1992,2005,13,10-14,CVA16,64,1,Protected,0.1
P0367,1992,2010,18,15-19,EV-A71,128,1,Protected,0.1
P0367,1992,2010,18,15-19,EV-D68,128,1,Protected,0.1
P0367,1992,2010,18,15-19,CVA6,256,1,Protected,0.1
P0367,1992,2010,18,15-19,CVA16,64,1,Protected,0.1
P0367,1992,2015,23,20-39,EV-A71,512,1,Protected,0.1
P0367,1992,2015,23,20-39,EV-D68,128,1,Protected,0.1
P0367,1992,2015,23,20-39,CVA6,512,1,Protected,0.1
P0367,1992,2015,23,20-39,CVA16,512,1,Protected,0.1
P0367,1992,2020,28,20-39,EV-A71,256,1,Protected,0.1
P0367,1992,2020,28,20-39,EV-D68,256,1,Protected,0.1
P0367,1992,2020,28,20-39,CVA6,512,1,Protected,0.1
P0367,1992,2020,28,20-39,CVA16,512,1,Protected,0.1
P0367,1992,2025,33,20-39,EV-A71,512,1,Protected,0.1
P0367,1992,2025,33,20-39,EV-D68,256,1,Protected,0.1
P0367,1992,2025,33,20-39,CVA6,512,1,Protected,0.1
P0367,1992,2025,33,20-39,CVA16,128,1,Protected,0.1
P0368,2002,2005,3,0-4,EV-A71,64,1,Protected,0.1
P0368,2002,2005,3,0-4,EV-D68,16,0,Susceptible,1.0
P0368,2002,2005,3,0-4,CVA6,64,1,Protected,0.1
P0368,2002,2005,3,0-4,CVA16,32,1,Partially protected,0.5
P0368,2002,2010,8,5-9,EV-A71,64,1,Protected,0.1
P0368,2002,2010,8,5-9,EV-D68,64,1,Protected,0.1
P0368,2002,2010,8,5-9,CVA6,64,1,Protected,0.1
P0368,2002,2010,8,5-9,CVA16,32,1,Partially protected,0.5
P0368,2002,2015,13,10-14,EV-A71,512,1,Protected,0.1
P0368,2002,2015,13,10-14,EV-D68,128,1,Protected,0.1
P0368,2002,2015,13,10-14,CVA6,256,1,Protected,0.1
P0368,2002,2015,13,10-14,CVA16,128,1,Protected,0.1
P0368,2002,2020,18,15-19,EV-A71,256,1,Protected,0.1
P0368,2002,2020,18,15-19,EV-D68,128,1,Protected,0.1
P0368,2002,2020,18,15-19,CVA6,128,1,Protected,0.1
P0368,2002,2020,18,15-19,CVA16,256,1,Protected,0.1
P0368,2002,2025,23,20-39,EV-A71,512,1,Protected,0.1
P0368,2002,2025,23,20-39,EV-D68,256,1,Protected,0.1
P0368,2002,2025,23,20-39,CVA6,512,1,Protected,0.1
P0368,2002,2025,23,20-39,CVA16,128,1,Protected,0.1
P0369,1981,2005,24,20-39,EV-A71,256,1,Protected,0.1
P0369,1981,2005,24,20-39,EV-D68,256,1,Protected,0.1
P0369,1981,2005,24,20-39,CVA6,256,1,Protected,0.1
P0369,1981,2005,24,20-39,CVA16,128,1,Protected,0.1
P0369,1981,2010,29,20-39,EV-A71,512,1,Protected,0.1
P0369,1981,2010,29,20-39,EV-D68,64,1,Protected,0.1
P0369,1981,2010,29,20-39,CVA6,512,1,Protected,0.1
P0369,1981,2010,29,20-39,CVA16,64,1,Protected,0.1
P0369,1981,2015,34,20-39,EV-A71,512,1,Protected,0.1
P0369,1981,2015,34,20-39,EV-D68,256,1,Protected,0.1
P0369,1981,2015,34,20-39,CVA6,512,1,Protected,0.1
P0369,1981,2015,34,20-39,CVA16,128,1,Protected,0.1
P0369,1981,2020,39,20-39,EV-A71,512,1,Protected,0.1
P0369,1981,2020,39,20-39,EV-D68,512,1,Protected,0.1
P0369,1981,2020,39,20-39,CVA6,512,1,Protected,0.1
P0369,1981,2020,39,20-39,CVA16,256,1,Protected,0.1
P0369,1981,2025,44,40-59,EV-A71,512,1,Protected,0.1
P0369,1981,2025,44,40-59,EV-D68,256,1,Protected,0.1
P0369,1981,2025,44,40-59,CVA6,256,1,Protected,0.1
P0369,1981,2025,44,40-59,CVA16,256,1,Protected,0.1
P0370,1984,2005,21,20-39,EV-A71,512,1,Protected,0.1
P0370,1984,2005,21,20-39,EV-D68,128,1,Protected,0.1
P0370,1984,2005,21,20-39,CVA6,256,1,Protected,0.1
P0370,1984,2005,21,20-39,CVA16,256,1,Protected,0.1
P0370,1984,2010,26,20-39,EV-A71,256,1,Protected,0.1
P0370,1984,2010,26,20-39,EV-D68,128,1,Protected,0.1
P0370,1984,2010,26,20-39,CVA6,256,1,Protected,0.1
P0370,1984,2010,26,20-39,CVA16,128,1,Protected,0.1
P0370,1984,2015,31,20-39,EV-A71,512,1,Protected,0.1
P0370,1984,2015,31,20-39,EV-D68,512,1,Protected,0.1
P0370,1984,2015,31,20-39,CVA6,512,1,Protected,0.1
P0370,1984,2015,31,20-39,CVA16,256,1,Protected,0.1
P0370,1984,2020,36,20-39,EV-A71,512,1,Protected,0.1
P0370,1984,2020,36,20-39,EV-D68,256,1,Protected,0.1
P0370,1984,2020,36,20-39,CVA6,256,1,Protected,0.1
P0370,1984,2020,36,20-39,CVA16,512,1,Protected,0.1
P0370,1984,2025,41,40-59,EV-A71,512,1,Protected,0.1
P0370,1984,2025,41,40-59,EV-D68,512,1,Protected,0.1
P0370,1984,2025,41,40-59,CVA6,512,1,Protected,0.1
P0370,1984,2025,41,40-59,CVA16,256,1,Protected,0.1
P0371,1970,2005,35,20-39,EV-A71,256,1,Protected,0.1
P0371,1970,2005,35,20-39,EV-D68,128,1,Protected,0.1
P0371,1970,2005,35,20-39,CVA6,512,1,Protected,0.1
P0371,1970,2005,35,20-39,CVA16,256,1,Protected,0.1
P0371,1970,2010,40,40-59,EV-A71,256,1,Protected,0.1
P0371,1970,2010,40,40-59,EV-D68,256,1,Protected,0.1
P0371,1970,2010,40,40-59,CVA6,128,1,Protected,0.1
P0371,1970,2010,40,40-59,CVA16,256,1,Protected,0.1
P0371,1970,2015,45,40-59,EV-A71,512,1,Protected,0.1
P0371,1970,2015,45,40-59,EV-D68,256,1,Protected,0.1
P0371,1970,2015,45,40-59,CVA6,512,1,Protected,0.1
P0371,1970,2015,45,40-59,CVA16,256,1,Protected,0.1
P0371,1970,2020,50,40-59,EV-A71,512,1,Protected,0.1
P0371,1970,2020,50,40-59,EV-D68,256,1,Protected,0.1
P0371,1970,2020,50,40-59,CVA6,512,1,Protected,0.1
P0371,1970,2020,50,40-59,CVA16,256,1,Protected,0.1
P0371,1970,2025,55,40-59,EV-A71,512,1,Protected,0.1
P0371,1970,2025,55,40-59,EV-D68,256,1,Protected,0.1
P0371,1970,2025,55,40-59,CVA6,256,1,Protected,0.1
P0371,1970,2025,55,40-59,CVA16,256,1,Protected,0.1
P0372,1963,2005,42,40-59,EV-A71,256,1,Protected,0.1
P0372,1963,2005,42,40-59,EV-D68,128,1,Protected,0.1
P0372,1963,2005,42,40-59,CVA6,256,1,Protected,0.1
P0372,1963,2005,42,40-59,CVA16,128,1,Protected,0.1
P0372,1963,2010,47,40-59,EV-A71,256,1,Protected,0.1
P0372,1963,2010,47,40-59,EV-D68,256,1,Protected,0.1
P0372,1963,2010,47,40-59,CVA6,256,1,Protected,0.1
P0372,1963,2010,47,40-59,CVA16,128,1,Protected,0.1
P0372,1963,2015,52,40-59,EV-A71,512,1,Protected,0.1
P0372,1963,2015,52,40-59,EV-D68,128,1,Protected,0.1
P0372,1963,2015,52,40-59,CVA6,512,1,Protected,0.1
P0372,1963,2015,52,40-59,CVA16,256,1,Protected,0.1
P0372,1963,2020,57,40-59,EV-A71,256,1,Protected,0.1
P0372,1963,2020,57,40-59,EV-D68,256,1,Protected,0.1
P0372,1963,2020,57,40-59,CVA6,512,1,Protected,0.1
P0372,1963,2020,57,40-59,CVA16,256,1,Protected,0.1
P0372,1963,2025,62,60+,EV-A71,512,1,Protected,0.1
P0372,1963,2025,62,60+,EV-D68,512,1,Protected,0.1
P0372,1963,2025,62,60+,CVA6,512,1,Protected,0.1
P0372,1963,2025,62,60+,CVA16,256,1,Protected,0.1
P0373,1998,2005,7,5-9,EV-A71,32,1,Partially protected,0.5
P0373,1998,2005,7,5-9,EV-D68,32,1,Partially protected,0.5
P0373,1998,2005,7,5-9,CVA6,64,1,Protected,0.1
P0373,1998,2005,7,5-9,CVA16,32,1,Partially protected,0.5
P0373,1998,2010,12,10-14,EV-A71,128,1,Protected,0.1
P0373,1998,2010,12,10-14,EV-D68,32,1,Partially protected,0.5
P0373,1998,2010,12,10-14,CVA6,128,1,Protected,0.1
P0373,1998,2010,12,10-14,CVA16,64,1,Protected,0.1
P0373,1998,2015,17,15-19,EV-A71,512,1,Protected,0.1
P0373,1998,2015,17,15-19,EV-D68,128,1,Protected,0.1
P0373,1998,2015,17,15-19,CVA6,128,1,Protected,0.1
P0373,1998,2015,17,15-19,CVA16,128,1,Protected,0.1
P0373,1998,2020,22,20-39,EV-A71,256,1,Protected,0.1
P0373,1998,2020,22,20-39,EV-D68,128,1,Protected,0.1
P0373,1998,2020,22,20-39,CVA6,256,1,Protected,0.1
P0373,1998,2020,22,20-39,CVA16,256,1,Protected,0.1
P0373,1998,2025,27,20-39,EV-A71,512,1,Protected,0.1
P0373,1998,2025,27,20-39,EV-D68,256,1,Protected,0.1
P0373,1998,2025,27,20-39,CVA6,256,1,Protected,0.1
P0373,1998,2025,27,20-39,CVA16,256,1,Protected,0.1
P0374,1954,2005,51,40-59,EV-A71,256,1,Protected,0.1
P0374,1954,2005,51,40-59,EV-D68,64,1,Protected,0.1
P0374,1954,2005,51,40-59,CVA6,256,1,Protected,0.1
P0374,1954,2005,51,40-59,CVA16,128,1,Protected,0.1
P0374,1954,2010,56,40-59,EV-A71,256,1,Protected,0.1
P0374,1954,2010,56,40-59,EV-D68,64,1,Protected,0.1
P0374,1954,2010,56,40-59,CVA6,512,1,Protected,0.1
P0374,1954,2010,56,40-59,CVA16,256,1,Protected,0.1
P0374,1954,2015,61,60+,EV-A71,256,1,Protected,0.1
P0374,1954,2015,61,60+,EV-D68,512,1,Protected,0.1
P0374,1954,2015,61,60+,CVA6,512,1,Protected,0.1
P0374,1954,2015,61,60+,CVA16,512,1,Protected,0.1
P0374,1954,2020,66,60+,EV-A71,512,1,Protected,0.1
P0374,1954,2020,66,60+,EV-D68,256,1,Protected,0.1
P0374,1954,2020,66,60+,CVA6,256,1,Protected,0.1
P0374,1954,2020,66,60+,CVA16,256,1,Protected,0.1
P0374,1954,2025,71,60+,EV-A71,512,1,Protected,0.1
P0374,1954,2025,71,60+,EV-D68,128,1,Protected,0.1
P0374,1954,2025,71,60+,CVA6,512,1,Protected,0.1
P0374,1954,2025,71,60+,CVA16,256,1,Protected,0.1
P0375,2010,2010,0,0-4,EV-A71,128,1,Protected,0.1
P0375,2010,2010,0,0-4,EV-D68,32,1,Partially protected,0.5
P0375,2010,2010,0,0-4,CVA6,64,1,Protected,0.1
P0375,2010,2010,0,0-4,CVA16,32,1,Partially protected,0.5
P0375,2010,2015,5,5-9,EV-A71,128,1,Protected,0.1
P0375,2010,2015,5,5-9,EV-D68,64,1,Protected,0.1
P0375,2010,2015,5,5-9,CVA6,64,1,Protected,0.1
P0375,2010,2015,5,5-9,CVA16,64,1,Protected,0.1
P0375,2010,2020,10,10-14,EV-A71,256,1,Protected,0.1
P0375,2010,2020,10,10-14,EV-D68,128,1,Protected,0.1
P0375,2010,2020,10,10-14,CVA6,256,1,Protected,0.1
P0375,2010,2020,10,10-14,CVA16,128,1,Protected,0.1
P0375,2010,2025,15,15-19,EV-A71,256,1,Protected,0.1
P0375,2010,2025,15,15-19,EV-D68,256,1,Protected,0.1
P0375,2010,2025,15,15-19,CVA6,128,1,Protected,0.1
P0375,2010,2025,15,15-19,CVA16,128,1,Protected,0.1
P0376,1978,2005,27,20-39,EV-A71,512,1,Protected,0.1
P0376,1978,2005,27,20-39,EV-D68,128,1,Protected,0.1
P0376,1978,2005,27,20-39,CVA6,128,1,Protected,0.1
P0376,1978,2005,27,20-39,CVA16,128,1,Protected,0.1
P0376,1978,2010,32,20-39,EV-A71,512,1,Protected,0.1
P0376,1978,2010,32,20-39,EV-D68,128,1,Protected,0.1
P0376,1978,2010,32,20-39,CVA6,256,1,Protected,0.1
P0376,1978,2010,32,20-39,CVA16,128,1,Protected,0.1
P0376,1978,2015,37,20-39,EV-A71,512,1,Protected,0.1
P0376,1978,2015,37,20-39,EV-D68,256,1,Protected,0.1
P0376,1978,2015,37,20-39,CVA6,512,1,Protected,0.1
P0376,1978,2015,37,20-39,CVA16,256,1,Protected,0.1
P0376,1978,2020,42,40-59,EV-A71,512,1,Protected,0.1
P0376,1978,2020,42,40-59,EV-D68,256,1,Protected,0.1
P0376,1978,2020,42,40-59,CVA6,256,1,Protected,0.1
P0376,1978,2020,42,40-59,CVA16,512,1,Protected,0.1
P0376,1978,2025,47,40-59,EV-A71,256,1,Protected,0.1
P0376,1978,2025,47,40-59,EV-D68,128,1,Protected,0.1
P0376,1978,2025,47,40-59,CVA6,512,1,Protected,0.1
P0376,1978,2025,47,40-59,CVA16,256,1,Protected,0.1
P0377,1975,2005,30,20-39,EV-A71,512,1,Protected,0.1
P0377,1975,2005,30,20-39,EV-D68,128,1,Protected,0.1
P0377,1975,2005,30,20-39,CVA6,256,1,Protected,0.1
P0377,1975,2005,30,20-39,CVA16,128,1,Protected,0.1
P0377,1975,2010,35,20-39,EV-A71,128,1,Protected,0.1
P0377,1975,2010,35,20-39,EV-D68,256,1,Protected,0.1
P0377,1975,2010,35,20-39,CVA6,256,1,Protected,0.1
P0377,1975,2010,35,20-39,CVA16,128,1,Protected,0.1
P0377,1975,2015,40,40-59,EV-A71,512,1,Protected,0.1
P0377,1975,2015,40,40-59,EV-D68,128,1,Protected,0.1
P0377,1975,2015,40,40-59,CVA6,512,1,Protected,0.1
P0377,1975,2015,40,40-59,CVA16,256,1,Protected,0.1
P0377,1975,2020,45,40-59,EV-A71,512,1,Protected,0.1
P0377,1975,2020,45,40-59,EV-D68,128,1,Protected,0.1
P0377,1975,2020,45,40-59,CVA6,512,1,Protected,0.1
P0377,1975,2020,45,40-59,CVA16,256,1,Protected,0.1
P0377,1975,2025,50,40-59,EV-A71,512,1,Protected,0.1
P0377,1975,2025,50,40-59,EV-D68,256,1,Protected,0.1
P0377,1975,2025,50,40-59,CVA6,512,1,Protected,0.1
P0377,1975,2025,50,40-59,CVA16,256,1,Protected,0.1
P0378,2008,2010,2,0-4,EV-A71,64,1,Protected,0.1
P0378,2008,2010,2,0-4,EV-D68,16,0,Susceptible,1.0
P0378,2008,2010,2,0-4,CVA6,64,1,Protected,0.1
P0378,2008,2010,2,0-4,CVA16,16,0,Susceptible,1.0
P0378,2008,2015,7,5-9,EV-A71,128,1,Protected,0.1
P0378,2008,2015,7,5-9,EV-D68,64,1,Protected,0.1
P0378,2008,2015,7,5-9,CVA6,128,1,Protected,0.1
P0378,2008,2015,7,5-9,CVA16,64,1,Protected,0.1
P0378,2008,2020,12,10-14,EV-A71,256,1,Protected,0.1
P0378,2008,2020,12,10-14,EV-D68,64,1,Protected,0.1
P0378,2008,2020,12,10-14,CVA6,256,1,Protected,0.1
P0378,2008,2020,12,10-14,CVA16,128,1,Protected,0.1
P0378,2008,2025,17,15-19,EV-A71,512,1,Protected,0.1
P0378,2008,2025,17,15-19,EV-D68,64,1,Protected,0.1
P0378,2008,2025,17,15-19,CVA6,256,1,Protected,0.1
P0378,2008,2025,17,15-19,CVA16,128,1,Protected,0.1
P0379,1994,2005,11,10-14,EV-A71,256,1,Protected,0.1
P0379,1994,2005,11,10-14,EV-D68,128,1,Protected,0.1
P0379,1994,2005,11,10-14,CVA6,128,1,Protected,0.1
P0379,1994,2005,11,10-14,CVA16,64,1,Protected,0.1
P0379,1994,2010,16,15-19,EV-A71,64,1,Protected,0.1
P0379,1994,2010,16,15-19,EV-D68,32,1,Partially protected,0.5
P0379,1994,2010,16,15-19,CVA6,128,1,Protected,0.1
P0379,1994,2010,16,15-19,CVA16,64,1,Protected,0.1
P0379,1994,2015,21,20-39,EV-A71,512,1,Protected,0.1
P0379,1994,2015,21,20-39,EV-D68,128,1,Protected,0.1
P0379,1994,2015,21,20-39,CVA6,512,1,Protected,0.1
P0379,1994,2015,21,20-39,CVA16,256,1,Protected,0.1
P0379,1994,2020,26,20-39,EV-A71,512,1,Protected,0.1
P0379,1994,2020,26,20-39,EV-D68,256,1,Protected,0.1
P0379,1994,2020,26,20-39,CVA6,512,1,Protected,0.1
P0379,1994,2020,26,20-39,CVA16,128,1,Protected,0.1
P0379,1994,2025,31,20-39,EV-A71,256,1,Protected,0.1
P0379,1994,2025,31,20-39,EV-D68,256,1,Protected,0.1
P0379,1994,2025,31,20-39,CVA6,512,1,Protected,0.1
P0379,1994,2025,31,20-39,CVA16,512,1,Protected,0.1
P0380,1989,2005,16,15-19,EV-A71,128,1,Protected,0.1
P0380,1989,2005,16,15-19,EV-D68,128,1,Protected,0.1
P0380,1989,2005,16,15-19,CVA6,128,1,Protected,0.1
P0380,1989,2005,16,15-19,CVA16,64,1,Protected,0.1
P0380,1989,2010,21,20-39,EV-A71,256,1,Protected,0.1
P0380,1989,2010,21,20-39,EV-D68,128,1,Protected,0.1
P0380,1989,2010,21,20-39,CVA6,256,1,Protected,0.1
P0380,1989,2010,21,20-39,CVA16,128,1,Protected,0.1
P0380,1989,2015,26,20-39,EV-A71,512,1,Protected,0.1
P0380,1989,2015,26,20-39,EV-D68,512,1,Protected,0.1
P0380,1989,2015,26,20-39,CVA6,512,1,Protected,0.1
P0380,1989,2015,26,20-39,CVA16,256,1,Protected,0.1
P0380,1989,2020,31,20-39,EV-A71,512,1,Protected,0.1
P0380,1989,2020,31,20-39,EV-D68,128,1,Protected,0.1
P0380,1989,2020,31,20-39,CVA6,512,1,Protected,0.1
P0380,1989,2020,31,20-39,CVA16,256,1,Protected,0.1
P0380,1989,2025,36,20-39,EV-A71,512,1,Protected,0.1
P0380,1989,2025,36,20-39,EV-D68,256,1,Protected,0.1
P0380,1989,2025,36,20-39,CVA6,512,1,Protected,0.1
P0380,1989,2025,36,20-39,CVA16,512,1,Protected,0.1
P0381,1979,2005,26,20-39,EV-A71,256,1,Protected,0.1
P0381,1979,2005,26,20-39,EV-D68,64,1,Protected,0.1
P0381,1979,2005,26,20-39,CVA6,128,1,Protected,0.1
P0381,1979,2005,26,20-39,CVA16,256,1,Protected,0.1
P0381,1979,2010,31,20-39,EV-A71,512,1,Protected,0.1
P0381,1979,2010,31,20-39,EV-D68,128,1,Protected,0.1
P0381,1979,2010,31,20-39,CVA6,128,1,Protected,0.1
P0381,1979,2010,31,20-39,CVA16,128,1,Protected,0.1
P0381,1979,2015,36,20-39,EV-A71,512,1,Protected,0.1
P0381,1979,2015,36,20-39,EV-D68,256,1,Protected,0.1
P0381,1979,2015,36,20-39,CVA6,512,1,Protected,0.1
P0381,1979,2015,36,20-39,CVA16,128,1,Protected,0.1
P0381,1979,2020,41,40-59,EV-A71,512,1,Protected,0.1
P0381,1979,2020,41,40-59,EV-D68,512,1,Protected,0.1
P0381,1979,2020,41,40-59,CVA6,512,1,Protected,0.1
P0381,1979,2020,41,40-59,CVA16,512,1,Protected,0.1
P0381,1979,2025,46,40-59,EV-A71,512,1,Protected,0.1
P0381,1979,2025,46,40-59,EV-D68,256,1,Protected,0.1
P0381,1979,2025,46,40-59,CVA6,256,1,Protected,0.1
P0381,1979,2025,46,40-59,CVA16,256,1,Protected,0.1
P0382,1978,2005,27,20-39,EV-A71,256,1,Protected,0.1
P0382,1978,2005,27,20-39,EV-D68,256,1,Protected,0.1
P0382,1978,2005,27,20-39,CVA6,128,1,Protected,0.1
P0382,1978,2005,27,20-39,CVA16,64,1,Protected,0.1
P0382,1978,2010,32,20-39,EV-A71,512,1,Protected,0.1
P0382,1978,2010,32,20-39,EV-D68,128,1,Protected,0.1
P0382,1978,2010,32,20-39,CVA6,256,1,Protected,0.1
P0382,1978,2010,32,20-39,CVA16,128,1,Protected,0.1
P0382,1978,2015,37,20-39,EV-A71,256,1,Protected,0.1
P0382,1978,2015,37,20-39,EV-D68,256,1,Protected,0.1
P0382,1978,2015,37,20-39,CVA6,512,1,Protected,0.1
P0382,1978,2015,37,20-39,CVA16,256,1,Protected,0.1
P0382,1978,2020,42,40-59,EV-A71,512,1,Protected,0.1
P0382,1978,2020,42,40-59,EV-D68,256,1,Protected,0.1
P0382,1978,2020,42,40-59,CVA6,512,1,Protected,0.1
P0382,1978,2020,42,40-59,CVA16,256,1,Protected,0.1
P0382,1978,2025,47,40-59,EV-A71,512,1,Protected,0.1
P0382,1978,2025,47,40-59,EV-D68,256,1,Protected,0.1
P0382,1978,2025,47,40-59,CVA6,512,1,Protected,0.1
P0382,1978,2025,47,40-59,CVA16,512,1,Protected,0.1
P0383,1953,2005,52,40-59,EV-A71,256,1,Protected,0.1
P0383,1953,2005,52,40-59,EV-D68,128,1,Protected,0.1
P0383,1953,2005,52,40-59,CVA6,256,1,Protected,0.1
P0383,1953,2005,52,40-59,CVA16,128,1,Protected,0.1
P0383,1953,2010,57,40-59,EV-A71,256,1,Protected,0.1
P0383,1953,2010,57,40-59,EV-D68,128,1,Protected,0.1
P0383,1953,2010,57,40-59,CVA6,256,1,Protected,0.1
P0383,1953,2010,57,40-59,CVA16,64,1,Protected,0.1
P0383,1953,2015,62,60+,EV-A71,512,1,Protected,0.1
P0383,1953,2015,62,60+,EV-D68,256,1,Protected,0.1
P0383,1953,2015,62,60+,CVA6,512,1,Protected,0.1
P0383,1953,2015,62,60+,CVA16,512,1,Protected,0.1
P0383,1953,2020,67,60+,EV-A71,512,1,Protected,0.1
P0383,1953,2020,67,60+,EV-D68,256,1,Protected,0.1
P0383,1953,2020,67,60+,CVA6,512,1,Protected,0.1
P0383,1953,2020,67,60+,CVA16,512,1,Protected,0.1
P0383,1953,2025,72,60+,EV-A71,512,1,Protected,0.1
P0383,1953,2025,72,60+,EV-D68,128,1,Protected,0.1
P0383,1953,2025,72,60+,CVA6,256,1,Protected,0.1
P0383,1953,2025,72,60+,CVA16,256,1,Protected,0.1
P0384,1974,2005,31,20-39,EV-A71,256,1,Protected,0.1
P0384,1974,2005,31,20-39,EV-D68,128,1,Protected,0.1
P0384,1974,2005,31,20-39,CVA6,256,1,Protected,0.1
P0384,1974,2005,31,20-39,CVA16,128,1,Protected,0.1
P0384,1974,2010,36,20-39,EV-A71,256,1,Protected,0.1
P0384,1974,2010,36,20-39,EV-D68,128,1,Protected,0.1
P0384,1974,2010,36,20-39,CVA6,512,1,Protected,0.1
P0384,1974,2010,36,20-39,CVA16,128,1,Protected,0.1
P0384,1974,2015,41,40-59,EV-A71,256,1,Protected,0.1
P0384,1974,2015,41,40-59,EV-D68,128,1,Protected,0.1
P0384,1974,2015,41,40-59,CVA6,512,1,Protected,0.1
P0384,1974,2015,41,40-59,CVA16,128,1,Protected,0.1
P0384,1974,2020,46,40-59,EV-A71,256,1,Protected,0.1
P0384,1974,2020,46,40-59,EV-D68,256,1,Protected,0.1
P0384,1974,2020,46,40-59,CVA6,512,1,Protected,0.1
P0384,1974,2020,46,40-59,CVA16,256,1,Protected,0.1
P0384,1974,2025,51,40-59,EV-A71,512,1,Protected,0.1
P0384,1974,2025,51,40-59,EV-D68,512,1,Protected,0.1
P0384,1974,2025,51,40-59,CVA6,512,1,Protected,0.1
P0384,1974,2025,51,40-59,CVA16,128,1,Protected,0.1
P0385,2001,2005,4,0-4,EV-A71,32,1,Partially protected,0.5
P0385,2001,2005,4,0-4,EV-D68,32,1,Partially protected,0.5
P0385,2001,2005,4,0-4,CVA6,128,1,Protected,0.1
P0385,2001,2005,4,0-4,CVA16,64,1,Protected,0.1
P0385,2001,2010,9,5-9,EV-A71,64,1,Protected,0.1
P0385,2001,2010,9,5-9,EV-D68,32,1,Partially protected,0.5
P0385,2001,2010,9,5-9,CVA6,64,1,Protected,0.1
P0385,2001,2010,9,5-9,CVA16,32,1,Partially protected,0.5
P0385,2001,2015,14,10-14,EV-A71,256,1,Protected,0.1
P0385,2001,2015,14,10-14,EV-D68,256,1,Protected,0.1
P0385,2001,2015,14,10-14,CVA6,128,1,Protected,0.1
P0385,2001,2015,14,10-14,CVA16,256,1,Protected,0.1
P0385,2001,2020,19,15-19,EV-A71,256,1,Protected,0.1
P0385,2001,2020,19,15-19,EV-D68,128,1,Protected,0.1
P0385,2001,2020,19,15-19,CVA6,256,1,Protected,0.1
P0385,2001,2020,19,15-19,CVA16,256,1,Protected,0.1
P0385,2001,2025,24,20-39,EV-A71,512,1,Protected,0.1
P0385,2001,2025,24,20-39,EV-D68,256,1,Protected,0.1
P0385,2001,2025,24,20-39,CVA6,512,1,Protected,0.1
P0385,2001,2025,24,20-39,CVA16,256,1,Protected,0.1
P0386,1992,2005,13,10-14,EV-A71,64,1,Protected,0.1
P0386,1992,2005,13,10-14,EV-D68,64,1,Protected,0.1
P0386,1992,2005,13,10-14,CVA6,256,1,Protected,0.1
P0386,1992,2005,13,10-14,CVA16,64,1,Protected,0.1
P0386,1992,2010,18,15-19,EV-A71,128,1,Protected,0.1
P0386,1992,2010,18,15-19,EV-D68,64,1,Protected,0.1
P0386,1992,2010,18,15-19,CVA6,64,1,Protected,0.1
P0386,1992,2010,18,15-19,CVA16,64,1,Protected,0.1
P0386,1992,2015,23,20-39,EV-A71,256,1,Protected,0.1
P0386,1992,2015,23,20-39,EV-D68,256,1,Protected,0.1
P0386,1992,2015,23,20-39,CVA6,512,1,Protected,0.1
P0386,1992,2015,23,20-39,CVA16,256,1,Protected,0.1
P0386,1992,2020,28,20-39,EV-A71,512,1,Protected,0.1
P0386,1992,2020,28,20-39,EV-D68,256,1,Protected,0.1
P0386,1992,2020,28,20-39,CVA6,512,1,Protected,0.1
P0386,1992,2020,28,20-39,CVA16,256,1,Protected,0.1
P0386,1992,2025,33,20-39,EV-A71,512,1,Protected,0.1
P0386,1992,2025,33,20-39,EV-D68,256,1,Protected,0.1
P0386,1992,2025,33,20-39,CVA6,512,1,Protected,0.1
P0386,1992,2025,33,20-39,CVA16,256,1,Protected,0.1
P0387,1985,2005,20,20-39,EV-A71,256,1,Protected,0.1
P0387,1985,2005,20,20-39,EV-D68,128,1,Protected,0.1
P0387,1985,2005,20,20-39,CVA6,256,1,Protected,0.1
P0387,1985,2005,20,20-39,CVA16,128,1,Protected,0.1
P0387,1985,2010,25,20-39,EV-A71,256,1,Protected,0.1
P0387,1985,2010,25,20-39,EV-D68,256,1,Protected,0.1
P0387,1985,2010,25,20-39,CVA6,256,1,Protected,0.1
P0387,1985,2010,25,20-39,CVA16,64,1,Protected,0.1
P0387,1985,2015,30,20-39,EV-A71,512,1,Protected,0.1
P0387,1985,2015,30,20-39,EV-D68,256,1,Protected,0.1
P0387,1985,2015,30,20-39,CVA6,256,1,Protected,0.1
P0387,1985,2015,30,20-39,CVA16,256,1,Protected,0.1
P0387,1985,2020,35,20-39,EV-A71,512,1,Protected,0.1
P0387,1985,2020,35,20-39,EV-D68,128,1,Protected,0.1
P0387,1985,2020,35,20-39,CVA6,512,1,Protected,0.1
P0387,1985,2020,35,20-39,CVA16,256,1,Protected,0.1
P0387,1985,2025,40,40-59,EV-A71,512,1,Protected,0.1
P0387,1985,2025,40,40-59,EV-D68,256,1,Protected,0.1
P0387,1985,2025,40,40-59,CVA6,512,1,Protected,0.1
P0387,1985,2025,40,40-59,CVA16,128,1,Protected,0.1
P0388,1958,2005,47,40-59,EV-A71,256,1,Protected,0.1
P0388,1958,2005,47,40-59,EV-D68,64,1,Protected,0.1
P0388,1958,2005,47,40-59,CVA6,256,1,Protected,0.1
P0388,1958,2005,47,40-59,CVA16,128,1,Protected,0.1
P0388,1958,2010,52,40-59,EV-A71,512,1,Protected,0.1
P0388,1958,2010,52,40-59,EV-D68,128,1,Protected,0.1
P0388,1958,2010,52,40-59,CVA6,256,1,Protected,0.1
P0388,1958,2010,52,40-59,CVA16,128,1,Protected,0.1
P0388,1958,2015,57,40-59,EV-A71,256,1,Protected,0.1
P0388,1958,2015,57,40-59,EV-D68,256,1,Protected,0.1
P0388,1958,2015,57,40-59,CVA6,256,1,Protected,0.1
P0388,1958,2015,57,40-59,CVA16,256,1,Protected,0.1
P0388,1958,2020,62,60+,EV-A71,256,1,Protected,0.1
P0388,1958,2020,62,60+,EV-D68,256,1,Protected,0.1
P0388,1958,2020,62,60+,CVA6,512,1,Protected,0.1
P0388,1958,2020,62,60+,CVA16,256,1,Protected,0.1
P0388,1958,2025,67,60+,EV-A71,512,1,Protected,0.1
P0388,1958,2025,67,60+,EV-D68,512,1,Protected,0.1
P0388,1958,2025,67,60+,CVA6,512,1,Protected,0.1
P0388,1958,2025,67,60+,CVA16,512,1,Protected,0.1
P0389,1985,2005,20,20-39,EV-A71,512,1,Protected,0.1
P0389,1985,2005,20,20-39,EV-D68,128,1,Protected,0.1
P0389,1985,2005,20,20-39,CVA6,512,1,Protected,0.1
P0389,1985,2005,20,20-39,CVA16,64,1,Protected,0.1
P0389,1985,2010,25,20-39,EV-A71,512,1,Protected,0.1
P0389,1985,2010,25,20-39,EV-D68,256,1,Protected,0.1
P0389,1985,2010,25,20-39,CVA6,256,1,Protected,0.1
P0389,1985,2010,25,20-39,CVA16,128,1,Protected,0.1
P0389,1985,2015,30,20-39,EV-A71,256,1,Protected,0.1
P0389,1985,2015,30,20-39,EV-D68,256,1,Protected,0.1
P0389,1985,2015,30,20-39,CVA6,512,1,Protected,0.1
P0389,1985,2015,30,20-39,CVA16,128,1,Protected,0.1
P0389,1985,2020,35,20-39,EV-A71,512,1,Protected,0.1
P0389,1985,2020,35,20-39,EV-D68,128,1,Protected,0.1
P0389,1985,2020,35,20-39,CVA6,512,1,Protected,0.1
P0389,1985,2020,35,20-39,CVA16,128,1,Protected,0.1
P0389,1985,2025,40,40-59,EV-A71,512,1,Protected,0.1
P0389,1985,2025,40,40-59,EV-D68,256,1,Protected,0.1
P0389,1985,2025,40,40-59,CVA6,512,1,Protected,0.1
P0389,1985,2025,40,40-59,CVA16,128,1,Protected,0.1
P0390,1994,2005,11,10-14,EV-A71,128,1,Protected,0.1
P0390,1994,2005,11,10-14,EV-D68,64,1,Protected,0.1
P0390,1994,2005,11,10-14,CVA6,64,1,Protected,0.1
P0390,1994,2005,11,10-14,CVA16,32,1,Partially protected,0.5
P0390,1994,2010,16,15-19,EV-A71,128,1,Protected,0.1
P0390,1994,2010,16,15-19,EV-D68,64,1,Protected,0.1
P0390,1994,2010,16,15-19,CVA6,128,1,Protected,0.1
P0390,1994,2010,16,15-19,CVA16,64,1,Protected,0.1
P0390,1994,2015,21,20-39,EV-A71,512,1,Protected,0.1
P0390,1994,2015,21,20-39,EV-D68,128,1,Protected,0.1
P0390,1994,2015,21,20-39,CVA6,512,1,Protected,0.1
P0390,1994,2015,21,20-39,CVA16,128,1,Protected,0.1
P0390,1994,2020,26,20-39,EV-A71,512,1,Protected,0.1
P0390,1994,2020,26,20-39,EV-D68,256,1,Protected,0.1
P0390,1994,2020,26,20-39,CVA6,512,1,Protected,0.1
P0390,1994,2020,26,20-39,CVA16,512,1,Protected,0.1
P0390,1994,2025,31,20-39,EV-A71,512,1,Protected,0.1
P0390,1994,2025,31,20-39,EV-D68,256,1,Protected,0.1
P0390,1994,2025,31,20-39,CVA6,256,1,Protected,0.1
P0390,1994,2025,31,20-39,CVA16,256,1,Protected,0.1
P0391,2015,2015,0,0-4,EV-A71,128,1,Protected,0.1
P0391,2015,2015,0,0-4,EV-D68,32,1,Partially protected,0.5
P0391,2015,2015,0,0-4,CVA6,64,1,Protected,0.1
P0391,2015,2015,0,0-4,CVA16,128,1,Protected,0.1
P0391,2015,2020,5,5-9,EV-A71,256,1,Protected,0.1
P0391,2015,2020,5,5-9,EV-D68,64,1,Protected,0.1
P0391,2015,2020,5,5-9,CVA6,64,1,Protected,0.1
P0391,2015,2020,5,5-9,CVA16,64,1,Protected,0.1
P0391,2015,2025,10,10-14,EV-A71,256,1,Protected,0.1
P0391,2015,2025,10,10-14,EV-D68,128,1,Protected,0.1
P0391,2015,2025,10,10-14,CVA6,256,1,Protected,0.1
P0391,2015,2025,10,10-14,CVA16,128,1,Protected,0.1
P0392,2001,2005,4,0-4,EV-A71,32,1,Partially protected,0.5
P0392,2001,2005,4,0-4,EV-D68,16,0,Susceptible,1.0
P0392,2001,2005,4,0-4,CVA6,64,1,Protected,0.1
P0392,2001,2005,4,0-4,CVA16,32,1,Partially protected,0.5
P0392,2001,2010,9,5-9,EV-A71,64,1,Protected,0.1
P0392,2001,2010,9,5-9,EV-D68,32,1,Partially protected,0.5
P0392,2001,2010,9,5-9,CVA6,64,1,Protected,0.1
P0392,2001,2010,9,5-9,CVA16,32,1,Partially protected,0.5
P0392,2001,2015,14,10-14,EV-A71,128,1,Protected,0.1
P0392,2001,2015,14,10-14,EV-D68,128,1,Protected,0.1
P0392,2001,2015,14,10-14,CVA6,256,1,Protected,0.1
P0392,2001,2015,14,10-14,CVA16,128,1,Protected,0.1
P0392,2001,2020,19,15-19,EV-A71,256,1,Protected,0.1
P0392,2001,2020,19,15-19,EV-D68,256,1,Protected,0.1
P0392,2001,2020,19,15-19,CVA6,256,1,Protected,0.1
P0392,2001,2020,19,15-19,CVA16,128,1,Protected,0.1
P0392,2001,2025,24,20-39,EV-A71,256,1,Protected,0.1
P0392,2001,2025,24,20-39,EV-D68,256,1,Protected,0.1
P0392,2001,2025,24,20-39,CVA6,512,1,Protected,0.1
P0392,2001,2025,24,20-39,CVA16,256,1,Protected,0.1
P0393,2018,2020,2,0-4,EV-A71,128,1,Protected,0.1
P0393,2018,2020,2,0-4,EV-D68,64,1,Protected,0.1
P0393,2018,2020,2,0-4,CVA6,128,1,Protected,0.1
P0393,2018,2020,2,0-4,CVA16,64,1,Protected,0.1
P0393,2018,2025,7,5-9,EV-A71,128,1,Protected,0.1
P0393,2018,2025,7,5-9,EV-D68,128,1,Protected,0.1
P0393,2018,2025,7,5-9,CVA6,256,1,Protected,0.1
P0393,2018,2025,7,5-9,CVA16,64,1,Protected,0.1
P0394,1992,2005,13,10-14,EV-A71,64,1,Protected,0.1
P0394,1992,2005,13,10-14,EV-D68,64,1,Protected,0.1
P0394,1992,2005,13,10-14,CVA6,128,1,Protected,0.1
P0394,1992,2005,13,10-14,CVA16,128,1,Protected,0.1
P0394,1992,2010,18,15-19,EV-A71,128,1,Protected,0.1
P0394,1992,2010,18,15-19,EV-D68,64,1,Protected,0.1
P0394,1992,2010,18,15-19,CVA6,128,1,Protected,0.1
P0394,1992,2010,18,15-19,CVA16,32,1,Partially protected,0.5
P0394,1992,2015,23,20-39,EV-A71,256,1,Protected,0.1
P0394,1992,2015,23,20-39,EV-D68,512,1,Protected,0.1
P0394,1992,2015,23,20-39,CVA6,512,1,Protected,0.1
P0394,1992,2015,23,20-39,CVA16,256,1,Protected,0.1
P0394,1992,2020,28,20-39,EV-A71,512,1,Protected,0.1
P0394,1992,2020,28,20-39,EV-D68,256,1,Protected,0.1
P0394,1992,2020,28,20-39,CVA6,512,1,Protected,0.1
P0394,1992,2020,28,20-39,CVA16,512,1,Protected,0.1
P0394,1992,2025,33,20-39,EV-A71,512,1,Protected,0.1
P0394,1992,2025,33,20-39,EV-D68,128,1,Protected,0.1
P0394,1992,2025,33,20-39,CVA6,512,1,Protected,0.1
P0394,1992,2025,33,20-39,CVA16,256,1,Protected,0.1
P0395,1953,2005,52,40-59,EV-A71,256,1,Protected,0.1
P0395,1953,2005,52,40-59,EV-D68,64,1,Protected,0.1
P0395,1953,2005,52,40-59,CVA6,256,1,Protected,0.1
P0395,1953,2005,52,40-59,CVA16,128,1,Protected,0.1
P0395,1953,2010,57,40-59,EV-A71,256,1,Protected,0.1
P0395,1953,2010,57,40-59,EV-D68,128,1,Protected,0.1
P0395,1953,2010,57,40-59,CVA6,256,1,Protected,0.1
P0395,1953,2010,57,40-59,CVA16,128,1,Protected,0.1
P0395,1953,2015,62,60+,EV-A71,512,1,Protected,0.1
P0395,1953,2015,62,60+,EV-D68,256,1,Protected,0.1
P0395,1953,2015,62,60+,CVA6,512,1,Protected,0.1
P0395,1953,2015,62,60+,CVA16,512,1,Protected,0.1
P0395,1953,2020,67,60+,EV-A71,256,1,Protected,0.1
P0395,1953,2020,67,60+,EV-D68,512,1,Protected,0.1
P0395,1953,2020,67,60+,CVA6,256,1,Protected,0.1
P0395,1953,2020,67,60+,CVA16,128,1,Protected,0.1
P0395,1953,2025,72,60+,EV-A71,512,1,Protected,0.1
P0395,1953,2025,72,60+,EV-D68,128,1,Protected,0.1
P0395,1953,2025,72,60+,CVA6,512,1,Protected,0.1
P0395,1953,2025,72,60+,CVA16,256,1,Protected,0.1
P0396,1964,2005,41,40-59,EV-A71,256,1,Protected,0.1
P0396,1964,2005,41,40-59,EV-D68,64,1,Protected,0.1
P0396,1964,2005,41,40-59,CVA6,256,1,Protected,0.1
P0396,1964,2005,41,40-59,CVA16,256,1,Protected,0.1
P0396,1964,2010,46,40-59,EV-A71,256,1,Protected,0.1
P0396,1964,2010,46,40-59,EV-D68,128,1,Protected,0.1
P0396,1964,2010,46,40-59,CVA6,256,1,Protected,0.1
P0396,1964,2010,46,40-59,CVA16,256,1,Protected,0.1
P0396,1964,2015,51,40-59,EV-A71,256,1,Protected,0.1
P0396,1964,2015,51,40-59,EV-D68,512,1,Protected,0.1
P0396,1964,2015,51,40-59,CVA6,256,1,Protected,0.1
P0396,1964,2015,51,40-59,CVA16,128,1,Protected,0.1
P0396,1964,2020,56,40-59,EV-A71,512,1,Protected,0.1
P0396,1964,2020,56,40-59,EV-D68,256,1,Protected,0.1
P0396,1964,2020,56,40-59,CVA6,512,1,Protected,0.1
P0396,1964,2020,56,40-59,CVA16,256,1,Protected,0.1
P0396,1964,2025,61,60+,EV-A71,256,1,Protected,0.1
P0396,1964,2025,61,60+,EV-D68,128,1,Protected,0.1
P0396,1964,2025,61,60+,CVA6,512,1,Protected,0.1
P0396,1964,2025,61,60+,CVA16,256,1,Protected,0.1
P0397,1983,2005,22,20-39,EV-A71,256,1,Protected,0.1
P0397,1983,2005,22,20-39,EV-D68,256,1,Protected,0.1
P0397,1983,2005,22,20-39,CVA6,256,1,Protected,0.1
P0397,1983,2005,22,20-39,CVA16,128,1,Protected,0.1
P0397,1983,2010,27,20-39,EV-A71,512,1,Protected,0.1
P0397,1983,2010,27,20-39,EV-D68,128,1,Protected,0.1
P0397,1983,2010,27,20-39,CVA6,256,1,Protected,0.1
P0397,1983,2010,27,20-39,CVA16,128,1,Protected,0.1
P0397,1983,2015,32,20-39,EV-A71,512,1,Protected,0.1
P0397,1983,2015,32,20-39,EV-D68,256,1,Protected,0.1
P0397,1983,2015,32,20-39,CVA6,256,1,Protected,0.1
P0397,1983,2015,32,20-39,CVA16,512,1,Protected,0.1
P0397,1983,2020,37,20-39,EV-A71,512,1,Protected,0.1
P0397,1983,2020,37,20-39,EV-D68,128,1,Protected,0.1
P0397,1983,2020,37,20-39,CVA6,512,1,Protected,0.1
P0397,1983,2020,37,20-39,CVA16,512,1,Protected,0.1
P0397,1983,2025,42,40-59,EV-A71,256,1,Protected,0.1
P0397,1983,2025,42,40-59,EV-D68,128,1,Protected,0.1
P0397,1983,2025,42,40-59,CVA6,512,1,Protected,0.1
P0397,1983,2025,42,40-59,CVA16,128,1,Protected,0.1
P0398,1972,2005,33,20-39,EV-A71,128,1,Protected,0.1
P0398,1972,2005,33,20-39,EV-D68,128,1,Protected,0.1
P0398,1972,2005,33,20-39,CVA6,256,1,Protected,0.1
P0398,1972,2005,33,20-39,CVA16,128,1,Protected,0.1
P0398,1972,2010,38,20-39,EV-A71,256,1,Protected,0.1
P0398,1972,2010,38,20-39,EV-D68,256,1,Protected,0.1
P0398,1972,2010,38,20-39,CVA6,256,1,Protected,0.1
P0398,1972,2010,38,20-39,CVA16,128,1,Protected,0.1
P0398,1972,2015,43,40-59,EV-A71,512,1,Protected,0.1
P0398,1972,2015,43,40-59,EV-D68,512,1,Protected,0.1
P0398,1972,2015,43,40-59,CVA6,512,1,Protected,0.1
P0398,1972,2015,43,40-59,CVA16,256,1,Protected,0.1
P0398,1972,2020,48,40-59,EV-A71,512,1,Protected,0.1
P0398,1972,2020,48,40-59,EV-D68,128,1,Protected,0.1
P0398,1972,2020,48,40-59,CVA6,512,1,Protected,0.1
P0398,1972,2020,48,40-59,CVA16,256,1,Protected,0.1
P0398,1972,2025,53,40-59,EV-A71,256,1,Protected,0.1
P0398,1972,2025,53,40-59,EV-D68,256,1,Protected,0.1
P0398,1972,2025,53,40-59,CVA6,256,1,Protected,0.1
P0398,1972,2025,53,40-59,CVA16,128,1,Protected,0.1
P0399,1983,2005,22,20-39,EV-A71,256,1,Protected,0.1
P0399,1983,2005,22,20-39,EV-D68,64,1,Protected,0.1
P0399,1983,2005,22,20-39,CVA6,256,1,Protected,0.1
P0399,1983,2005,22,20-39,CVA16,128,1,Protected,0.1
P0399,1983,2010,27,20-39,EV-A71,256,1,Protected,0.1
P0399,1983,2010,27,20-39,EV-D68,128,1,Protected,0.1
P0399,1983,2010,27,20-39,CVA6,256,1,Protected,0.1
P0399,1983,2010,27,20-39,CVA16,256,1,Protected,0.1
P0399,1983,2015,32,20-39,EV-A71,512,1,Protected,0.1
P0399,1983,2015,32,20-39,EV-D68,128,1,Protected,0.1
P0399,1983,2015,32,20-39,CVA6,512,1,Protected,0.1
P0399,1983,2015,32,20-39,CVA16,256,1,Protected,0.1
P0399,1983,2020,37,20-39,EV-A71,512,1,Protected,0.1
P0399,1983,2020,37,20-39,EV-D68,256,1,Protected,0.1
P0399,1983,2020,37,20-39,CVA6,512,1,Protected,0.1
P0399,1983,2020,37,20-39,CVA16,128,1,Protected,0.1
P0399,1983,2025,42,40-59,EV-A71,256,1,Protected,0.1
P0399,1983,2025,42,40-59,EV-D68,256,1,Protected,0.1
P0399,1983,2025,42,40-59,CVA6,512,1,Protected,0.1
P0399,1983,2025,42,40-59,CVA16,256,1,Protected,0.1
P0400,1954,2005,51,40-59,EV-A71,256,1,Protected,0.1
P0400,1954,2005,51,40-59,EV-D68,128,1,Protected,0.1
P0400,1954,2005,51,40-59,CVA6,128,1,Protected,0.1
P0400,1954,2005,51,40-59,CVA16,128,1,Protected,0.1
P0400,1954,2010,56,40-59,EV-A71,512,1,Protected,0.1
P0400,1954,2010,56,40-59,EV-D68,128,1,Protected,0.1
P0400,1954,2010,56,40-59,CVA6,256,1,Protected,0.1
P0400,1954,2010,56,40-59,CVA16,128,1,Protected,0.1
P0400,1954,2015,61,60+,EV-A71,512,1,Protected,0.1
P0400,1954,2015,61,60+,EV-D68,256,1,Protected,0.1
P0400,1954,2015,61,60+,CVA6,256,1,Protected,0.1
P0400,1954,2015,61,60+,CVA16,256,1,Protected,0.1
P0400,1954,2020,66,60+,EV-A71,256,1,Protected,0.1
P0400,1954,2020,66,60+,EV-D68,128,1,Protected,0.1
P0400,1954,2020,66,60+,CVA6,512,1,Protected,0.1
P0400,1954,2020,66,60+,CVA16,256,1,Protected,0.1
P0400,1954,2025,71,60+,EV-A71,512,1,Protected,0.1
P0400,1954,2025,71,60+,EV-D68,512,1,Protected,0.1
P0400,1954,2025,71,60+,CVA6,512,1,Protected,0.1
P0400,1954,2025,71,60+,CVA16,512,1,Protected,0.1
P0401,1963,2005,42,40-59,EV-A71,256,1,Protected,0.1
P0401,1963,2005,42,40-59,EV-D68,64,1,Protected,0.1
P0401,1963,2005,42,40-59,CVA6,256,1,Protected,0.1
P0401,1963,2005,42,40-59,CVA16,128,1,Protected,0.1
P0401,1963,2010,47,40-59,EV-A71,256,1,Protected,0.1
P0401,1963,2010,47,40-59,EV-D68,256,1,Protected,0.1
P0401,1963,2010,47,40-59,CVA6,512,1,Protected,0.1
P0401,1963,2010,47,40-59,CVA16,256,1,Protected,0.1
P0401,1963,2015,52,40-59,EV-A71,512,1,Protected,0.1
P0401,1963,2015,52,40-59,EV-D68,256,1,Protected,0.1
P0401,1963,2015,52,40-59,CVA6,256,1,Protected,0.1
P0401,1963,2015,52,40-59,CVA16,512,1,Protected,0.1
P0401,1963,2020,57,40-59,EV-A71,256,1,Protected,0.1
P0401,1963,2020,57,40-59,EV-D68,256,1,Protected,0.1
P0401,1963,2020,57,40-59,CVA6,512,1,Protected,0.1
P0401,1963,2020,57,40-59,CVA16,256,1,Protected,0.1
P0401,1963,2025,62,60+,EV-A71,512,1,Protected,0.1
P0401,1963,2025,62,60+,EV-D68,128,1,Protected,0.1
P0401,1963,2025,62,60+,CVA6,512,1,Protected,0.1
P0401,1963,2025,62,60+,CVA16,256,1,Protected,0.1
P0402,2005,2005,0,0-4,EV-A71,64,1,Protected,0.1
P0402,2005,2005,0,0-4,EV-D68,16,0,Susceptible,1.0
P0402,2005,2005,0,0-4,CVA6,64,1,Protected,0.1
P0402,2005,2005,0,0-4,CVA16,64,1,Protected,0.1
P0402,2005,2010,5,5-9,EV-A71,64,1,Protected,0.1
P0402,2005,2010,5,5-9,EV-D68,32,1,Partially protected,0.5
P0402,2005,2010,5,5-9,CVA6,64,1,Protected,0.1
P0402,2005,2010,5,5-9,CVA16,16,0,Susceptible,1.0
P0402,2005,2015,10,10-14,EV-A71,256,1,Protected,0.1
P0402,2005,2015,10,10-14,EV-D68,128,1,Protected,0.1
P0402,2005,2015,10,10-14,CVA6,256,1,Protected,0.1
P0402,2005,2015,10,10-14,CVA16,128,1,Protected,0.1
P0402,2005,2020,15,15-19,EV-A71,256,1,Protected,0.1
P0402,2005,2020,15,15-19,EV-D68,128,1,Protected,0.1
P0402,2005,2020,15,15-19,CVA6,256,1,Protected,0.1
P0402,2005,2020,15,15-19,CVA16,256,1,Protected,0.1
P0402,2005,2025,20,20-39,EV-A71,512,1,Protected,0.1
P0402,2005,2025,20,20-39,EV-D68,512,1,Protected,0.1
P0402,2005,2025,20,20-39,CVA6,512,1,Protected,0.1
P0402,2005,2025,20,20-39,CVA16,512,1,Protected,0.1
P0403,1994,2005,11,10-14,EV-A71,128,1,Protected,0.1
P0403,1994,2005,11,10-14,EV-D68,64,1,Protected,0.1
P0403,1994,2005,11,10-14,CVA6,128,1,Protected,0.1
P0403,1994,2005,11,10-14,CVA16,64,1,Protected,0.1
P0403,1994,2010,16,15-19,EV-A71,128,1,Protected,0.1
P0403,1994,2010,16,15-19,EV-D68,64,1,Protected,0.1
P0403,1994,2010,16,15-19,CVA6,128,1,Protected,0.1
P0403,1994,2010,16,15-19,CVA16,64,1,Protected,0.1
P0403,1994,2015,21,20-39,EV-A71,512,1,Protected,0.1
P0403,1994,2015,21,20-39,EV-D68,256,1,Protected,0.1
P0403,1994,2015,21,20-39,CVA6,512,1,Protected,0.1
P0403,1994,2015,21,20-39,CVA16,128,1,Protected,0.1
P0403,1994,2020,26,20-39,EV-A71,512,1,Protected,0.1
P0403,1994,2020,26,20-39,EV-D68,256,1,Protected,0.1
P0403,1994,2020,26,20-39,CVA6,512,1,Protected,0.1
P0403,1994,2020,26,20-39,CVA16,256,1,Protected,0.1
P0403,1994,2025,31,20-39,EV-A71,512,1,Protected,0.1
P0403,1994,2025,31,20-39,EV-D68,512,1,Protected,0.1
P0403,1994,2025,31,20-39,CVA6,512,1,Protected,0.1
P0403,1994,2025,31,20-39,CVA16,128,1,Protected,0.1
P0404,1990,2005,15,15-19,EV-A71,128,1,Protected,0.1
P0404,1990,2005,15,15-19,EV-D68,64,1,Protected,0.1
P0404,1990,2005,15,15-19,CVA6,128,1,Protected,0.1
P0404,1990,2005,15,15-19,CVA16,64,1,Protected,0.1
P0404,1990,2010,20,20-39,EV-A71,256,1,Protected,0.1
P0404,1990,2010,20,20-39,EV-D68,256,1,Protected,0.1
P0404,1990,2010,20,20-39,CVA6,128,1,Protected,0.1
P0404,1990,2010,20,20-39,CVA16,64,1,Protected,0.1
P0404,1990,2015,25,20-39,EV-A71,512,1,Protected,0.1
P0404,1990,2015,25,20-39,EV-D68,256,1,Protected,0.1
P0404,1990,2015,25,20-39,CVA6,512,1,Protected,0.1
P0404,1990,2015,25,20-39,CVA16,256,1,Protected,0.1
P0404,1990,2020,30,20-39,EV-A71,512,1,Protected,0.1
P0404,1990,2020,30,20-39,EV-D68,512,1,Protected,0.1
P0404,1990,2020,30,20-39,CVA6,256,1,Protected,0.1
P0404,1990,2020,30,20-39,CVA16,128,1,Protected,0.1
P0404,1990,2025,35,20-39,EV-A71,512,1,Protected,0.1
P0404,1990,2025,35,20-39,EV-D68,256,1,Protected,0.1
P0404,1990,2025,35,20-39,CVA6,256,1,Protected,0.1
P0404,1990,2025,35,20-39,CVA16,512,1,Protected,0.1
P0405,2005,2005,0,0-4,EV-A71,64,1,Protected,0.1
P0405,2005,2005,0,0-4,EV-D68,16,0,Susceptible,1.0
P0405,2005,2005,0,0-4,CVA6,128,1,Protected,0.1
P0405,2005,2005,0,0-4,CVA16,32,1,Partially protected,0.5
P0405,2005,2010,5,5-9,EV-A71,64,1,Protected,0.1
P0405,2005,2010,5,5-9,EV-D68,32,1,Partially protected,0.5
P0405,2005,2010,5,5-9,CVA6,64,1,Protected,0.1
P0405,2005,2010,5,5-9,CVA16,32,1,Partially protected,0.5
P0405,2005,2015,10,10-14,EV-A71,128,1,Protected,0.1
P0405,2005,2015,10,10-14,EV-D68,256,1,Protected,0.1
P0405,2005,2015,10,10-14,CVA6,256,1,Protected,0.1
P0405,2005,2015,10,10-14,CVA16,128,1,Protected,0.1
P0405,2005,2020,15,15-19,EV-A71,512,1,Protected,0.1
P0405,2005,2020,15,15-19,EV-D68,256,1,Protected,0.1
P0405,2005,2020,15,15-19,CVA6,128,1,Protected,0.1
P0405,2005,2020,15,15-19,CVA16,64,1,Protected,0.1
P0405,2005,2025,20,20-39,EV-A71,512,1,Protected,0.1
P0405,2005,2025,20,20-39,EV-D68,256,1,Protected,0.1
P0405,2005,2025,20,20-39,CVA6,256,1,Protected,0.1
P0405,2005,2025,20,20-39,CVA16,128,1,Protected,0.1
P0406,2015,2015,0,0-4,EV-A71,256,1,Protected,0.1
P0406,2015,2015,0,0-4,EV-D68,128,1,Protected,0.1
P0406,2015,2015,0,0-4,CVA6,64,1,Protected,0.1
P0406,2015,2015,0,0-4,CVA16,128,1,Protected,0.1
P0406,2015,2020,5,5-9,EV-A71,64,1,Protected,0.1
P0406,2015,2020,5,5-9,EV-D68,128,1,Protected,0.1
P0406,2015,2020,5,5-9,CVA6,64,1,Protected,0.1
P0406,2015,2020,5,5-9,CVA16,64,1,Protected,0.1
P0406,2015,2025,10,10-14,EV-A71,128,1,Protected,0.1
P0406,2015,2025,10,10-14,EV-D68,128,1,Protected,0.1
P0406,2015,2025,10,10-14,CVA6,256,1,Protected,0.1
P0406,2015,2025,10,10-14,CVA16,128,1,Protected,0.1
P0407,1964,2005,41,40-59,EV-A71,256,1,Protected,0.1
P0407,1964,2005,41,40-59,EV-D68,128,1,Protected,0.1
P0407,1964,2005,41,40-59,CVA6,512,1,Protected,0.1
P0407,1964,2005,41,40-59,CVA16,128,1,Protected,0.1
P0407,1964,2010,46,40-59,EV-A71,128,1,Protected,0.1
P0407,1964,2010,46,40-59,EV-D68,128,1,Protected,0.1
P0407,1964,2010,46,40-59,CVA6,256,1,Protected,0.1
P0407,1964,2010,46,40-59,CVA16,128,1,Protected,0.1
P0407,1964,2015,51,40-59,EV-A71,512,1,Protected,0.1
P0407,1964,2015,51,40-59,EV-D68,128,1,Protected,0.1
P0407,1964,2015,51,40-59,CVA6,512,1,Protected,0.1
P0407,1964,2015,51,40-59,CVA16,256,1,Protected,0.1
P0407,1964,2020,56,40-59,EV-A71,512,1,Protected,0.1
P0407,1964,2020,56,40-59,EV-D68,128,1,Protected,0.1
P0407,1964,2020,56,40-59,CVA6,512,1,Protected,0.1
P0407,1964,2020,56,40-59,CVA16,256,1,Protected,0.1
P0407,1964,2025,61,60+,EV-A71,512,1,Protected,0.1
P0407,1964,2025,61,60+,EV-D68,256,1,Protected,0.1
P0407,1964,2025,61,60+,CVA6,512,1,Protected,0.1
P0407,1964,2025,61,60+,CVA16,256,1,Protected,0.1
P0408,1999,2005,6,5-9,EV-A71,32,1,Partially protected,0.5
P0408,1999,2005,6,5-9,EV-D68,32,1,Partially protected,0.5
P0408,1999,2005,6,5-9,CVA6,64,1,Protected,0.1
P0408,1999,2005,6,5-9,CVA16,32,1,Partially protected,0.5
P0408,1999,2010,11,10-14,EV-A71,128,1,Protected,0.1
P0408,1999,2010,11,10-14,EV-D68,64,1,Protected,0.1
P0408,1999,2010,11,10-14,CVA6,128,1,Protected,0.1
P0408,1999,2010,11,10-14,CVA16,128,1,Protected,0.1
P0408,1999,2015,16,15-19,EV-A71,256,1,Protected,0.1
P0408,1999,2015,16,15-19,EV-D68,128,1,Protected,0.1
P0408,1999,2015,16,15-19,CVA6,256,1,Protected,0.1
P0408,1999,2015,16,15-19,CVA16,128,1,Protected,0.1
P0408,1999,2020,21,20-39,EV-A71,512,1,Protected,0.1
P0408,1999,2020,21,20-39,EV-D68,256,1,Protected,0.1
P0408,1999,2020,21,20-39,CVA6,512,1,Protected,0.1
P0408,1999,2020,21,20-39,CVA16,512,1,Protected,0.1
P0408,1999,2025,26,20-39,EV-A71,512,1,Protected,0.1
P0408,1999,2025,26,20-39,EV-D68,128,1,Protected,0.1
P0408,1999,2025,26,20-39,CVA6,512,1,Protected,0.1
P0408,1999,2025,26,20-39,CVA16,256,1,Protected,0.1
P0409,1974,2005,31,20-39,EV-A71,128,1,Protected,0.1
P0409,1974,2005,31,20-39,EV-D68,256,1,Protected,0.1
P0409,1974,2005,31,20-39,CVA6,128,1,Protected,0.1
P0409,1974,2005,31,20-39,CVA16,64,1,Protected,0.1
P0409,1974,2010,36,20-39,EV-A71,256,1,Protected,0.1
P0409,1974,2010,36,20-39,EV-D68,128,1,Protected,0.1
P0409,1974,2010,36,20-39,CVA6,256,1,Protected,0.1
P0409,1974,2010,36,20-39,CVA16,128,1,Protected,0.1
P0409,1974,2015,41,40-59,EV-A71,512,1,Protected,0.1
P0409,1974,2015,41,40-59,EV-D68,128,1,Protected,0.1
P0409,1974,2015,41,40-59,CVA6,512,1,Protected,0.1
P0409,1974,2015,41,40-59,CVA16,128,1,Protected,0.1
P0409,1974,2020,46,40-59,EV-A71,512,1,Protected,0.1
P0409,1974,2020,46,40-59,EV-D68,512,1,Protected,0.1
P0409,1974,2020,46,40-59,CVA6,256,1,Protected,0.1
P0409,1974,2020,46,40-59,CVA16,512,1,Protected,0.1
P0409,1974,2025,51,40-59,EV-A71,512,1,Protected,0.1
P0409,1974,2025,51,40-59,EV-D68,256,1,Protected,0.1
P0409,1974,2025,51,40-59,CVA6,512,1,Protected,0.1
P0409,1974,2025,51,40-59,CVA16,512,1,Protected,0.1
P0410,1982,2005,23,20-39,EV-A71,256,1,Protected,0.1
P0410,1982,2005,23,20-39,EV-D68,128,1,Protected,0.1
P0410,1982,2005,23,20-39,CVA6,256,1,Protected,0.1
P0410,1982,2005,23,20-39,CVA16,64,1,Protected,0.1
P0410,1982,2010,28,20-39,EV-A71,256,1,Protected,0.1
P0410,1982,2010,28,20-39,EV-D68,256,1,Protected,0.1
P0410,1982,2010,28,20-39,CVA6,512,1,Protected,0.1
P0410,1982,2010,28,20-39,CVA16,128,1,Protected,0.1
P0410,1982,2015,33,20-39,EV-A71,512,1,Protected,0.1
P0410,1982,2015,33,20-39,EV-D68,256,1,Protected,0.1
P0410,1982,2015,33,20-39,CVA6,512,1,Protected,0.1
P0410,1982,2015,33,20-39,CVA16,512,1,Protected,0.1
P0410,1982,2020,38,20-39,EV-A71,512,1,Protected,0.1
P0410,1982,2020,38,20-39,EV-D68,512,1,Protected,0.1
P0410,1982,2020,38,20-39,CVA6,512,1,Protected,0.1
P0410,1982,2020,38,20-39,CVA16,256,1,Protected,0.1
P0410,1982,2025,43,40-59,EV-A71,512,1,Protected,0.1
P0410,1982,2025,43,40-59,EV-D68,256,1,Protected,0.1
P0410,1982,2025,43,40-59,CVA6,512,1,Protected,0.1
P0410,1982,2025,43,40-59,CVA16,128,1,Protected,0.1
P0411,1955,2005,50,40-59,EV-A71,128,1,Protected,0.1
P0411,1955,2005,50,40-59,EV-D68,256,1,Protected,0.1
P0411,1955,2005,50,40-59,CVA6,256,1,Protected,0.1
P0411,1955,2005,50,40-59,CVA16,128,1,Protected,0.1
P0411,1955,2010,55,40-59,EV-A71,256,1,Protected,0.1
P0411,1955,2010,55,40-59,EV-D68,256,1,Protected,0.1
P0411,1955,2010,55,40-59,CVA6,512,1,Protected,0.1
P0411,1955,2010,55,40-59,CVA16,128,1,Protected,0.1
P0411,1955,2015,60,60+,EV-A71,512,1,Protected,0.1
P0411,1955,2015,60,60+,EV-D68,128,1,Protected,0.1
P0411,1955,2015,60,60+,CVA6,512,1,Protected,0.1
P0411,1955,2015,60,60+,CVA16,512,1,Protected,0.1
P0411,1955,2020,65,60+,EV-A71,512,1,Protected,0.1
P0411,1955,2020,65,60+,EV-D68,512,1,Protected,0.1
P0411,1955,2020,65,60+,CVA6,512,1,Protected,0.1
P0411,1955,2020,65,60+,CVA16,256,1,Protected,0.1
P0411,1955,2025,70,60+,EV-A71,256,1,Protected,0.1
P0411,1955,2025,70,60+,EV-D68,128,1,Protected,0.1
P0411,1955,2025,70,60+,CVA6,512,1,Protected,0.1
P0411,1955,2025,70,60+,CVA16,512,1,Protected,0.1
P0412,2005,2005,0,0-4,EV-A71,64,1,Protected,0.1
P0412,2005,2005,0,0-4,EV-D68,32,1,Partially protected,0.5
P0412,2005,2005,0,0-4,CVA6,64,1,Protected,0.1
P0412,2005,2005,0,0-4,CVA16,32,1,Partially protected,0.5
P0412,2005,2010,5,5-9,EV-A71,128,1,Protected,0.1
P0412,2005,2010,5,5-9,EV-D68,16,0,Susceptible,1.0
P0412,2005,2010,5,5-9,CVA6,32,1,Partially protected,0.5
P0412,2005,2010,5,5-9,CVA16,32,1,Partially protected,0.5
P0412,2005,2015,10,10-14,EV-A71,256,1,Protected,0.1
P0412,2005,2015,10,10-14,EV-D68,256,1,Protected,0.1
P0412,2005,2015,10,10-14,CVA6,256,1,Protected,0.1
P0412,2005,2015,10,10-14,CVA16,64,1,Protected,0.1
P0412,2005,2020,15,15-19,EV-A71,128,1,Protected,0.1
P0412,2005,2020,15,15-19,EV-D68,64,1,Protected,0.1
P0412,2005,2020,15,15-19,CVA6,256,1,Protected,0.1
P0412,2005,2020,15,15-19,CVA16,128,1,Protected,0.1
P0412,2005,2025,20,20-39,EV-A71,512,1,Protected,0.1
P0412,2005,2025,20,20-39,EV-D68,128,1,Protected,0.1
P0412,2005,2025,20,20-39,CVA6,512,1,Protected,0.1
P0412,2005,2025,20,20-39,CVA16,256,1,Protected,0.1
P0413,1950,2005,55,40-59,EV-A71,256,1,Protected,0.1
P0413,1950,2005,55,40-59,EV-D68,256,1,Protected,0.1
P0413,1950,2005,55,40-59,CVA6,512,1,Protected,0.1
P0413,1950,2005,55,40-59,CVA16,256,1,Protected,0.1
P0413,1950,2010,60,60+,EV-A71,512,1,Protected,0.1
P0413,1950,2010,60,60+,EV-D68,128,1,Protected,0.1
P0413,1950,2010,60,60+,CVA6,256,1,Protected,0.1
P0413,1950,2010,60,60+,CVA16,128,1,Protected,0.1
P0413,1950,2015,65,60+,EV-A71,512,1,Protected,0.1
P0413,1950,2015,65,60+,EV-D68,512,1,Protected,0.1
P0413,1950,2015,65,60+,CVA6,512,1,Protected,0.1
P0413,1950,2015,65,60+,CVA16,256,1,Protected,0.1
P0413,1950,2020,70,60+,EV-A71,512,1,Protected,0.1
P0413,1950,2020,70,60+,EV-D68,256,1,Protected,0.1
P0413,1950,2020,70,60+,CVA6,256,1,Protected,0.1
P0413,1950,2020,70,60+,CVA16,256,1,Protected,0.1
P0413,1950,2025,75,60+,EV-A71,512,1,Protected,0.1
P0413,1950,2025,75,60+,EV-D68,512,1,Protected,0.1
P0413,1950,2025,75,60+,CVA6,512,1,Protected,0.1
P0413,1950,2025,75,60+,CVA16,256,1,Protected,0.1
P0414,2016,2020,4,0-4,EV-A71,128,1,Protected,0.1
P0414,2016,2020,4,0-4,EV-D68,32,1,Partially protected,0.5
P0414,2016,2020,4,0-4,CVA6,128,1,Protected,0.1
P0414,2016,2020,4,0-4,CVA16,64,1,Protected,0.1
P0414,2016,2025,9,5-9,EV-A71,128,1,Protected,0.1
P0414,2016,2025,9,5-9,EV-D68,32,1,Partially protected,0.5
P0414,2016,2025,9,5-9,CVA6,64,1,Protected,0.1
P0414,2016,2025,9,5-9,CVA16,32,1,Partially protected,0.5
P0415,2018,2020,2,0-4,EV-A71,128,1,Protected,0.1
P0415,2018,2020,2,0-4,EV-D68,64,1,Protected,0.1
P0415,2018,2020,2,0-4,CVA6,128,1,Protected,0.1
P0415,2018,2020,2,0-4,CVA16,64,1,Protected,0.1
P0415,2018,2025,7,5-9,EV-A71,128,1,Protected,0.1
P0415,2018,2025,7,5-9,EV-D68,32,1,Partially protected,0.5
P0415,2018,2025,7,5-9,CVA6,128,1,Protected,0.1
P0415,2018,2025,7,5-9,CVA16,128,1,Protected,0.1
P0416,1975,2005,30,20-39,EV-A71,256,1,Protected,0.1
P0416,1975,2005,30,20-39,EV-D68,256,1,Protected,0.1
P0416,1975,2005,30,20-39,CVA6,512,1,Protected,0.1
P0416,1975,2005,30,20-39,CVA16,256,1,Protected,0.1
P0416,1975,2010,35,20-39,EV-A71,256,1,Protected,0.1
P0416,1975,2010,35,20-39,EV-D68,128,1,Protected,0.1
P0416,1975,2010,35,20-39,CVA6,512,1,Protected,0.1
P0416,1975,2010,35,20-39,CVA16,128,1,Protected,0.1
P0416,1975,2015,40,40-59,EV-A71,512,1,Protected,0.1
P0416,1975,2015,40,40-59,EV-D68,256,1,Protected,0.1
P0416,1975,2015,40,40-59,CVA6,512,1,Protected,0.1
P0416,1975,2015,40,40-59,CVA16,256,1,Protected,0.1
P0416,1975,2020,45,40-59,EV-A71,512,1,Protected,0.1
P0416,1975,2020,45,40-59,EV-D68,256,1,Protected,0.1
P0416,1975,2020,45,40-59,CVA6,512,1,Protected,0.1
P0416,1975,2020,45,40-59,CVA16,256,1,Protected,0.1
P0416,1975,2025,50,40-59,EV-A71,512,1,Protected,0.1
P0416,1975,2025,50,40-59,EV-D68,256,1,Protected,0.1
P0416,1975,2025,50,40-59,CVA6,512,1,Protected,0.1
P0416,1975,2025,50,40-59,CVA16,512,1,Protected,0.1
P0417,1996,2005,9,5-9,EV-A71,128,1,Protected,0.1
P0417,1996,2005,9,5-9,EV-D68,16,0,Susceptible,1.0
P0417,1996,2005,9,5-9,CVA6,64,1,Protected,0.1
P0417,1996,2005,9,5-9,CVA16,32,1,Partially protected,0.5
P0417,1996,2010,14,10-14,EV-A71,128,1,Protected,0.1
P0417,1996,2010,14,10-14,EV-D68,32,1,Partially protected,0.5
P0417,1996,2010,14,10-14,CVA6,128,1,Protected,0.1
P0417,1996,2010,14,10-14,CVA16,128,1,Protected,0.1
P0417,1996,2015,19,15-19,EV-A71,256,1,Protected,0.1
P0417,1996,2015,19,15-19,EV-D68,64,1,Protected,0.1
P0417,1996,2015,19,15-19,CVA6,512,1,Protected,0.1
P0417,1996,2015,19,15-19,CVA16,128,1,Protected,0.1
P0417,1996,2020,24,20-39,EV-A71,256,1,Protected,0.1
P0417,1996,2020,24,20-39,EV-D68,128,1,Protected,0.1
P0417,1996,2020,24,20-39,CVA6,512,1,Protected,0.1
P0417,1996,2020,24,20-39,CVA16,512,1,Protected,0.1
P0417,1996,2025,29,20-39,EV-A71,512,1,Protected,0.1
P0417,1996,2025,29,20-39,EV-D68,128,1,Protected,0.1
P0417,1996,2025,29,20-39,CVA6,512,1,Protected,0.1
P0417,1996,2025,29,20-39,CVA16,256,1,Protected,0.1
P0418,2005,2005,0,0-4,EV-A71,32,1,Partially protected,0.5
P0418,2005,2005,0,0-4,EV-D68,32,1,Partially protected,0.5
P0418,2005,2005,0,0-4,CVA6,64,1,Protected,0.1
P0418,2005,2005,0,0-4,CVA16,32,1,Partially protected,0.5
P0418,2005,2010,5,5-9,EV-A71,64,1,Protected,0.1
P0418,2005,2010,5,5-9,EV-D68,32,1,Partially protected,0.5
P0418,2005,2010,5,5-9,CVA6,64,1,Protected,0.1
P0418,2005,2010,5,5-9,CVA16,16,0,Susceptible,1.0
P0418,2005,2015,10,10-14,EV-A71,256,1,Protected,0.1
P0418,2005,2015,10,10-14,EV-D68,128,1,Protected,0.1
P0418,2005,2015,10,10-14,CVA6,512,1,Protected,0.1
P0418,2005,2015,10,10-14,CVA16,128,1,Protected,0.1
P0418,2005,2020,15,15-19,EV-A71,128,1,Protected,0.1
P0418,2005,2020,15,15-19,EV-D68,128,1,Protected,0.1
P0418,2005,2020,15,15-19,CVA6,256,1,Protected,0.1
P0418,2005,2020,15,15-19,CVA16,128,1,Protected,0.1
P0418,2005,2025,20,20-39,EV-A71,512,1,Protected,0.1
P0418,2005,2025,20,20-39,EV-D68,256,1,Protected,0.1
P0418,2005,2025,20,20-39,CVA6,256,1,Protected,0.1
P0418,2005,2025,20,20-39,CVA16,128,1,Protected,0.1
P0419,1958,2005,47,40-59,EV-A71,512,1,Protected,0.1
P0419,1958,2005,47,40-59,EV-D68,128,1,Protected,0.1
P0419,1958,2005,47,40-59,CVA6,128,1,Protected,0.1
P0419,1958,2005,47,40-59,CVA16,64,1,Protected,0.1
P0419,1958,2010,52,40-59,EV-A71,256,1,Protected,0.1
P0419,1958,2010,52,40-59,EV-D68,128,1,Protected,0.1
P0419,1958,2010,52,40-59,CVA6,512,1,Protected,0.1
P0419,1958,2010,52,40-59,CVA16,128,1,Protected,0.1
P0419,1958,2015,57,40-59,EV-A71,512,1,Protected,0.1
P0419,1958,2015,57,40-59,EV-D68,256,1,Protected,0.1
P0419,1958,2015,57,40-59,CVA6,512,1,Protected,0.1
P0419,1958,2015,57,40-59,CVA16,256,1,Protected,0.1
P0419,1958,2020,62,60+,EV-A71,512,1,Protected,0.1
P0419,1958,2020,62,60+,EV-D68,512,1,Protected,0.1
P0419,1958,2020,62,60+,CVA6,512,1,Protected,0.1
P0419,1958,2020,62,60+,CVA16,256,1,Protected,0.1
P0419,1958,2025,67,60+,EV-A71,512,1,Protected,0.1
P0419,1958,2025,67,60+,EV-D68,256,1,Protected,0.1
P0419,1958,2025,67,60+,CVA6,512,1,Protected,0.1
P0419,1958,2025,67,60+,CVA16,256,1,Protected,0.1
P0420,1992,2005,13,10-14,EV-A71,128,1,Protected,0.1
P0420,1992,2005,13,10-14,EV-D68,64,1,Protected,0.1
P0420,1992,2005,13,10-14,CVA6,64,1,Protected,0.1
P0420,1992,2005,13,10-14,CVA16,128,1,Protected,0.1
P0420,1992,2010,18,15-19,EV-A71,256,1,Protected,0.1
P0420,1992,2010,18,15-19,EV-D68,64,1,Protected,0.1
P0420,1992,2010,18,15-19,CVA6,128,1,Protected,0.1
P0420,1992,2010,18,15-19,CVA16,64,1,Protected,0.1
P0420,1992,2015,23,20-39,EV-A71,512,1,Protected,0.1
P0420,1992,2015,23,20-39,EV-D68,256,1,Protected,0.1
P0420,1992,2015,23,20-39,CVA6,512,1,Protected,0.1
P0420,1992,2015,23,20-39,CVA16,128,1,Protected,0.1
P0420,1992,2020,28,20-39,EV-A71,512,1,Protected,0.1
P0420,1992,2020,28,20-39,EV-D68,256,1,Protected,0.1
P0420,1992,2020,28,20-39,CVA6,256,1,Protected,0.1
P0420,1992,2020,28,20-39,CVA16,256,1,Protected,0.1
P0420,1992,2025,33,20-39,EV-A71,256,1,Protected,0.1
P0420,1992,2025,33,20-39,EV-D68,512,1,Protected,0.1
P0420,1992,2025,33,20-39,CVA6,512,1,Protected,0.1
P0420,1992,2025,33,20-39,CVA16,512,1,Protected,0.1
P0421,1990,2005,15,15-19,EV-A71,64,1,Protected,0.1
P0421,1990,2005,15,15-19,EV-D68,128,1,Protected,0.1
P0421,1990,2005,15,15-19,CVA6,64,1,Protected,0.1
P0421,1990,2005,15,15-19,CVA16,64,1,Protected,0.1
P0421,1990,2010,20,20-39,EV-A71,512,1,Protected,0.1
P0421,1990,2010,20,20-39,EV-D68,256,1,Protected,0.1
P0421,1990,2010,20,20-39,CVA6,512,1,Protected,0.1
P0421,1990,2010,20,20-39,CVA16,64,1,Protected,0.1
P0421,1990,2015,25,20-39,EV-A71,512,1,Protected,0.1
P0421,1990,2015,25,20-39,EV-D68,512,1,Protected,0.1
P0421,1990,2015,25,20-39,CVA6,512,1,Protected,0.1
P0421,1990,2015,25,20-39,CVA16,256,1,Protected,0.1
P0421,1990,2020,30,20-39,EV-A71,512,1,Protected,0.1
P0421,1990,2020,30,20-39,EV-D68,128,1,Protected,0.1
P0421,1990,2020,30,20-39,CVA6,256,1,Protected,0.1
P0421,1990,2020,30,20-39,CVA16,512,1,Protected,0.1
P0421,1990,2025,35,20-39,EV-A71,512,1,Protected,0.1
P0421,1990,2025,35,20-39,EV-D68,128,1,Protected,0.1
P0421,1990,2025,35,20-39,CVA6,512,1,Protected,0.1
P0421,1990,2025,35,20-39,CVA16,256,1,Protected,0.1
P0422,1965,2005,40,40-59,EV-A71,256,1,Protected,0.1
P0422,1965,2005,40,40-59,EV-D68,256,1,Protected,0.1
P0422,1965,2005,40,40-59,CVA6,256,1,Protected,0.1
P0422,1965,2005,40,40-59,CVA16,64,1,Protected,0.1
P0422,1965,2010,45,40-59,EV-A71,512,1,Protected,0.1
P0422,1965,2010,45,40-59,EV-D68,256,1,Protected,0.1
P0422,1965,2010,45,40-59,CVA6,256,1,Protected,0.1
P0422,1965,2010,45,40-59,CVA16,128,1,Protected,0.1
P0422,1965,2015,50,40-59,EV-A71,512,1,Protected,0.1
P0422,1965,2015,50,40-59,EV-D68,128,1,Protected,0.1
P0422,1965,2015,50,40-59,CVA6,512,1,Protected,0.1
P0422,1965,2015,50,40-59,CVA16,128,1,Protected,0.1
P0422,1965,2020,55,40-59,EV-A71,512,1,Protected,0.1
P0422,1965,2020,55,40-59,EV-D68,256,1,Protected,0.1
P0422,1965,2020,55,40-59,CVA6,512,1,Protected,0.1
P0422,1965,2020,55,40-59,CVA16,256,1,Protected,0.1
P0422,1965,2025,60,60+,EV-A71,256,1,Protected,0.1
P0422,1965,2025,60,60+,EV-D68,512,1,Protected,0.1
P0422,1965,2025,60,60+,CVA6,512,1,Protected,0.1
P0422,1965,2025,60,60+,CVA16,256,1,Protected,0.1
P0423,1988,2005,17,15-19,EV-A71,128,1,Protected,0.1
P0423,1988,2005,17,15-19,EV-D68,32,1,Partially protected,0.5
P0423,1988,2005,17,15-19,CVA6,64,1,Protected,0.1
P0423,1988,2005,17,15-19,CVA16,32,1,Partially protected,0.5
P0423,1988,2010,22,20-39,EV-A71,512,1,Protected,0.1
P0423,1988,2010,22,20-39,EV-D68,128,1,Protected,0.1
P0423,1988,2010,22,20-39,CVA6,256,1,Protected,0.1
P0423,1988,2010,22,20-39,CVA16,128,1,Protected,0.1
P0423,1988,2015,27,20-39,EV-A71,512,1,Protected,0.1
P0423,1988,2015,27,20-39,EV-D68,256,1,Protected,0.1
P0423,1988,2015,27,20-39,CVA6,256,1,Protected,0.1
P0423,1988,2015,27,20-39,CVA16,256,1,Protected,0.1
P0423,1988,2020,32,20-39,EV-A71,512,1,Protected,0.1
P0423,1988,2020,32,20-39,EV-D68,256,1,Protected,0.1
P0423,1988,2020,32,20-39,CVA6,512,1,Protected,0.1
P0423,1988,2020,32,20-39,CVA16,128,1,Protected,0.1
P0423,1988,2025,37,20-39,EV-A71,512,1,Protected,0.1
P0423,1988,2025,37,20-39,EV-D68,256,1,Protected,0.1
P0423,1988,2025,37,20-39,CVA6,512,1,Protected,0.1
P0423,1988,2025,37,20-39,CVA16,128,1,Protected,0.1
P0424,2014,2015,1,0-4,EV-A71,64,1,Protected,0.1
P0424,2014,2015,1,0-4,EV-D68,64,1,Protected,0.1
P0424,2014,2015,1,0-4,CVA6,128,1,Protected,0.1
P0424,2014,2015,1,0-4,CVA16,32,1,Partially protected,0.5
P0424,2014,2020,6,5-9,EV-A71,128,1,Protected,0.1
P0424,2014,2020,6,5-9,EV-D68,64,1,Protected,0.1
P0424,2014,2020,6,5-9,CVA6,128,1,Protected,0.1
P0424,2014,2020,6,5-9,CVA16,64,1,Protected,0.1
P0424,2014,2025,11,10-14,EV-A71,256,1,Protected,0.1
P0424,2014,2025,11,10-14,EV-D68,128,1,Protected,0.1
P0424,2014,2025,11,10-14,CVA6,128,1,Protected,0.1
P0424,2014,2025,11,10-14,CVA16,64,1,Protected,0.1
P0425,1989,2005,16,15-19,EV-A71,128,1,Protected,0.1
P0425,1989,2005,16,15-19,EV-D68,64,1,Protected,0.1
P0425,1989,2005,16,15-19,CVA6,256,1,Protected,0.1
P0425,1989,2005,16,15-19,CVA16,128,1,Protected,0.1
P0425,1989,2010,21,20-39,EV-A71,256,1,Protected,0.1
P0425,1989,2010,21,20-39,EV-D68,128,1,Protected,0.1
P0425,1989,2010,21,20-39,CVA6,512,1,Protected,0.1
P0425,1989,2010,21,20-39,CVA16,256,1,Protected,0.1
P0425,1989,2015,26,20-39,EV-A71,512,1,Protected,0.1
P0425,1989,2015,26,20-39,EV-D68,128,1,Protected,0.1
P0425,1989,2015,26,20-39,CVA6,512,1,Protected,0.1
P0425,1989,2015,26,20-39,CVA16,128,1,Protected,0.1
P0425,1989,2020,31,20-39,EV-A71,512,1,Protected,0.1
P0425,1989,2020,31,20-39,EV-D68,256,1,Protected,0.1
P0425,1989,2020,31,20-39,CVA6,512,1,Protected,0.1
P0425,1989,2020,31,20-39,CVA16,256,1,Protected,0.1
P0425,1989,2025,36,20-39,EV-A71,256,1,Protected,0.1
P0425,1989,2025,36,20-39,EV-D68,256,1,Protected,0.1
P0425,1989,2025,36,20-39,CVA6,256,1,Protected,0.1
P0425,1989,2025,36,20-39,CVA16,256,1,Protected,0.1
P0426,2002,2005,3,0-4,EV-A71,64,1,Protected,0.1
P0426,2002,2005,3,0-4,EV-D68,16,0,Susceptible,1.0
P0426,2002,2005,3,0-4,CVA6,64,1,Protected,0.1
P0426,2002,2005,3,0-4,CVA16,64,1,Protected,0.1
P0426,2002,2010,8,5-9,EV-A71,128,1,Protected,0.1
P0426,2002,2010,8,5-9,EV-D68,16,0,Susceptible,1.0
P0426,2002,2010,8,5-9,CVA6,64,1,Protected,0.1
P0426,2002,2010,8,5-9,CVA16,64,1,Protected,0.1
P0426,2002,2015,13,10-14,EV-A71,256,1,Protected,0.1
P0426,2002,2015,13,10-14,EV-D68,128,1,Protected,0.1
P0426,2002,2015,13,10-14,CVA6,512,1,Protected,0.1
P0426,2002,2015,13,10-14,CVA16,128,1,Protected,0.1
P0426,2002,2020,18,15-19,EV-A71,256,1,Protected,0.1
P0426,2002,2020,18,15-19,EV-D68,64,1,Protected,0.1
P0426,2002,2020,18,15-19,CVA6,512,1,Protected,0.1
P0426,2002,2020,18,15-19,CVA16,128,1,Protected,0.1
P0426,2002,2025,23,20-39,EV-A71,512,1,Protected,0.1
P0426,2002,2025,23,20-39,EV-D68,256,1,Protected,0.1
P0426,2002,2025,23,20-39,CVA6,512,1,Protected,0.1
P0426,2002,2025,23,20-39,CVA16,256,1,Protected,0.1
P0427,1991,2005,14,10-14,EV-A71,128,1,Protected,0.1
P0427,1991,2005,14,10-14,EV-D68,128,1,Protected,0.1
P0427,1991,2005,14,10-14,CVA6,128,1,Protected,0.1
P0427,1991,2005,14,10-14,CVA16,128,1,Protected,0.1
P0427,1991,2010,19,15-19,EV-A71,128,1,Protected,0.1
P0427,1991,2010,19,15-19,EV-D68,32,1,Partially protected,0.5
P0427,1991,2010,19,15-19,CVA6,64,1,Protected,0.1
P0427,1991,2010,19,15-19,CVA16,64,1,Protected,0.1
P0427,1991,2015,24,20-39,EV-A71,512,1,Protected,0.1
P0427,1991,2015,24,20-39,EV-D68,256,1,Protected,0.1
P0427,1991,2015,24,20-39,CVA6,512,1,Protected,0.1
P0427,1991,2015,24,20-39,CVA16,128,1,Protected,0.1
P0427,1991,2020,29,20-39,EV-A71,256,1,Protected,0.1
P0427,1991,2020,29,20-39,EV-D68,256,1,Protected,0.1
P0427,1991,2020,29,20-39,CVA6,512,1,Protected,0.1
P0427,1991,2020,29,20-39,CVA16,512,1,Protected,0.1
P0427,1991,2025,34,20-39,EV-A71,512,1,Protected,0.1
P0427,1991,2025,34,20-39,EV-D68,256,1,Protected,0.1
P0427,1991,2025,34,20-39,CVA6,512,1,Protected,0.1
P0427,1991,2025,34,20-39,CVA16,256,1,Protected,0.1
P0428,2001,2005,4,0-4,EV-A71,128,1,Protected,0.1
P0428,2001,2005,4,0-4,EV-D68,64,1,Protected,0.1
P0428,2001,2005,4,0-4,CVA6,64,1,Protected,0.1
P0428,2001,2005,4,0-4,CVA16,16,0,Susceptible,1.0
P0428,2001,2010,9,5-9,EV-A71,64,1,Protected,0.1
P0428,2001,2010,9,5-9,EV-D68,64,1,Protected,0.1
P0428,2001,2010,9,5-9,CVA6,128,1,Protected,0.1
P0428,2001,2010,9,5-9,CVA16,16,0,Susceptible,1.0
P0428,2001,2015,14,10-14,EV-A71,256,1,Protected,0.1
P0428,2001,2015,14,10-14,EV-D68,64,1,Protected,0.1
P0428,2001,2015,14,10-14,CVA6,256,1,Protected,0.1
P0428,2001,2015,14,10-14,CVA16,64,1,Protected,0.1
P0428,2001,2020,19,15-19,EV-A71,256,1,Protected,0.1
P0428,2001,2020,19,15-19,EV-D68,256,1,Protected,0.1
P0428,2001,2020,19,15-19,CVA6,256,1,Protected,0.1
P0428,2001,2020,19,15-19,CVA16,128,1,Protected,0.1
P0428,2001,2025,24,20-39,EV-A71,512,1,Protected,0.1
P0428,2001,2025,24,20-39,EV-D68,512,1,Protected,0.1
P0428,2001,2025,24,20-39,CVA6,512,1,Protected,0.1
P0428,2001,2025,24,20-39,CVA16,256,1,Protected,0.1
P0429,1987,2005,18,15-19,EV-A71,128,1,Protected,0.1
P0429,1987,2005,18,15-19,EV-D68,64,1,Protected,0.1
P0429,1987,2005,18,15-19,CVA6,128,1,Protected,0.1
P0429,1987,2005,18,15-19,CVA16,64,1,Protected,0.1
P0429,1987,2010,23,20-39,EV-A71,256,1,Protected,0.1
P0429,1987,2010,23,20-39,EV-D68,128,1,Protected,0.1
P0429,1987,2010,23,20-39,CVA6,256,1,Protected,0.1
P0429,1987,2010,23,20-39,CVA16,128,1,Protected,0.1
P0429,1987,2015,28,20-39,EV-A71,512,1,Protected,0.1
P0429,1987,2015,28,20-39,EV-D68,512,1,Protected,0.1
P0429,1987,2015,28,20-39,CVA6,512,1,Protected,0.1
P0429,1987,2015,28,20-39,CVA16,128,1,Protected,0.1
P0429,1987,2020,33,20-39,EV-A71,512,1,Protected,0.1
P0429,1987,2020,33,20-39,EV-D68,128,1,Protected,0.1
P0429,1987,2020,33,20-39,CVA6,512,1,Protected,0.1
P0429,1987,2020,33,20-39,CVA16,256,1,Protected,0.1
P0429,1987,2025,38,20-39,EV-A71,256,1,Protected,0.1
P0429,1987,2025,38,20-39,EV-D68,128,1,Protected,0.1
P0429,1987,2025,38,20-39,CVA6,512,1,Protected,0.1
P0429,1987,2025,38,20-39,CVA16,256,1,Protected,0.1
P0430,2020,2020,0,0-4,EV-A71,256,1,Protected,0.1
P0430,2020,2020,0,0-4,EV-D68,64,1,Protected,0.1
P0430,2020,2020,0,0-4,CVA6,128,1,Protected,0.1
P0430,2020,2020,0,0-4,CVA16,128,1,Protected,0.1
P0430,2020,2025,5,5-9,EV-A71,64,1,Protected,0.1
P0430,2020,2025,5,5-9,EV-D68,32,1,Partially protected,0.5
P0430,2020,2025,5,5-9,CVA6,256,1,Protected,0.1
P0430,2020,2025,5,5-9,CVA16,32,1,Partially protected,0.5
P0431,1966,2005,39,20-39,EV-A71,256,1,Protected,0.1
P0431,1966,2005,39,20-39,EV-D68,64,1,Protected,0.1
P0431,1966,2005,39,20-39,CVA6,256,1,Protected,0.1
P0431,1966,2005,39,20-39,CVA16,128,1,Protected,0.1
P0431,1966,2010,44,40-59,EV-A71,512,1,Protected,0.1
P0431,1966,2010,44,40-59,EV-D68,128,1,Protected,0.1
P0431,1966,2010,44,40-59,CVA6,256,1,Protected,0.1
P0431,1966,2010,44,40-59,CVA16,128,1,Protected,0.1
P0431,1966,2015,49,40-59,EV-A71,256,1,Protected,0.1
P0431,1966,2015,49,40-59,EV-D68,128,1,Protected,0.1
P0431,1966,2015,49,40-59,CVA6,512,1,Protected,0.1
P0431,1966,2015,49,40-59,CVA16,256,1,Protected,0.1
P0431,1966,2020,54,40-59,EV-A71,512,1,Protected,0.1
P0431,1966,2020,54,40-59,EV-D68,256,1,Protected,0.1
P0431,1966,2020,54,40-59,CVA6,256,1,Protected,0.1
P0431,1966,2020,54,40-59,CVA16,256,1,Protected,0.1
P0431,1966,2025,59,40-59,EV-A71,256,1,Protected,0.1
P0431,1966,2025,59,40-59,EV-D68,256,1,Protected,0.1
P0431,1966,2025,59,40-59,CVA6,512,1,Protected,0.1
P0431,1966,2025,59,40-59,CVA16,256,1,Protected,0.1
P0432,1974,2005,31,20-39,EV-A71,128,1,Protected,0.1
P0432,1974,2005,31,20-39,EV-D68,256,1,Protected,0.1
P0432,1974,2005,31,20-39,CVA6,256,1,Protected,0.1
P0432,1974,2005,31,20-39,CVA16,128,1,Protected,0.1
P0432,1974,2010,36,20-39,EV-A71,256,1,Protected,0.1
P0432,1974,2010,36,20-39,EV-D68,128,1,Protected,0.1
P0432,1974,2010,36,20-39,CVA6,256,1,Protected,0.1
P0432,1974,2010,36,20-39,CVA16,64,1,Protected,0.1
P0432,1974,2015,41,40-59,EV-A71,512,1,Protected,0.1
P0432,1974,2015,41,40-59,EV-D68,256,1,Protected,0.1
P0432,1974,2015,41,40-59,CVA6,512,1,Protected,0.1
P0432,1974,2015,41,40-59,CVA16,256,1,Protected,0.1
P0432,1974,2020,46,40-59,EV-A71,256,1,Protected,0.1
P0432,1974,2020,46,40-59,EV-D68,256,1,Protected,0.1
P0432,1974,2020,46,40-59,CVA6,512,1,Protected,0.1
P0432,1974,2020,46,40-59,CVA16,128,1,Protected,0.1
P0432,1974,2025,51,40-59,EV-A71,512,1,Protected,0.1
P0432,1974,2025,51,40-59,EV-D68,512,1,Protected,0.1
P0432,1974,2025,51,40-59,CVA6,512,1,Protected,0.1
P0432,1974,2025,51,40-59,CVA16,256,1,Protected,0.1
P0433,2003,2005,2,0-4,EV-A71,64,1,Protected,0.1
P0433,2003,2005,2,0-4,EV-D68,64,1,Protected,0.1
P0433,2003,2005,2,0-4,CVA6,64,1,Protected,0.1
P0433,2003,2005,2,0-4,CVA16,64,1,Protected,0.1
P0433,2003,2010,7,5-9,EV-A71,128,1,Protected,0.1
P0433,2003,2010,7,5-9,EV-D68,64,1,Protected,0.1
P0433,2003,2010,7,5-9,CVA6,64,1,Protected,0.1
P0433,2003,2010,7,5-9,CVA16,16,0,Susceptible,1.0
P0433,2003,2015,12,10-14,EV-A71,512,1,Protected,0.1
P0433,2003,2015,12,10-14,EV-D68,128,1,Protected,0.1
P0433,2003,2015,12,10-14,CVA6,128,1,Protected,0.1
P0433,2003,2015,12,10-14,CVA16,128,1,Protected,0.1
P0433,2003,2020,17,15-19,EV-A71,256,1,Protected,0.1
P0433,2003,2020,17,15-19,EV-D68,256,1,Protected,0.1
P0433,2003,2020,17,15-19,CVA6,256,1,Protected,0.1
P0433,2003,2020,17,15-19,CVA16,256,1,Protected,0.1
P0433,2003,2025,22,20-39,EV-A71,512,1,Protected,0.1
P0433,2003,2025,22,20-39,EV-D68,256,1,Protected,0.1
P0433,2003,2025,22,20-39,CVA6,256,1,Protected,0.1
P0433,2003,2025,22,20-39,CVA16,512,1,Protected,0.1
P0434,1998,2005,7,5-9,EV-A71,128,1,Protected,0.1
P0434,1998,2005,7,5-9,EV-D68,32,1,Partially protected,0.5
P0434,1998,2005,7,5-9,CVA6,128,1,Protected,0.1
P0434,1998,2005,7,5-9,CVA16,32,1,Partially protected,0.5
P0434,1998,2010,12,10-14,EV-A71,64,1,Protected,0.1
P0434,1998,2010,12,10-14,EV-D68,64,1,Protected,0.1
P0434,1998,2010,12,10-14,CVA6,64,1,Protected,0.1
P0434,1998,2010,12,10-14,CVA16,64,1,Protected,0.1
P0434,1998,2015,17,15-19,EV-A71,256,1,Protected,0.1
P0434,1998,2015,17,15-19,EV-D68,128,1,Protected,0.1
P0434,1998,2015,17,15-19,CVA6,256,1,Protected,0.1
P0434,1998,2015,17,15-19,CVA16,64,1,Protected,0.1
P0434,1998,2020,22,20-39,EV-A71,512,1,Protected,0.1
P0434,1998,2020,22,20-39,EV-D68,256,1,Protected,0.1
P0434,1998,2020,22,20-39,CVA6,512,1,Protected,0.1
P0434,1998,2020,22,20-39,CVA16,256,1,Protected,0.1
P0434,1998,2025,27,20-39,EV-A71,512,1,Protected,0.1
P0434,1998,2025,27,20-39,EV-D68,128,1,Protected,0.1
P0434,1998,2025,27,20-39,CVA6,512,1,Protected,0.1
P0434,1998,2025,27,20-39,CVA16,128,1,Protected,0.1
P0435,1972,2005,33,20-39,EV-A71,256,1,Protected,0.1
P0435,1972,2005,33,20-39,EV-D68,128,1,Protected,0.1
P0435,1972,2005,33,20-39,CVA6,512,1,Protected,0.1
P0435,1972,2005,33,20-39,CVA16,128,1,Protected,0.1
P0435,1972,2010,38,20-39,EV-A71,256,1,Protected,0.1
P0435,1972,2010,38,20-39,EV-D68,64,1,Protected,0.1
P0435,1972,2010,38,20-39,CVA6,256,1,Protected,0.1
P0435,1972,2010,38,20-39,CVA16,128,1,Protected,0.1
P0435,1972,2015,43,40-59,EV-A71,512,1,Protected,0.1
P0435,1972,2015,43,40-59,EV-D68,128,1,Protected,0.1
P0435,1972,2015,43,40-59,CVA6,512,1,Protected,0.1
P0435,1972,2015,43,40-59,CVA16,128,1,Protected,0.1
P0435,1972,2020,48,40-59,EV-A71,512,1,Protected,0.1
P0435,1972,2020,48,40-59,EV-D68,256,1,Protected,0.1
P0435,1972,2020,48,40-59,CVA6,256,1,Protected,0.1
P0435,1972,2020,48,40-59,CVA16,256,1,Protected,0.1
P0435,1972,2025,53,40-59,EV-A71,512,1,Protected,0.1
P0435,1972,2025,53,40-59,EV-D68,256,1,Protected,0.1
P0435,1972,2025,53,40-59,CVA6,512,1,Protected,0.1
P0435,1972,2025,53,40-59,CVA16,256,1,Protected,0.1
P0436,1988,2005,17,15-19,EV-A71,64,1,Protected,0.1
P0436,1988,2005,17,15-19,EV-D68,32,1,Partially protected,0.5
P0436,1988,2005,17,15-19,CVA6,64,1,Protected,0.1
P0436,1988,2005,17,15-19,CVA16,64,1,Protected,0.1
P0436,1988,2010,22,20-39,EV-A71,256,1,Protected,0.1
P0436,1988,2010,22,20-39,EV-D68,64,1,Protected,0.1
P0436,1988,2010,22,20-39,CVA6,512,1,Protected,0.1
P0436,1988,2010,22,20-39,CVA16,128,1,Protected,0.1
P0436,1988,2015,27,20-39,EV-A71,512,1,Protected,0.1
P0436,1988,2015,27,20-39,EV-D68,256,1,Protected,0.1
P0436,1988,2015,27,20-39,CVA6,256,1,Protected,0.1
P0436,1988,2015,27,20-39,CVA16,256,1,Protected,0.1
P0436,1988,2020,32,20-39,EV-A71,512,1,Protected,0.1
P0436,1988,2020,32,20-39,EV-D68,256,1,Protected,0.1
P0436,1988,2020,32,20-39,CVA6,256,1,Protected,0.1
P0436,1988,2020,32,20-39,CVA16,256,1,Protected,0.1
P0436,1988,2025,37,20-39,EV-A71,512,1,Protected,0.1
P0436,1988,2025,37,20-39,EV-D68,256,1,Protected,0.1
P0436,1988,2025,37,20-39,CVA6,256,1,Protected,0.1
P0436,1988,2025,37,20-39,CVA16,512,1,Protected,0.1
P0437,2001,2005,4,0-4,EV-A71,128,1,Protected,0.1
P0437,2001,2005,4,0-4,EV-D68,32,1,Partially protected,0.5
P0437,2001,2005,4,0-4,CVA6,32,1,Partially protected,0.5
P0437,2001,2005,4,0-4,CVA16,32,1,Partially protected,0.5
P0437,2001,2010,9,5-9,EV-A71,128,1,Protected,0.1
P0437,2001,2010,9,5-9,EV-D68,16,0,Susceptible,1.0
P0437,2001,2010,9,5-9,CVA6,32,1,Partially protected,0.5
P0437,2001,2010,9,5-9,CVA16,16,0,Susceptible,1.0
P0437,2001,2015,14,10-14,EV-A71,128,1,Protected,0.1
P0437,2001,2015,14,10-14,EV-D68,128,1,Protected,0.1
P0437,2001,2015,14,10-14,CVA6,256,1,Protected,0.1
P0437,2001,2015,14,10-14,CVA16,64,1,Protected,0.1
P0437,2001,2020,19,15-19,EV-A71,256,1,Protected,0.1
P0437,2001,2020,19,15-19,EV-D68,64,1,Protected,0.1
P0437,2001,2020,19,15-19,CVA6,256,1,Protected,0.1
P0437,2001,2020,19,15-19,CVA16,64,1,Protected,0.1
P0437,2001,2025,24,20-39,EV-A71,512,1,Protected,0.1
P0437,2001,2025,24,20-39,EV-D68,512,1,Protected,0.1
P0437,2001,2025,24,20-39,CVA6,512,1,Protected,0.1
P0437,2001,2025,24,20-39,CVA16,128,1,Protected,0.1
P0438,2020,2020,0,0-4,EV-A71,64,1,Protected,0.1
P0438,2020,2020,0,0-4,EV-D68,32,1,Partially protected,0.5
P0438,2020,2020,0,0-4,CVA6,256,1,Protected,0.1
P0438,2020,2020,0,0-4,CVA16,32,1,Partially protected,0.5
P0438,2020,2025,5,5-9,EV-A71,128,1,Protected,0.1
P0438,2020,2025,5,5-9,EV-D68,64,1,Protected,0.1
P0438,2020,2025,5,5-9,CVA6,128,1,Protected,0.1
P0438,2020,2025,5,5-9,CVA16,32,1,Partially protected,0.5
P0439,1950,2005,55,40-59,EV-A71,512,1,Protected,0.1
P0439,1950,2005,55,40-59,EV-D68,128,1,Protected,0.1
P0439,1950,2005,55,40-59,CVA6,256,1,Protected,0.1
P0439,1950,2005,55,40-59,CVA16,256,1,Protected,0.1
P0439,1950,2010,60,60+,EV-A71,512,1,Protected,0.1
P0439,1950,2010,60,60+,EV-D68,64,1,Protected,0.1
P0439,1950,2010,60,60+,CVA6,256,1,Protected,0.1
P0439,1950,2010,60,60+,CVA16,128,1,Protected,0.1
P0439,1950,2015,65,60+,EV-A71,512,1,Protected,0.1
P0439,1950,2015,65,60+,EV-D68,256,1,Protected,0.1
P0439,1950,2015,65,60+,CVA6,512,1,Protected,0.1
P0439,1950,2015,65,60+,CVA16,512,1,Protected,0.1
P0439,1950,2020,70,60+,EV-A71,256,1,Protected,0.1
P0439,1950,2020,70,60+,EV-D68,256,1,Protected,0.1
P0439,1950,2020,70,60+,CVA6,256,1,Protected,0.1
P0439,1950,2020,70,60+,CVA16,256,1,Protected,0.1
P0439,1950,2025,75,60+,EV-A71,512,1,Protected,0.1
P0439,1950,2025,75,60+,EV-D68,256,1,Protected,0.1
P0439,1950,2025,75,60+,CVA6,512,1,Protected,0.1
P0439,1950,2025,75,60+,CVA16,256,1,Protected,0.1
P0440,1988,2005,17,15-19,EV-A71,64,1,Protected,0.1
P0440,1988,2005,17,15-19,EV-D68,32,1,Partially protected,0.5
P0440,1988,2005,17,15-19,CVA6,64,1,Protected,0.1
P0440,1988,2005,17,15-19,CVA16,128,1,Protected,0.1
P0440,1988,2010,22,20-39,EV-A71,128,1,Protected,0.1
P0440,1988,2010,22,20-39,EV-D68,256,1,Protected,0.1
P0440,1988,2010,22,20-39,CVA6,256,1,Protected,0.1
P0440,1988,2010,22,20-39,CVA16,256,1,Protected,0.1
P0440,1988,2015,27,20-39,EV-A71,512,1,Protected,0.1
P0440,1988,2015,27,20-39,EV-D68,512,1,Protected,0.1
P0440,1988,2015,27,20-39,CVA6,512,1,Protected,0.1
P0440,1988,2015,27,20-39,CVA16,256,1,Protected,0.1
P0440,1988,2020,32,20-39,EV-A71,512,1,Protected,0.1
P0440,1988,2020,32,20-39,EV-D68,256,1,Protected,0.1
P0440,1988,2020,32,20-39,CVA6,512,1,Protected,0.1
P0440,1988,2020,32,20-39,CVA16,256,1,Protected,0.1
P0440,1988,2025,37,20-39,EV-A71,512,1,Protected,0.1
P0440,1988,2025,37,20-39,EV-D68,256,1,Protected,0.1
P0440,1988,2025,37,20-39,CVA6,512,1,Protected,0.1
P0440,1988,2025,37,20-39,CVA16,128,1,Protected,0.1
P0441,1986,2005,19,15-19,EV-A71,64,1,Protected,0.1
P0441,1986,2005,19,15-19,EV-D68,64,1,Protected,0.1
P0441,1986,2005,19,15-19,CVA6,128,1,Protected,0.1
P0441,1986,2005,19,15-19,CVA16,128,1,Protected,0.1
P0441,1986,2010,24,20-39,EV-A71,256,1,Protected,0.1
P0441,1986,2010,24,20-39,EV-D68,256,1,Protected,0.1
P0441,1986,2010,24,20-39,CVA6,256,1,Protected,0.1
P0441,1986,2010,24,20-39,CVA16,128,1,Protected,0.1
P0441,1986,2015,29,20-39,EV-A71,512,1,Protected,0.1
P0441,1986,2015,29,20-39,EV-D68,512,1,Protected,0.1
P0441,1986,2015,29,20-39,CVA6,512,1,Protected,0.1
P0441,1986,2015,29,20-39,CVA16,256,1,Protected,0.1
P0441,1986,2020,34,20-39,EV-A71,512,1,Protected,0.1
P0441,1986,2020,34,20-39,EV-D68,256,1,Protected,0.1
P0441,1986,2020,34,20-39,CVA6,512,1,Protected,0.1
P0441,1986,2020,34,20-39,CVA16,256,1,Protected,0.1
P0441,1986,2025,39,20-39,EV-A71,512,1,Protected,0.1
P0441,1986,2025,39,20-39,EV-D68,256,1,Protected,0.1
P0441,1986,2025,39,20-39,CVA6,256,1,Protected,0.1
P0441,1986,2025,39,20-39,CVA16,512,1,Protected,0.1
P0442,1976,2005,29,20-39,EV-A71,512,1,Protected,0.1
P0442,1976,2005,29,20-39,EV-D68,128,1,Protected,0.1
P0442,1976,2005,29,20-39,CVA6,128,1,Protected,0.1
P0442,1976,2005,29,20-39,CVA16,128,1,Protected,0.1
P0442,1976,2010,34,20-39,EV-A71,512,1,Protected,0.1
P0442,1976,2010,34,20-39,EV-D68,256,1,Protected,0.1
P0442,1976,2010,34,20-39,CVA6,128,1,Protected,0.1
P0442,1976,2010,34,20-39,CVA16,128,1,Protected,0.1
P0442,1976,2015,39,20-39,EV-A71,512,1,Protected,0.1
P0442,1976,2015,39,20-39,EV-D68,256,1,Protected,0.1
P0442,1976,2015,39,20-39,CVA6,512,1,Protected,0.1
P0442,1976,2015,39,20-39,CVA16,256,1,Protected,0.1
P0442,1976,2020,44,40-59,EV-A71,256,1,Protected,0.1
P0442,1976,2020,44,40-59,EV-D68,256,1,Protected,0.1
P0442,1976,2020,44,40-59,CVA6,512,1,Protected,0.1
P0442,1976,2020,44,40-59,CVA16,256,1,Protected,0.1
P0442,1976,2025,49,40-59,EV-A71,512,1,Protected,0.1
P0442,1976,2025,49,40-59,EV-D68,512,1,Protected,0.1
P0442,1976,2025,49,40-59,CVA6,512,1,Protected,0.1
P0442,1976,2025,49,40-59,CVA16,512,1,Protected,0.1
P0443,2005,2005,0,0-4,EV-A71,128,1,Protected,0.1
P0443,2005,2005,0,0-4,EV-D68,32,1,Partially protected,0.5
P0443,2005,2005,0,0-4,CVA6,128,1,Protected,0.1
P0443,2005,2005,0,0-4,CVA16,32,1,Partially protected,0.5
P0443,2005,2010,5,5-9,EV-A71,64,1,Protected,0.1
P0443,2005,2010,5,5-9,EV-D68,32,1,Partially protected,0.5
P0443,2005,2010,5,5-9,CVA6,64,1,Protected,0.1
P0443,2005,2010,5,5-9,CVA16,16,0,Susceptible,1.0
P0443,2005,2015,10,10-14,EV-A71,256,1,Protected,0.1
P0443,2005,2015,10,10-14,EV-D68,64,1,Protected,0.1
P0443,2005,2015,10,10-14,CVA6,256,1,Protected,0.1
P0443,2005,2015,10,10-14,CVA16,128,1,Protected,0.1
P0443,2005,2020,15,15-19,EV-A71,128,1,Protected,0.1
P0443,2005,2020,15,15-19,EV-D68,128,1,Protected,0.1
P0443,2005,2020,15,15-19,CVA6,256,1,Protected,0.1
P0443,2005,2020,15,15-19,CVA16,128,1,Protected,0.1
P0443,2005,2025,20,20-39,EV-A71,512,1,Protected,0.1
P0443,2005,2025,20,20-39,EV-D68,256,1,Protected,0.1
P0443,2005,2025,20,20-39,CVA6,512,1,Protected,0.1
P0443,2005,2025,20,20-39,CVA16,256,1,Protected,0.1
P0444,1991,2005,14,10-14,EV-A71,128,1,Protected,0.1
P0444,1991,2005,14,10-14,EV-D68,64,1,Protected,0.1
P0444,1991,2005,14,10-14,CVA6,128,1,Protected,0.1
P0444,1991,2005,14,10-14,CVA16,64,1,Protected,0.1
P0444,1991,2010,19,15-19,EV-A71,128,1,Protected,0.1
P0444,1991,2010,19,15-19,EV-D68,32,1,Partially protected,0.5
P0444,1991,2010,19,15-19,CVA6,128,1,Protected,0.1
P0444,1991,2010,19,15-19,CVA16,32,1,Partially protected,0.5
P0444,1991,2015,24,20-39,EV-A71,256,1,Protected,0.1
P0444,1991,2015,24,20-39,EV-D68,256,1,Protected,0.1
P0444,1991,2015,24,20-39,CVA6,256,1,Protected,0.1
P0444,1991,2015,24,20-39,CVA16,512,1,Protected,0.1
P0444,1991,2020,29,20-39,EV-A71,256,1,Protected,0.1
P0444,1991,2020,29,20-39,EV-D68,256,1,Protected,0.1
P0444,1991,2020,29,20-39,CVA6,512,1,Protected,0.1
P0444,1991,2020,29,20-39,CVA16,256,1,Protected,0.1
P0444,1991,2025,34,20-39,EV-A71,512,1,Protected,0.1
P0444,1991,2025,34,20-39,EV-D68,512,1,Protected,0.1
P0444,1991,2025,34,20-39,CVA6,512,1,Protected,0.1
P0444,1991,2025,34,20-39,CVA16,128,1,Protected,0.1
P0445,2009,2010,1,0-4,EV-A71,32,1,Partially protected,0.5
P0445,2009,2010,1,0-4,EV-D68,32,1,Partially protected,0.5
P0445,2009,2010,1,0-4,CVA6,64,1,Protected,0.1
P0445,2009,2010,1,0-4,CVA16,32,1,Partially protected,0.5
P0445,2009,2015,6,5-9,EV-A71,128,1,Protected,0.1
P0445,2009,2015,6,5-9,EV-D68,64,1,Protected,0.1
P0445,2009,2015,6,5-9,CVA6,128,1,Protected,0.1
P0445,2009,2015,6,5-9,CVA16,64,1,Protected,0.1
P0445,2009,2020,11,10-14,EV-A71,256,1,Protected,0.1
P0445,2009,2020,11,10-14,EV-D68,256,1,Protected,0.1
P0445,2009,2020,11,10-14,CVA6,256,1,Protected,0.1
P0445,2009,2020,11,10-14,CVA16,128,1,Protected,0.1
P0445,2009,2025,16,15-19,EV-A71,256,1,Protected,0.1
P0445,2009,2025,16,15-19,EV-D68,64,1,Protected,0.1
P0445,2009,2025,16,15-19,CVA6,256,1,Protected,0.1
P0445,2009,2025,16,15-19,CVA16,128,1,Protected,0.1
P0446,2006,2010,4,0-4,EV-A71,32,1,Partially protected,0.5
P0446,2006,2010,4,0-4,EV-D68,16,0,Susceptible,1.0
P0446,2006,2010,4,0-4,CVA6,64,1,Protected,0.1
P0446,2006,2010,4,0-4,CVA16,32,1,Partially protected,0.5
P0446,2006,2015,9,5-9,EV-A71,64,1,Protected,0.1
P0446,2006,2015,9,5-9,EV-D68,64,1,Protected,0.1
P0446,2006,2015,9,5-9,CVA6,128,1,Protected,0.1
P0446,2006,2015,9,5-9,CVA16,64,1,Protected,0.1
P0446,2006,2020,14,10-14,EV-A71,256,1,Protected,0.1
P0446,2006,2020,14,10-14,EV-D68,128,1,Protected,0.1
P0446,2006,2020,14,10-14,CVA6,256,1,Protected,0.1
P0446,2006,2020,14,10-14,CVA16,128,1,Protected,0.1
P0446,2006,2025,19,15-19,EV-A71,256,1,Protected,0.1
P0446,2006,2025,19,15-19,EV-D68,256,1,Protected,0.1
P0446,2006,2025,19,15-19,CVA6,512,1,Protected,0.1
P0446,2006,2025,19,15-19,CVA16,128,1,Protected,0.1
P0447,2006,2010,4,0-4,EV-A71,32,1,Partially protected,0.5
P0447,2006,2010,4,0-4,EV-D68,16,0,Susceptible,1.0
P0447,2006,2010,4,0-4,CVA6,64,1,Protected,0.1
P0447,2006,2010,4,0-4,CVA16,32,1,Partially protected,0.5
P0447,2006,2015,9,5-9,EV-A71,128,1,Protected,0.1
P0447,2006,2015,9,5-9,EV-D68,64,1,Protected,0.1
P0447,2006,2015,9,5-9,CVA6,256,1,Protected,0.1
P0447,2006,2015,9,5-9,CVA16,64,1,Protected,0.1
P0447,2006,2020,14,10-14,EV-A71,256,1,Protected,0.1
P0447,2006,2020,14,10-14,EV-D68,128,1,Protected,0.1
P0447,2006,2020,14,10-14,CVA6,512,1,Protected,0.1
P0447,2006,2020,14,10-14,CVA16,128,1,Protected,0.1
P0447,2006,2025,19,15-19,EV-A71,256,1,Protected,0.1
P0447,2006,2025,19,15-19,EV-D68,64,1,Protected,0.1
P0447,2006,2025,19,15-19,CVA6,512,1,Protected,0.1
P0447,2006,2025,19,15-19,CVA16,256,1,Protected,0.1
P0448,1977,2005,28,20-39,EV-A71,256,1,Protected,0.1
P0448,1977,2005,28,20-39,EV-D68,256,1,Protected,0.1
P0448,1977,2005,28,20-39,CVA6,256,1,Protected,0.1
P0448,1977,2005,28,20-39,CVA16,128,1,Protected,0.1
P0448,1977,2010,33,20-39,EV-A71,256,1,Protected,0.1
P0448,1977,2010,33,20-39,EV-D68,128,1,Protected,0.1
P0448,1977,2010,33,20-39,CVA6,128,1,Protected,0.1
P0448,1977,2010,33,20-39,CVA16,128,1,Protected,0.1
P0448,1977,2015,38,20-39,EV-A71,512,1,Protected,0.1
P0448,1977,2015,38,20-39,EV-D68,512,1,Protected,0.1
P0448,1977,2015,38,20-39,CVA6,512,1,Protected,0.1
P0448,1977,2015,38,20-39,CVA16,256,1,Protected,0.1
P0448,1977,2020,43,40-59,EV-A71,512,1,Protected,0.1
P0448,1977,2020,43,40-59,EV-D68,128,1,Protected,0.1
P0448,1977,2020,43,40-59,CVA6,512,1,Protected,0.1
P0448,1977,2020,43,40-59,CVA16,512,1,Protected,0.1
P0448,1977,2025,48,40-59,EV-A71,256,1,Protected,0.1
P0448,1977,2025,48,40-59,EV-D68,256,1,Protected,0.1
P0448,1977,2025,48,40-59,CVA6,512,1,Protected,0.1
P0448,1977,2025,48,40-59,CVA16,256,1,Protected,0.1
P0449,2015,2015,0,0-4,EV-A71,256,1,Protected,0.1
P0449,2015,2015,0,0-4,EV-D68,64,1,Protected,0.1
P0449,2015,2015,0,0-4,CVA6,128,1,Protected,0.1
P0449,2015,2015,0,0-4,CVA16,128,1,Protected,0.1
P0449,2015,2020,5,5-9,EV-A71,128,1,Protected,0.1
P0449,2015,2020,5,5-9,EV-D68,64,1,Protected,0.1
P0449,2015,2020,5,5-9,CVA6,128,1,Protected,0.1
P0449,2015,2020,5,5-9,CVA16,64,1,Protected,0.1
P0449,2015,2025,10,10-14,EV-A71,512,1,Protected,0.1
P0449,2015,2025,10,10-14,EV-D68,128,1,Protected,0.1
P0449,2015,2025,10,10-14,CVA6,256,1,Protected,0.1
P0449,2015,2025,10,10-14,CVA16,128,1,Protected,0.1
P0450,2010,2010,0,0-4,EV-A71,64,1,Protected,0.1
P0450,2010,2010,0,0-4,EV-D68,64,1,Protected,0.1
P0450,2010,2010,0,0-4,CVA6,64,1,Protected,0.1
P0450,2010,2010,0,0-4,CVA16,64,1,Protected,0.1
P0450,2010,2015,5,5-9,EV-A71,64,1,Protected,0.1
P0450,2010,2015,5,5-9,EV-D68,64,1,Protected,0.1
P0450,2010,2015,5,5-9,CVA6,128,1,Protected,0.1
P0450,2010,2015,5,5-9,CVA16,64,1,Protected,0.1
P0450,2010,2020,10,10-14,EV-A71,256,1,Protected,0.1
P0450,2010,2020,10,10-14,EV-D68,128,1,Protected,0.1
P0450,2010,2020,10,10-14,CVA6,256,1,Protected,0.1
P0450,2010,2020,10,10-14,CVA16,128,1,Protected,0.1
P0450,2010,2025,15,15-19,EV-A71,256,1,Protected,0.1
P0450,2010,2025,15,15-19,EV-D68,128,1,Protected,0.1
P0450,2010,2025,15,15-19,CVA6,256,1,Protected,0.1
P0450,2010,2025,15,15-19,CVA16,256,1,Protected,0.1
P0451,1971,2005,34,20-39,EV-A71,256,1,Protected,0.1
P0451,1971,2005,34,20-39,EV-D68,128,1,Protected,0.1
P0451,1971,2005,34,20-39,CVA6,256,1,Protected,0.1
P0451,1971,2005,34,20-39,CVA16,256,1,Protected,0.1
P0451,1971,2010,39,20-39,EV-A71,128,1,Protected,0.1
P0451,1971,2010,39,20-39,EV-D68,128,1,Protected,0.1
P0451,1971,2010,39,20-39,CVA6,128,1,Protected,0.1
P0451,1971,2010,39,20-39,CVA16,128,1,Protected,0.1
P0451,1971,2015,44,40-59,EV-A71,512,1,Protected,0.1
P0451,1971,2015,44,40-59,EV-D68,512,1,Protected,0.1
P0451,1971,2015,44,40-59,CVA6,512,1,Protected,0.1
P0451,1971,2015,44,40-59,CVA16,256,1,Protected,0.1
P0451,1971,2020,49,40-59,EV-A71,512,1,Protected,0.1
P0451,1971,2020,49,40-59,EV-D68,128,1,Protected,0.1
P0451,1971,2020,49,40-59,CVA6,512,1,Protected,0.1
P0451,1971,2020,49,40-59,CVA16,512,1,Protected,0.1
P0451,1971,2025,54,40-59,EV-A71,512,1,Protected,0.1
P0451,1971,2025,54,40-59,EV-D68,256,1,Protected,0.1
P0451,1971,2025,54,40-59,CVA6,512,1,Protected,0.1
P0451,1971,2025,54,40-59,CVA16,256,1,Protected,0.1
P0452,1960,2005,45,40-59,EV-A71,256,1,Protected,0.1
P0452,1960,2005,45,40-59,EV-D68,128,1,Protected,0.1
P0452,1960,2005,45,40-59,CVA6,256,1,Protected,0.1
P0452,1960,2005,45,40-59,CVA16,128,1,Protected,0.1
P0452,1960,2010,50,40-59,EV-A71,256,1,Protected,0.1
P0452,1960,2010,50,40-59,EV-D68,128,1,Protected,0.1
P0452,1960,2010,50,40-59,CVA6,256,1,Protected,0.1
P0452,1960,2010,50,40-59,CVA16,128,1,Protected,0.1
P0452,1960,2015,55,40-59,EV-A71,256,1,Protected,0.1
P0452,1960,2015,55,40-59,EV-D68,256,1,Protected,0.1
P0452,1960,2015,55,40-59,CVA6,512,1,Protected,0.1
P0452,1960,2015,55,40-59,CVA16,256,1,Protected,0.1
P0452,1960,2020,60,60+,EV-A71,512,1,Protected,0.1
P0452,1960,2020,60,60+,EV-D68,128,1,Protected,0.1
P0452,1960,2020,60,60+,CVA6,512,1,Protected,0.1
P0452,1960,2020,60,60+,CVA16,128,1,Protected,0.1
P0452,1960,2025,65,60+,EV-A71,512,1,Protected,0.1
P0452,1960,2025,65,60+,EV-D68,512,1,Protected,0.1
P0452,1960,2025,65,60+,CVA6,512,1,Protected,0.1
P0452,1960,2025,65,60+,CVA16,512,1,Protected,0.1
P0453,1986,2005,19,15-19,EV-A71,64,1,Protected,0.1
P0453,1986,2005,19,15-19,EV-D68,64,1,Protected,0.1
P0453,1986,2005,19,15-19,CVA6,128,1,Protected,0.1
P0453,1986,2005,19,15-19,CVA16,32,1,Partially protected,0.5
P0453,1986,2010,24,20-39,EV-A71,128,1,Protected,0.1
P0453,1986,2010,24,20-39,EV-D68,64,1,Protected,0.1
P0453,1986,2010,24,20-39,CVA6,256,1,Protected,0.1
P0453,1986,2010,24,20-39,CVA16,64,1,Protected,0.1
P0453,1986,2015,29,20-39,EV-A71,512,1,Protected,0.1
P0453,1986,2015,29,20-39,EV-D68,256,1,Protected,0.1
P0453,1986,2015,29,20-39,CVA6,512,1,Protected,0.1
P0453,1986,2015,29,20-39,CVA16,256,1,Protected,0.1
P0453,1986,2020,34,20-39,EV-A71,512,1,Protected,0.1
P0453,1986,2020,34,20-39,EV-D68,256,1,Protected,0.1
P0453,1986,2020,34,20-39,CVA6,512,1,Protected,0.1
P0453,1986,2020,34,20-39,CVA16,256,1,Protected,0.1
P0453,1986,2025,39,20-39,EV-A71,512,1,Protected,0.1
P0453,1986,2025,39,20-39,EV-D68,512,1,Protected,0.1
P0453,1986,2025,39,20-39,CVA6,512,1,Protected,0.1
P0453,1986,2025,39,20-39,CVA16,512,1,Protected,0.1
P0454,2015,2015,0,0-4,EV-A71,128,1,Protected,0.1
P0454,2015,2015,0,0-4,EV-D68,32,1,Partially protected,0.5
P0454,2015,2015,0,0-4,CVA6,128,1,Protected,0.1
P0454,2015,2015,0,0-4,CVA16,64,1,Protected,0.1
P0454,2015,2020,5,5-9,EV-A71,128,1,Protected,0.1
P0454,2015,2020,5,5-9,EV-D68,64,1,Protected,0.1
P0454,2015,2020,5,5-9,CVA6,128,1,Protected,0.1
P0454,2015,2020,5,5-9,CVA16,128,1,Protected,0.1
P0454,2015,2025,10,10-14,EV-A71,128,1,Protected,0.1
P0454,2015,2025,10,10-14,EV-D68,128,1,Protected,0.1
P0454,2015,2025,10,10-14,CVA6,512,1,Protected,0.1
P0454,2015,2025,10,10-14,CVA16,128,1,Protected,0.1
P0455,1992,2005,13,10-14,EV-A71,128,1,Protected,0.1
P0455,1992,2005,13,10-14,EV-D68,64,1,Protected,0.1
P0455,1992,2005,13,10-14,CVA6,128,1,Protected,0.1
P0455,1992,2005,13,10-14,CVA16,64,1,Protected,0.1
P0455,1992,2010,18,15-19,EV-A71,128,1,Protected,0.1
P0455,1992,2010,18,15-19,EV-D68,64,1,Protected,0.1
P0455,1992,2010,18,15-19,CVA6,256,1,Protected,0.1
P0455,1992,2010,18,15-19,CVA16,128,1,Protected,0.1
P0455,1992,2015,23,20-39,EV-A71,512,1,Protected,0.1
P0455,1992,2015,23,20-39,EV-D68,256,1,Protected,0.1
P0455,1992,2015,23,20-39,CVA6,512,1,Protected,0.1
P0455,1992,2015,23,20-39,CVA16,256,1,Protected,0.1
P0455,1992,2020,28,20-39,EV-A71,256,1,Protected,0.1
P0455,1992,2020,28,20-39,EV-D68,256,1,Protected,0.1
P0455,1992,2020,28,20-39,CVA6,512,1,Protected,0.1
P0455,1992,2020,28,20-39,CVA16,256,1,Protected,0.1
P0455,1992,2025,33,20-39,EV-A71,512,1,Protected,0.1
P0455,1992,2025,33,20-39,EV-D68,256,1,Protected,0.1
P0455,1992,2025,33,20-39,CVA6,512,1,Protected,0.1
P0455,1992,2025,33,20-39,CVA16,256,1,Protected,0.1
P0456,1961,2005,44,40-59,EV-A71,512,1,Protected,0.1
P0456,1961,2005,44,40-59,EV-D68,64,1,Protected,0.1
P0456,1961,2005,44,40-59,CVA6,256,1,Protected,0.1
P0456,1961,2005,44,40-59,CVA16,128,1,Protected,0.1
P0456,1961,2010,49,40-59,EV-A71,512,1,Protected,0.1
P0456,1961,2010,49,40-59,EV-D68,128,1,Protected,0.1
P0456,1961,2010,49,40-59,CVA6,256,1,Protected,0.1
P0456,1961,2010,49,40-59,CVA16,64,1,Protected,0.1
P0456,1961,2015,54,40-59,EV-A71,512,1,Protected,0.1
P0456,1961,2015,54,40-59,EV-D68,256,1,Protected,0.1
P0456,1961,2015,54,40-59,CVA6,512,1,Protected,0.1
P0456,1961,2015,54,40-59,CVA16,256,1,Protected,0.1
P0456,1961,2020,59,40-59,EV-A71,512,1,Protected,0.1
P0456,1961,2020,59,40-59,EV-D68,256,1,Protected,0.1
P0456,1961,2020,59,40-59,CVA6,512,1,Protected,0.1
P0456,1961,2020,59,40-59,CVA16,512,1,Protected,0.1
P0456,1961,2025,64,60+,EV-A71,512,1,Protected,0.1
P0456,1961,2025,64,60+,EV-D68,256,1,Protected,0.1
P0456,1961,2025,64,60+,CVA6,512,1,Protected,0.1
P0456,1961,2025,64,60+,CVA16,128,1,Protected,0.1
P0457,1980,2005,25,20-39,EV-A71,512,1,Protected,0.1
P0457,1980,2005,25,20-39,EV-D68,64,1,Protected,0.1
P0457,1980,2005,25,20-39,CVA6,256,1,Protected,0.1
P0457,1980,2005,25,20-39,CVA16,128,1,Protected,0.1
P0457,1980,2010,30,20-39,EV-A71,256,1,Protected,0.1
P0457,1980,2010,30,20-39,EV-D68,256,1,Protected,0.1
P0457,1980,2010,30,20-39,CVA6,512,1,Protected,0.1
P0457,1980,2010,30,20-39,CVA16,256,1,Protected,0.1
P0457,1980,2015,35,20-39,EV-A71,512,1,Protected,0.1
P0457,1980,2015,35,20-39,EV-D68,256,1,Protected,0.1
P0457,1980,2015,35,20-39,CVA6,512,1,Protected,0.1
P0457,1980,2015,35,20-39,CVA16,256,1,Protected,0.1
P0457,1980,2020,40,40-59,EV-A71,512,1,Protected,0.1
P0457,1980,2020,40,40-59,EV-D68,128,1,Protected,0.1
P0457,1980,2020,40,40-59,CVA6,512,1,Protected,0.1
P0457,1980,2020,40,40-59,CVA16,256,1,Protected,0.1
P0457,1980,2025,45,40-59,EV-A71,512,1,Protected,0.1
P0457,1980,2025,45,40-59,EV-D68,256,1,Protected,0.1
P0457,1980,2025,45,40-59,CVA6,256,1,Protected,0.1
P0457,1980,2025,45,40-59,CVA16,256,1,Protected,0.1
P0458,1989,2005,16,15-19,EV-A71,256,1,Protected,0.1
P0458,1989,2005,16,15-19,EV-D68,64,1,Protected,0.1
P0458,1989,2005,16,15-19,CVA6,128,1,Protected,0.1
P0458,1989,2005,16,15-19,CVA16,32,1,Partially protected,0.5
P0458,1989,2010,21,20-39,EV-A71,256,1,Protected,0.1
P0458,1989,2010,21,20-39,EV-D68,64,1,Protected,0.1
P0458,1989,2010,21,20-39,CVA6,512,1,Protected,0.1
P0458,1989,2010,21,20-39,CVA16,128,1,Protected,0.1
P0458,1989,2015,26,20-39,EV-A71,256,1,Protected,0.1
P0458,1989,2015,26,20-39,EV-D68,512,1,Protected,0.1
P0458,1989,2015,26,20-39,CVA6,512,1,Protected,0.1
P0458,1989,2015,26,20-39,CVA16,128,1,Protected,0.1
P0458,1989,2020,31,20-39,EV-A71,512,1,Protected,0.1
P0458,1989,2020,31,20-39,EV-D68,256,1,Protected,0.1
P0458,1989,2020,31,20-39,CVA6,256,1,Protected,0.1
P0458,1989,2020,31,20-39,CVA16,256,1,Protected,0.1
P0458,1989,2025,36,20-39,EV-A71,512,1,Protected,0.1
P0458,1989,2025,36,20-39,EV-D68,256,1,Protected,0.1
P0458,1989,2025,36,20-39,CVA6,512,1,Protected,0.1
P0458,1989,2025,36,20-39,CVA16,256,1,Protected,0.1
P0459,1978,2005,27,20-39,EV-A71,512,1,Protected,0.1
P0459,1978,2005,27,20-39,EV-D68,64,1,Protected,0.1
P0459,1978,2005,27,20-39,CVA6,256,1,Protected,0.1
P0459,1978,2005,27,20-39,CVA16,64,1,Protected,0.1
P0459,1978,2010,32,20-39,EV-A71,256,1,Protected,0.1
P0459,1978,2010,32,20-39,EV-D68,256,1,Protected,0.1
P0459,1978,2010,32,20-39,CVA6,128,1,Protected,0.1
P0459,1978,2010,32,20-39,CVA16,128,1,Protected,0.1
P0459,1978,2015,37,20-39,EV-A71,512,1,Protected,0.1
P0459,1978,2015,37,20-39,EV-D68,256,1,Protected,0.1
P0459,1978,2015,37,20-39,CVA6,512,1,Protected,0.1
P0459,1978,2015,37,20-39,CVA16,256,1,Protected,0.1
P0459,1978,2020,42,40-59,EV-A71,256,1,Protected,0.1
P0459,1978,2020,42,40-59,EV-D68,256,1,Protected,0.1
P0459,1978,2020,42,40-59,CVA6,512,1,Protected,0.1
P0459,1978,2020,42,40-59,CVA16,256,1,Protected,0.1
P0459,1978,2025,47,40-59,EV-A71,512,1,Protected,0.1
P0459,1978,2025,47,40-59,EV-D68,128,1,Protected,0.1
P0459,1978,2025,47,40-59,CVA6,512,1,Protected,0.1
P0459,1978,2025,47,40-59,CVA16,256,1,Protected,0.1
P0460,1975,2005,30,20-39,EV-A71,256,1,Protected,0.1
P0460,1975,2005,30,20-39,EV-D68,128,1,Protected,0.1
P0460,1975,2005,30,20-39,CVA6,256,1,Protected,0.1
P0460,1975,2005,30,20-39,CVA16,128,1,Protected,0.1
P0460,1975,2010,35,20-39,EV-A71,256,1,Protected,0.1
P0460,1975,2010,35,20-39,EV-D68,128,1,Protected,0.1
P0460,1975,2010,35,20-39,CVA6,512,1,Protected,0.1
P0460,1975,2010,35,20-39,CVA16,256,1,Protected,0.1
P0460,1975,2015,40,40-59,EV-A71,512,1,Protected,0.1
P0460,1975,2015,40,40-59,EV-D68,512,1,Protected,0.1
P0460,1975,2015,40,40-59,CVA6,512,1,Protected,0.1
P0460,1975,2015,40,40-59,CVA16,512,1,Protected,0.1
P0460,1975,2020,45,40-59,EV-A71,512,1,Protected,0.1
P0460,1975,2020,45,40-59,EV-D68,256,1,Protected,0.1
P0460,1975,2020,45,40-59,CVA6,512,1,Protected,0.1
P0460,1975,2020,45,40-59,CVA16,128,1,Protected,0.1
P0460,1975,2025,50,40-59,EV-A71,512,1,Protected,0.1
P0460,1975,2025,50,40-59,EV-D68,256,1,Protected,0.1
P0460,1975,2025,50,40-59,CVA6,256,1,Protected,0.1
P0460,1975,2025,50,40-59,CVA16,256,1,Protected,0.1
P0461,1968,2005,37,20-39,EV-A71,512,1,Protected,0.1
P0461,1968,2005,37,20-39,EV-D68,128,1,Protected,0.1
P0461,1968,2005,37,20-39,CVA6,512,1,Protected,0.1
P0461,1968,2005,37,20-39,CVA16,128,1,Protected,0.1
P0461,1968,2010,42,40-59,EV-A71,512,1,Protected,0.1
P0461,1968,2010,42,40-59,EV-D68,128,1,Protected,0.1
P0461,1968,2010,42,40-59,CVA6,256,1,Protected,0.1
P0461,1968,2010,42,40-59,CVA16,128,1,Protected,0.1
P0461,1968,2015,47,40-59,EV-A71,512,1,Protected,0.1
P0461,1968,2015,47,40-59,EV-D68,128,1,Protected,0.1
P0461,1968,2015,47,40-59,CVA6,256,1,Protected,0.1
P0461,1968,2015,47,40-59,CVA16,256,1,Protected,0.1
P0461,1968,2020,52,40-59,EV-A71,512,1,Protected,0.1
P0461,1968,2020,52,40-59,EV-D68,256,1,Protected,0.1
P0461,1968,2020,52,40-59,CVA6,512,1,Protected,0.1
P0461,1968,2020,52,40-59,CVA16,256,1,Protected,0.1
P0461,1968,2025,57,40-59,EV-A71,512,1,Protected,0.1
P0461,1968,2025,57,40-59,EV-D68,256,1,Protected,0.1
P0461,1968,2025,57,40-59,CVA6,512,1,Protected,0.1
P0461,1968,2025,57,40-59,CVA16,256,1,Protected,0.1
P0462,1953,2005,52,40-59,EV-A71,256,1,Protected,0.1
P0462,1953,2005,52,40-59,EV-D68,256,1,Protected,0.1
P0462,1953,2005,52,40-59,CVA6,256,1,Protected,0.1
P0462,1953,2005,52,40-59,CVA16,128,1,Protected,0.1
P0462,1953,2010,57,40-59,EV-A71,256,1,Protected,0.1
P0462,1953,2010,57,40-59,EV-D68,128,1,Protected,0.1
P0462,1953,2010,57,40-59,CVA6,512,1,Protected,0.1
P0462,1953,2010,57,40-59,CVA16,64,1,Protected,0.1
P0462,1953,2015,62,60+,EV-A71,512,1,Protected,0.1
P0462,1953,2015,62,60+,EV-D68,128,1,Protected,0.1
P0462,1953,2015,62,60+,CVA6,512,1,Protected,0.1
P0462,1953,2015,62,60+,CVA16,256,1,Protected,0.1
P0462,1953,2020,67,60+,EV-A71,512,1,Protected,0.1
P0462,1953,2020,67,60+,EV-D68,512,1,Protected,0.1
P0462,1953,2020,67,60+,CVA6,512,1,Protected,0.1
P0462,1953,2020,67,60+,CVA16,128,1,Protected,0.1
P0462,1953,2025,72,60+,EV-A71,512,1,Protected,0.1
P0462,1953,2025,72,60+,EV-D68,256,1,Protected,0.1
P0462,1953,2025,72,60+,CVA6,512,1,Protected,0.1
P0462,1953,2025,72,60+,CVA16,512,1,Protected,0.1
P0463,1955,2005,50,40-59,EV-A71,128,1,Protected,0.1
P0463,1955,2005,50,40-59,EV-D68,128,1,Protected,0.1
P0463,1955,2005,50,40-59,CVA6,128,1,Protected,0.1
P0463,1955,2005,50,40-59,CVA16,64,1,Protected,0.1
P0463,1955,2010,55,40-59,EV-A71,512,1,Protected,0.1
P0463,1955,2010,55,40-59,EV-D68,128,1,Protected,0.1
P0463,1955,2010,55,40-59,CVA6,256,1,Protected,0.1
P0463,1955,2010,55,40-59,CVA16,128,1,Protected,0.1
P0463,1955,2015,60,60+,EV-A71,512,1,Protected,0.1
P0463,1955,2015,60,60+,EV-D68,256,1,Protected,0.1
P0463,1955,2015,60,60+,CVA6,512,1,Protected,0.1
P0463,1955,2015,60,60+,CVA16,512,1,Protected,0.1
P0463,1955,2020,65,60+,EV-A71,256,1,Protected,0.1
P0463,1955,2020,65,60+,EV-D68,256,1,Protected,0.1
P0463,1955,2020,65,60+,CVA6,256,1,Protected,0.1
P0463,1955,2020,65,60+,CVA16,128,1,Protected,0.1
P0463,1955,2025,70,60+,EV-A71,512,1,Protected,0.1
P0463,1955,2025,70,60+,EV-D68,256,1,Protected,0.1
P0463,1955,2025,70,60+,CVA6,512,1,Protected,0.1
P0463,1955,2025,70,60+,CVA16,256,1,Protected,0.1
P0464,1981,2005,24,20-39,EV-A71,256,1,Protected,0.1
P0464,1981,2005,24,20-39,EV-D68,128,1,Protected,0.1
P0464,1981,2005,24,20-39,CVA6,128,1,Protected,0.1
P0464,1981,2005,24,20-39,CVA16,64,1,Protected,0.1
P0464,1981,2010,29,20-39,EV-A71,256,1,Protected,0.1
P0464,1981,2010,29,20-39,EV-D68,64,1,Protected,0.1
P0464,1981,2010,29,20-39,CVA6,256,1,Protected,0.1
P0464,1981,2010,29,20-39,CVA16,128,1,Protected,0.1
P0464,1981,2015,34,20-39,EV-A71,512,1,Protected,0.1
P0464,1981,2015,34,20-39,EV-D68,256,1,Protected,0.1
P0464,1981,2015,34,20-39,CVA6,512,1,Protected,0.1
P0464,1981,2015,34,20-39,CVA16,128,1,Protected,0.1
P0464,1981,2020,39,20-39,EV-A71,256,1,Protected,0.1
P0464,1981,2020,39,20-39,EV-D68,512,1,Protected,0.1
P0464,1981,2020,39,20-39,CVA6,512,1,Protected,0.1
P0464,1981,2020,39,20-39,CVA16,256,1,Protected,0.1
P0464,1981,2025,44,40-59,EV-A71,512,1,Protected,0.1
P0464,1981,2025,44,40-59,EV-D68,256,1,Protected,0.1
P0464,1981,2025,44,40-59,CVA6,512,1,Protected,0.1
P0464,1981,2025,44,40-59,CVA16,256,1,Protected,0.1
P0465,2010,2010,0,0-4,EV-A71,64,1,Protected,0.1
P0465,2010,2010,0,0-4,EV-D68,16,0,Susceptible,1.0
P0465,2010,2010,0,0-4,CVA6,128,1,Protected,0.1
P0465,2010,2010,0,0-4,CVA16,16,0,Susceptible,1.0
P0465,2010,2015,5,5-9,EV-A71,128,1,Protected,0.1
P0465,2010,2015,5,5-9,EV-D68,64,1,Protected,0.1
P0465,2010,2015,5,5-9,CVA6,64,1,Protected,0.1
P0465,2010,2015,5,5-9,CVA16,128,1,Protected,0.1
P0465,2010,2020,10,10-14,EV-A71,256,1,Protected,0.1
P0465,2010,2020,10,10-14,EV-D68,128,1,Protected,0.1
P0465,2010,2020,10,10-14,CVA6,128,1,Protected,0.1
P0465,2010,2020,10,10-14,CVA16,64,1,Protected,0.1
P0465,2010,2025,15,15-19,EV-A71,256,1,Protected,0.1
P0465,2010,2025,15,15-19,EV-D68,128,1,Protected,0.1
P0465,2010,2025,15,15-19,CVA6,256,1,Protected,0.1
P0465,2010,2025,15,15-19,CVA16,128,1,Protected,0.1
P0466,1959,2005,46,40-59,EV-A71,256,1,Protected,0.1
P0466,1959,2005,46,40-59,EV-D68,128,1,Protected,0.1
P0466,1959,2005,46,40-59,CVA6,128,1,Protected,0.1
P0466,1959,2005,46,40-59,CVA16,256,1,Protected,0.1
P0466,1959,2010,51,40-59,EV-A71,256,1,Protected,0.1
P0466,1959,2010,51,40-59,EV-D68,128,1,Protected,0.1
P0466,1959,2010,51,40-59,CVA6,128,1,Protected,0.1
P0466,1959,2010,51,40-59,CVA16,256,1,Protected,0.1
P0466,1959,2015,56,40-59,EV-A71,256,1,Protected,0.1
P0466,1959,2015,56,40-59,EV-D68,256,1,Protected,0.1
P0466,1959,2015,56,40-59,CVA6,512,1,Protected,0.1
P0466,1959,2015,56,40-59,CVA16,256,1,Protected,0.1
P0466,1959,2020,61,60+,EV-A71,256,1,Protected,0.1
P0466,1959,2020,61,60+,EV-D68,512,1,Protected,0.1
P0466,1959,2020,61,60+,CVA6,256,1,Protected,0.1
P0466,1959,2020,61,60+,CVA16,128,1,Protected,0.1
P0466,1959,2025,66,60+,EV-A71,512,1,Protected,0.1
P0466,1959,2025,66,60+,EV-D68,256,1,Protected,0.1
P0466,1959,2025,66,60+,CVA6,512,1,Protected,0.1
P0466,1959,2025,66,60+,CVA16,256,1,Protected,0.1
P0467,2008,2010,2,0-4,EV-A71,64,1,Protected,0.1
P0467,2008,2010,2,0-4,EV-D68,32,1,Partially protected,0.5
P0467,2008,2010,2,0-4,CVA6,32,1,Partially protected,0.5
P0467,2008,2010,2,0-4,CVA16,16,0,Susceptible,1.0
P0467,2008,2015,7,5-9,EV-A71,128,1,Protected,0.1
P0467,2008,2015,7,5-9,EV-D68,32,1,Partially protected,0.5
P0467,2008,2015,7,5-9,CVA6,64,1,Protected,0.1
P0467,2008,2015,7,5-9,CVA16,64,1,Protected,0.1
P0467,2008,2020,12,10-14,EV-A71,256,1,Protected,0.1
P0467,2008,2020,12,10-14,EV-D68,64,1,Protected,0.1
P0467,2008,2020,12,10-14,CVA6,256,1,Protected,0.1
P0467,2008,2020,12,10-14,CVA16,64,1,Protected,0.1
P0467,2008,2025,17,15-19,EV-A71,256,1,Protected,0.1
P0467,2008,2025,17,15-19,EV-D68,128,1,Protected,0.1
P0467,2008,2025,17,15-19,CVA6,128,1,Protected,0.1
P0467,2008,2025,17,15-19,CVA16,128,1,Protected,0.1
P0468,2003,2005,2,0-4,EV-A71,128,1,Protected,0.1
P0468,2003,2005,2,0-4,EV-D68,16,0,Susceptible,1.0
P0468,2003,2005,2,0-4,CVA6,64,1,Protected,0.1
P0468,2003,2005,2,0-4,CVA16,32,1,Partially protected,0.5
P0468,2003,2010,7,5-9,EV-A71,128,1,Protected,0.1
P0468,2003,2010,7,5-9,EV-D68,32,1,Partially protected,0.5
P0468,2003,2010,7,5-9,CVA6,128,1,Protected,0.1
P0468,2003,2010,7,5-9,CVA16,32,1,Partially protected,0.5
P0468,2003,2015,12,10-14,EV-A71,512,1,Protected,0.1
P0468,2003,2015,12,10-14,EV-D68,128,1,Protected,0.1
P0468,2003,2015,12,10-14,CVA6,256,1,Protected,0.1
P0468,2003,2015,12,10-14,CVA16,64,1,Protected,0.1
P0468,2003,2020,17,15-19,EV-A71,256,1,Protected,0.1
P0468,2003,2020,17,15-19,EV-D68,128,1,Protected,0.1
P0468,2003,2020,17,15-19,CVA6,128,1,Protected,0.1
P0468,2003,2020,17,15-19,CVA16,128,1,Protected,0.1
P0468,2003,2025,22,20-39,EV-A71,512,1,Protected,0.1
P0468,2003,2025,22,20-39,EV-D68,256,1,Protected,0.1
P0468,2003,2025,22,20-39,CVA6,256,1,Protected,0.1
P0468,2003,2025,22,20-39,CVA16,256,1,Protected,0.1
P0469,1974,2005,31,20-39,EV-A71,256,1,Protected,0.1
P0469,1974,2005,31,20-39,EV-D68,64,1,Protected,0.1
P0469,1974,2005,31,20-39,CVA6,256,1,Protected,0.1
P0469,1974,2005,31,20-39,CVA16,128,1,Protected,0.1
P0469,1974,2010,36,20-39,EV-A71,256,1,Protected,0.1
P0469,1974,2010,36,20-39,EV-D68,128,1,Protected,0.1
P0469,1974,2010,36,20-39,CVA6,128,1,Protected,0.1
P0469,1974,2010,36,20-39,CVA16,128,1,Protected,0.1
P0469,1974,2015,41,40-59,EV-A71,512,1,Protected,0.1
P0469,1974,2015,41,40-59,EV-D68,256,1,Protected,0.1
P0469,1974,2015,41,40-59,CVA6,256,1,Protected,0.1
P0469,1974,2015,41,40-59,CVA16,128,1,Protected,0.1
P0469,1974,2020,46,40-59,EV-A71,512,1,Protected,0.1
P0469,1974,2020,46,40-59,EV-D68,256,1,Protected,0.1
P0469,1974,2020,46,40-59,CVA6,512,1,Protected,0.1
P0469,1974,2020,46,40-59,CVA16,512,1,Protected,0.1
P0469,1974,2025,51,40-59,EV-A71,512,1,Protected,0.1
P0469,1974,2025,51,40-59,EV-D68,128,1,Protected,0.1
P0469,1974,2025,51,40-59,CVA6,512,1,Protected,0.1
P0469,1974,2025,51,40-59,CVA16,512,1,Protected,0.1
P0470,1999,2005,6,5-9,EV-A71,64,1,Protected,0.1
P0470,1999,2005,6,5-9,EV-D68,32,1,Partially protected,0.5
P0470,1999,2005,6,5-9,CVA6,32,1,Partially protected,0.5
P0470,1999,2005,6,5-9,CVA16,64,1,Protected,0.1
P0470,1999,2010,11,10-14,EV-A71,128,1,Protected,0.1
P0470,1999,2010,11,10-14,EV-D68,64,1,Protected,0.1
P0470,1999,2010,11,10-14,CVA6,128,1,Protected,0.1
P0470,1999,2010,11,10-14,CVA16,64,1,Protected,0.1
P0470,1999,2015,16,15-19,EV-A71,256,1,Protected,0.1
P0470,1999,2015,16,15-19,EV-D68,128,1,Protected,0.1
P0470,1999,2015,16,15-19,CVA6,256,1,Protected,0.1
P0470,1999,2015,16,15-19,CVA16,64,1,Protected,0.1
P0470,1999,2020,21,20-39,EV-A71,512,1,Protected,0.1
P0470,1999,2020,21,20-39,EV-D68,128,1,Protected,0.1
P0470,1999,2020,21,20-39,CVA6,512,1,Protected,0.1
P0470,1999,2020,21,20-39,CVA16,512,1,Protected,0.1
P0470,1999,2025,26,20-39,EV-A71,512,1,Protected,0.1
P0470,1999,2025,26,20-39,EV-D68,256,1,Protected,0.1
P0470,1999,2025,26,20-39,CVA6,512,1,Protected,0.1
P0470,1999,2025,26,20-39,CVA16,256,1,Protected,0.1
P0471,2013,2015,2,0-4,EV-A71,256,1,Protected,0.1
P0471,2013,2015,2,0-4,EV-D68,128,1,Protected,0.1
P0471,2013,2015,2,0-4,CVA6,64,1,Protected,0.1
P0471,2013,2015,2,0-4,CVA16,64,1,Protected,0.1
P0471,2013,2020,7,5-9,EV-A71,64,1,Protected,0.1
P0471,2013,2020,7,5-9,EV-D68,128,1,Protected,0.1
P0471,2013,2020,7,5-9,CVA6,64,1,Protected,0.1
P0471,2013,2020,7,5-9,CVA16,64,1,Protected,0.1
P0471,2013,2025,12,10-14,EV-A71,256,1,Protected,0.1
P0471,2013,2025,12,10-14,EV-D68,128,1,Protected,0.1
P0471,2013,2025,12,10-14,CVA6,256,1,Protected,0.1
P0471,2013,2025,12,10-14,CVA16,256,1,Protected,0.1
P0472,2001,2005,4,0-4,EV-A71,32,1,Partially protected,0.5
P0472,2001,2005,4,0-4,EV-D68,16,0,Susceptible,1.0
P0472,2001,2005,4,0-4,CVA6,64,1,Protected,0.1
P0472,2001,2005,4,0-4,CVA16,32,1,Partially protected,0.5
P0472,2001,2010,9,5-9,EV-A71,64,1,Protected,0.1
P0472,2001,2010,9,5-9,EV-D68,32,1,Partially protected,0.5
P0472,2001,2010,9,5-9,CVA6,64,1,Protected,0.1
P0472,2001,2010,9,5-9,CVA16,32,1,Partially protected,0.5
P0472,2001,2015,14,10-14,EV-A71,256,1,Protected,0.1
P0472,2001,2015,14,10-14,EV-D68,128,1,Protected,0.1
P0472,2001,2015,14,10-14,CVA6,128,1,Protected,0.1
P0472,2001,2015,14,10-14,CVA16,128,1,Protected,0.1
P0472,2001,2020,19,15-19,EV-A71,512,1,Protected,0.1
P0472,2001,2020,19,15-19,EV-D68,128,1,Protected,0.1
P0472,2001,2020,19,15-19,CVA6,256,1,Protected,0.1
P0472,2001,2020,19,15-19,CVA16,128,1,Protected,0.1
P0472,2001,2025,24,20-39,EV-A71,512,1,Protected,0.1
P0472,2001,2025,24,20-39,EV-D68,256,1,Protected,0.1
P0472,2001,2025,24,20-39,CVA6,256,1,Protected,0.1
P0472,2001,2025,24,20-39,CVA16,512,1,Protected,0.1
P0473,1981,2005,24,20-39,EV-A71,256,1,Protected,0.1
P0473,1981,2005,24,20-39,EV-D68,128,1,Protected,0.1
P0473,1981,2005,24,20-39,CVA6,128,1,Protected,0.1
P0473,1981,2005,24,20-39,CVA16,128,1,Protected,0.1
P0473,1981,2010,29,20-39,EV-A71,256,1,Protected,0.1
P0473,1981,2010,29,20-39,EV-D68,128,1,Protected,0.1
P0473,1981,2010,29,20-39,CVA6,256,1,Protected,0.1
P0473,1981,2010,29,20-39,CVA16,128,1,Protected,0.1
P0473,1981,2015,34,20-39,EV-A71,512,1,Protected,0.1
P0473,1981,2015,34,20-39,EV-D68,128,1,Protected,0.1
P0473,1981,2015,34,20-39,CVA6,512,1,Protected,0.1
P0473,1981,2015,34,20-39,CVA16,256,1,Protected,0.1
P0473,1981,2020,39,20-39,EV-A71,512,1,Protected,0.1
P0473,1981,2020,39,20-39,EV-D68,256,1,Protected,0.1
P0473,1981,2020,39,20-39,CVA6,512,1,Protected,0.1
P0473,1981,2020,39,20-39,CVA16,256,1,Protected,0.1
P0473,1981,2025,44,40-59,EV-A71,512,1,Protected,0.1
P0473,1981,2025,44,40-59,EV-D68,256,1,Protected,0.1
P0473,1981,2025,44,40-59,CVA6,256,1,Protected,0.1
P0473,1981,2025,44,40-59,CVA16,128,1,Protected,0.1
P0474,1968,2005,37,20-39,EV-A71,256,1,Protected,0.1
P0474,1968,2005,37,20-39,EV-D68,64,1,Protected,0.1
P0474,1968,2005,37,20-39,CVA6,256,1,Protected,0.1
P0474,1968,2005,37,20-39,CVA16,64,1,Protected,0.1
P0474,1968,2010,42,40-59,EV-A71,256,1,Protected,0.1
P0474,1968,2010,42,40-59,EV-D68,128,1,Protected,0.1
P0474,1968,2010,42,40-59,CVA6,256,1,Protected,0.1
P0474,1968,2010,42,40-59,CVA16,64,1,Protected,0.1
P0474,1968,2015,47,40-59,EV-A71,512,1,Protected,0.1
P0474,1968,2015,47,40-59,EV-D68,512,1,Protected,0.1
P0474,1968,2015,47,40-59,CVA6,512,1,Protected,0.1
P0474,1968,2015,47,40-59,CVA16,256,1,Protected,0.1
P0474,1968,2020,52,40-59,EV-A71,512,1,Protected,0.1
P0474,1968,2020,52,40-59,EV-D68,512,1,Protected,0.1
P0474,1968,2020,52,40-59,CVA6,256,1,Protected,0.1
P0474,1968,2020,52,40-59,CVA16,256,1,Protected,0.1
P0474,1968,2025,57,40-59,EV-A71,512,1,Protected,0.1
P0474,1968,2025,57,40-59,EV-D68,256,1,Protected,0.1
P0474,1968,2025,57,40-59,CVA6,512,1,Protected,0.1
P0474,1968,2025,57,40-59,CVA16,256,1,Protected,0.1
P0475,1950,2005,55,40-59,EV-A71,256,1,Protected,0.1
P0475,1950,2005,55,40-59,EV-D68,128,1,Protected,0.1
P0475,1950,2005,55,40-59,CVA6,256,1,Protected,0.1
P0475,1950,2005,55,40-59,CVA16,256,1,Protected,0.1
P0475,1950,2010,60,60+,EV-A71,256,1,Protected,0.1
P0475,1950,2010,60,60+,EV-D68,128,1,Protected,0.1
P0475,1950,2010,60,60+,CVA6,256,1,Protected,0.1
P0475,1950,2010,60,60+,CVA16,256,1,Protected,0.1
P0475,1950,2015,65,60+,EV-A71,512,1,Protected,0.1
P0475,1950,2015,65,60+,EV-D68,256,1,Protected,0.1
P0475,1950,2015,65,60+,CVA6,512,1,Protected,0.1
P0475,1950,2015,65,60+,CVA16,256,1,Protected,0.1
P0475,1950,2020,70,60+,EV-A71,256,1,Protected,0.1
P0475,1950,2020,70,60+,EV-D68,256,1,Protected,0.1
P0475,1950,2020,70,60+,CVA6,512,1,Protected,0.1
P0475,1950,2020,70,60+,CVA16,256,1,Protected,0.1
P0475,1950,2025,75,60+,EV-A71,512,1,Protected,0.1
P0475,1950,2025,75,60+,EV-D68,256,1,Protected,0.1
P0475,1950,2025,75,60+,CVA6,512,1,Protected,0.1
P0475,1950,2025,75,60+,CVA16,256,1,Protected,0.1
P0476,1963,2005,42,40-59,EV-A71,512,1,Protected,0.1
P0476,1963,2005,42,40-59,EV-D68,256,1,Protected,0.1
P0476,1963,2005,42,40-59,CVA6,256,1,Protected,0.1
P0476,1963,2005,42,40-59,CVA16,128,1,Protected,0.1
P0476,1963,2010,47,40-59,EV-A71,256,1,Protected,0.1
P0476,1963,2010,47,40-59,EV-D68,64,1,Protected,0.1
P0476,1963,2010,47,40-59,CVA6,256,1,Protected,0.1
P0476,1963,2010,47,40-59,CVA16,128,1,Protected,0.1
P0476,1963,2015,52,40-59,EV-A71,256,1,Protected,0.1
P0476,1963,2015,52,40-59,EV-D68,256,1,Protected,0.1
P0476,1963,2015,52,40-59,CVA6,512,1,Protected,0.1
P0476,1963,2015,52,40-59,CVA16,512,1,Protected,0.1
P0476,1963,2020,57,40-59,EV-A71,512,1,Protected,0.1
P0476,1963,2020,57,40-59,EV-D68,512,1,Protected,0.1
P0476,1963,2020,57,40-59,CVA6,512,1,Protected,0.1
P0476,1963,2020,57,40-59,CVA16,256,1,Protected,0.1
P0476,1963,2025,62,60+,EV-A71,512,1,Protected,0.1
P0476,1963,2025,62,60+,EV-D68,256,1,Protected,0.1
P0476,1963,2025,62,60+,CVA6,512,1,Protected,0.1
P0476,1963,2025,62,60+,CVA16,256,1,Protected,0.1
P0477,2004,2005,1,0-4,EV-A71,64,1,Protected,0.1
P0477,2004,2005,1,0-4,EV-D68,32,1,Partially protected,0.5
P0477,2004,2005,1,0-4,CVA6,128,1,Protected,0.1
P0477,2004,2005,1,0-4,CVA16,64,1,Protected,0.1
P0477,2004,2010,6,5-9,EV-A71,64,1,Protected,0.1
P0477,2004,2010,6,5-9,EV-D68,16,0,Susceptible,1.0
P0477,2004,2010,6,5-9,CVA6,64,1,Protected,0.1
P0477,2004,2010,6,5-9,CVA16,32,1,Partially protected,0.5
P0477,2004,2015,11,10-14,EV-A71,256,1,Protected,0.1
P0477,2004,2015,11,10-14,EV-D68,128,1,Protected,0.1
P0477,2004,2015,11,10-14,CVA6,256,1,Protected,0.1
P0477,2004,2015,11,10-14,CVA16,128,1,Protected,0.1
P0477,2004,2020,16,15-19,EV-A71,128,1,Protected,0.1
P0477,2004,2020,16,15-19,EV-D68,64,1,Protected,0.1
P0477,2004,2020,16,15-19,CVA6,512,1,Protected,0.1
P0477,2004,2020,16,15-19,CVA16,128,1,Protected,0.1
P0477,2004,2025,21,20-39,EV-A71,512,1,Protected,0.1
P0477,2004,2025,21,20-39,EV-D68,256,1,Protected,0.1
P0477,2004,2025,21,20-39,CVA6,512,1,Protected,0.1
P0477,2004,2025,21,20-39,CVA16,256,1,Protected,0.1
P0478,1978,2005,27,20-39,EV-A71,256,1,Protected,0.1
P0478,1978,2005,27,20-39,EV-D68,128,1,Protected,0.1
P0478,1978,2005,27,20-39,CVA6,256,1,Protected,0.1
P0478,1978,2005,27,20-39,CVA16,128,1,Protected,0.1
P0478,1978,2010,32,20-39,EV-A71,512,1,Protected,0.1
P0478,1978,2010,32,20-39,EV-D68,64,1,Protected,0.1
P0478,1978,2010,32,20-39,CVA6,256,1,Protected,0.1
P0478,1978,2010,32,20-39,CVA16,64,1,Protected,0.1
P0478,1978,2015,37,20-39,EV-A71,256,1,Protected,0.1
P0478,1978,2015,37,20-39,EV-D68,256,1,Protected,0.1
P0478,1978,2015,37,20-39,CVA6,512,1,Protected,0.1
P0478,1978,2015,37,20-39,CVA16,256,1,Protected,0.1
P0478,1978,2020,42,40-59,EV-A71,512,1,Protected,0.1
P0478,1978,2020,42,40-59,EV-D68,256,1,Protected,0.1
P0478,1978,2020,42,40-59,CVA6,512,1,Protected,0.1
P0478,1978,2020,42,40-59,CVA16,256,1,Protected,0.1
P0478,1978,2025,47,40-59,EV-A71,512,1,Protected,0.1
P0478,1978,2025,47,40-59,EV-D68,256,1,Protected,0.1
P0478,1978,2025,47,40-59,CVA6,512,1,Protected,0.1
P0478,1978,2025,47,40-59,CVA16,128,1,Protected,0.1
P0479,1972,2005,33,20-39,EV-A71,256,1,Protected,0.1
P0479,1972,2005,33,20-39,EV-D68,128,1,Protected,0.1
P0479,1972,2005,33,20-39,CVA6,256,1,Protected,0.1
P0479,1972,2005,33,20-39,CVA16,128,1,Protected,0.1
P0479,1972,2010,38,20-39,EV-A71,256,1,Protected,0.1
P0479,1972,2010,38,20-39,EV-D68,64,1,Protected,0.1
P0479,1972,2010,38,20-39,CVA6,256,1,Protected,0.1
P0479,1972,2010,38,20-39,CVA16,64,1,Protected,0.1
P0479,1972,2015,43,40-59,EV-A71,512,1,Protected,0.1
P0479,1972,2015,43,40-59,EV-D68,256,1,Protected,0.1
P0479,1972,2015,43,40-59,CVA6,512,1,Protected,0.1
P0479,1972,2015,43,40-59,CVA16,256,1,Protected,0.1
P0479,1972,2020,48,40-59,EV-A71,512,1,Protected,0.1
P0479,1972,2020,48,40-59,EV-D68,256,1,Protected,0.1
P0479,1972,2020,48,40-59,CVA6,512,1,Protected,0.1
P0479,1972,2020,48,40-59,CVA16,512,1,Protected,0.1
P0479,1972,2025,53,40-59,EV-A71,512,1,Protected,0.1
P0479,1972,2025,53,40-59,EV-D68,256,1,Protected,0.1
P0479,1972,2025,53,40-59,CVA6,256,1,Protected,0.1
P0479,1972,2025,53,40-59,CVA16,128,1,Protected,0.1
P0480,2016,2020,4,0-4,EV-A71,64,1,Protected,0.1
P0480,2016,2020,4,0-4,EV-D68,64,1,Protected,0.1
P0480,2016,2020,4,0-4,CVA6,128,1,Protected,0.1
P0480,2016,2020,4,0-4,CVA16,128,1,Protected,0.1
P0480,2016,2025,9,5-9,EV-A71,64,1,Protected,0.1
P0480,2016,2025,9,5-9,EV-D68,128,1,Protected,0.1
P0480,2016,2025,9,5-9,CVA6,128,1,Protected,0.1
P0480,2016,2025,9,5-9,CVA16,64,1,Protected,0.1
P0481,2009,2010,1,0-4,EV-A71,64,1,Protected,0.1
P0481,2009,2010,1,0-4,EV-D68,32,1,Partially protected,0.5
P0481,2009,2010,1,0-4,CVA6,64,1,Protected,0.1
P0481,2009,2010,1,0-4,CVA16,32,1,Partially protected,0.5
P0481,2009,2015,6,5-9,EV-A71,256,1,Protected,0.1
P0481,2009,2015,6,5-9,EV-D68,128,1,Protected,0.1
P0481,2009,2015,6,5-9,CVA6,128,1,Protected,0.1
P0481,2009,2015,6,5-9,CVA16,128,1,Protected,0.1
P0481,2009,2020,11,10-14,EV-A71,256,1,Protected,0.1
P0481,2009,2020,11,10-14,EV-D68,128,1,Protected,0.1
P0481,2009,2020,11,10-14,CVA6,128,1,Protected,0.1
P0481,2009,2020,11,10-14,CVA16,64,1,Protected,0.1
P0481,2009,2025,16,15-19,EV-A71,512,1,Protected,0.1
P0481,2009,2025,16,15-19,EV-D68,128,1,Protected,0.1
P0481,2009,2025,16,15-19,CVA6,256,1,Protected,0.1
P0481,2009,2025,16,15-19,CVA16,128,1,Protected,0.1
P0482,1956,2005,49,40-59,EV-A71,256,1,Protected,0.1
P0482,1956,2005,49,40-59,EV-D68,128,1,Protected,0.1
P0482,1956,2005,49,40-59,CVA6,256,1,Protected,0.1
P0482,1956,2005,49,40-59,CVA16,64,1,Protected,0.1
P0482,1956,2010,54,40-59,EV-A71,256,1,Protected,0.1
P0482,1956,2010,54,40-59,EV-D68,128,1,Protected,0.1
P0482,1956,2010,54,40-59,CVA6,128,1,Protected,0.1
P0482,1956,2010,54,40-59,CVA16,64,1,Protected,0.1
P0482,1956,2015,59,40-59,EV-A71,256,1,Protected,0.1
P0482,1956,2015,59,40-59,EV-D68,256,1,Protected,0.1
P0482,1956,2015,59,40-59,CVA6,512,1,Protected,0.1
P0482,1956,2015,59,40-59,CVA16,256,1,Protected,0.1
P0482,1956,2020,64,60+,EV-A71,512,1,Protected,0.1
P0482,1956,2020,64,60+,EV-D68,256,1,Protected,0.1
P0482,1956,2020,64,60+,CVA6,512,1,Protected,0.1
P0482,1956,2020,64,60+,CVA16,256,1,Protected,0.1
P0482,1956,2025,69,60+,EV-A71,512,1,Protected,0.1
P0482,1956,2025,69,60+,EV-D68,256,1,Protected,0.1
P0482,1956,2025,69,60+,CVA6,512,1,Protected,0.1
P0482,1956,2025,69,60+,CVA16,256,1,Protected,0.1
P0483,1981,2005,24,20-39,EV-A71,256,1,Protected,0.1
P0483,1981,2005,24,20-39,EV-D68,128,1,Protected,0.1
P0483,1981,2005,24,20-39,CVA6,512,1,Protected,0.1
P0483,1981,2005,24,20-39,CVA16,64,1,Protected,0.1
P0483,1981,2010,29,20-39,EV-A71,256,1,Protected,0.1
P0483,1981,2010,29,20-39,EV-D68,256,1,Protected,0.1
P0483,1981,2010,29,20-39,CVA6,256,1,Protected,0.1
P0483,1981,2010,29,20-39,CVA16,128,1,Protected,0.1
P0483,1981,2015,34,20-39,EV-A71,512,1,Protected,0.1
P0483,1981,2015,34,20-39,EV-D68,128,1,Protected,0.1
P0483,1981,2015,34,20-39,CVA6,512,1,Protected,0.1
P0483,1981,2015,34,20-39,CVA16,256,1,Protected,0.1
P0483,1981,2020,39,20-39,EV-A71,512,1,Protected,0.1
P0483,1981,2020,39,20-39,EV-D68,256,1,Protected,0.1
P0483,1981,2020,39,20-39,CVA6,512,1,Protected,0.1
P0483,1981,2020,39,20-39,CVA16,512,1,Protected,0.1
P0483,1981,2025,44,40-59,EV-A71,256,1,Protected,0.1
P0483,1981,2025,44,40-59,EV-D68,256,1,Protected,0.1
P0483,1981,2025,44,40-59,CVA6,256,1,Protected,0.1
P0483,1981,2025,44,40-59,CVA16,256,1,Protected,0.1
P0484,1965,2005,40,40-59,EV-A71,128,1,Protected,0.1
P0484,1965,2005,40,40-59,EV-D68,128,1,Protected,0.1
P0484,1965,2005,40,40-59,CVA6,128,1,Protected,0.1
P0484,1965,2005,40,40-59,CVA16,128,1,Protected,0.1
P0484,1965,2010,45,40-59,EV-A71,128,1,Protected,0.1
P0484,1965,2010,45,40-59,EV-D68,128,1,Protected,0.1
P0484,1965,2010,45,40-59,CVA6,128,1,Protected,0.1
P0484,1965,2010,45,40-59,CVA16,256,1,Protected,0.1
P0484,1965,2015,50,40-59,EV-A71,512,1,Protected,0.1
P0484,1965,2015,50,40-59,EV-D68,256,1,Protected,0.1
P0484,1965,2015,50,40-59,CVA6,512,1,Protected,0.1
P0484,1965,2015,50,40-59,CVA16,128,1,Protected,0.1
P0484,1965,2020,55,40-59,EV-A71,256,1,Protected,0.1
P0484,1965,2020,55,40-59,EV-D68,128,1,Protected,0.1
P0484,1965,2020,55,40-59,CVA6,512,1,Protected,0.1
P0484,1965,2020,55,40-59,CVA16,128,1,Protected,0.1
P0484,1965,2025,60,60+,EV-A71,512,1,Protected,0.1
P0484,1965,2025,60,60+,EV-D68,128,1,Protected,0.1
P0484,1965,2025,60,60+,CVA6,256,1,Protected,0.1
P0484,1965,2025,60,60+,CVA16,256,1,Protected,0.1
P0485,2008,2010,2,0-4,EV-A71,128,1,Protected,0.1
P0485,2008,2010,2,0-4,EV-D68,16,0,Susceptible,1.0
P0485,2008,2010,2,0-4,CVA6,64,1,Protected,0.1
P0485,2008,2010,2,0-4,CVA16,64,1,Protected,0.1
P0485,2008,2015,7,5-9,EV-A71,256,1,Protected,0.1
P0485,2008,2015,7,5-9,EV-D68,64,1,Protected,0.1
P0485,2008,2015,7,5-9,CVA6,128,1,Protected,0.1
P0485,2008,2015,7,5-9,CVA16,64,1,Protected,0.1
P0485,2008,2020,12,10-14,EV-A71,256,1,Protected,0.1
P0485,2008,2020,12,10-14,EV-D68,256,1,Protected,0.1
P0485,2008,2020,12,10-14,CVA6,256,1,Protected,0.1
P0485,2008,2020,12,10-14,CVA16,128,1,Protected,0.1
P0485,2008,2025,17,15-19,EV-A71,256,1,Protected,0.1
P0485,2008,2025,17,15-19,EV-D68,128,1,Protected,0.1
P0485,2008,2025,17,15-19,CVA6,256,1,Protected,0.1
P0485,2008,2025,17,15-19,CVA16,128,1,Protected,0.1
P0486,1967,2005,38,20-39,EV-A71,256,1,Protected,0.1
P0486,1967,2005,38,20-39,EV-D68,128,1,Protected,0.1
P0486,1967,2005,38,20-39,CVA6,256,1,Protected,0.1
P0486,1967,2005,38,20-39,CVA16,256,1,Protected,0.1
P0486,1967,2010,43,40-59,EV-A71,128,1,Protected,0.1
P0486,1967,2010,43,40-59,EV-D68,128,1,Protected,0.1
P0486,1967,2010,43,40-59,CVA6,256,1,Protected,0.1
P0486,1967,2010,43,40-59,CVA16,64,1,Protected,0.1
P0486,1967,2015,48,40-59,EV-A71,256,1,Protected,0.1
P0486,1967,2015,48,40-59,EV-D68,256,1,Protected,0.1
P0486,1967,2015,48,40-59,CVA6,512,1,Protected,0.1
P0486,1967,2015,48,40-59,CVA16,256,1,Protected,0.1
P0486,1967,2020,53,40-59,EV-A71,256,1,Protected,0.1
P0486,1967,2020,53,40-59,EV-D68,512,1,Protected,0.1
P0486,1967,2020,53,40-59,CVA6,256,1,Protected,0.1
P0486,1967,2020,53,40-59,CVA16,512,1,Protected,0.1
P0486,1967,2025,58,40-59,EV-A71,512,1,Protected,0.1
P0486,1967,2025,58,40-59,EV-D68,256,1,Protected,0.1
P0486,1967,2025,58,40-59,CVA6,512,1,Protected,0.1
P0486,1967,2025,58,40-59,CVA16,256,1,Protected,0.1
P0487,2009,2010,1,0-4,EV-A71,128,1,Protected,0.1
P0487,2009,2010,1,0-4,EV-D68,32,1,Partially protected,0.5
P0487,2009,2010,1,0-4,CVA6,128,1,Protected,0.1
P0487,2009,2010,1,0-4,CVA16,32,1,Partially protected,0.5
P0487,2009,2015,6,5-9,EV-A71,128,1,Protected,0.1
P0487,2009,2015,6,5-9,EV-D68,32,1,Partially protected,0.5
P0487,2009,2015,6,5-9,CVA6,128,1,Protected,0.1
P0487,2009,2015,6,5-9,CVA16,32,1,Partially protected,0.5
P0487,2009,2020,11,10-14,EV-A71,256,1,Protected,0.1
P0487,2009,2020,11,10-14,EV-D68,64,1,Protected,0.1
P0487,2009,2020,11,10-14,CVA6,256,1,Protected,0.1
P0487,2009,2020,11,10-14,CVA16,128,1,Protected,0.1
P0487,2009,2025,16,15-19,EV-A71,256,1,Protected,0.1
P0487,2009,2025,16,15-19,EV-D68,256,1,Protected,0.1
P0487,2009,2025,16,15-19,CVA6,256,1,Protected,0.1
P0487,2009,2025,16,15-19,CVA16,128,1,Protected,0.1
P0488,2017,2020,3,0-4,EV-A71,256,1,Protected,0.1
P0488,2017,2020,3,0-4,EV-D68,32,1,Partially protected,0.5
P0488,2017,2020,3,0-4,CVA6,128,1,Protected,0.1
P0488,2017,2020,3,0-4,CVA16,64,1,Protected,0.1
P0488,2017,2025,8,5-9,EV-A71,128,1,Protected,0.1
P0488,2017,2025,8,5-9,EV-D68,32,1,Partially protected,0.5
P0488,2017,2025,8,5-9,CVA6,128,1,Protected,0.1
P0488,2017,2025,8,5-9,CVA16,64,1,Protected,0.1
P0489,1990,2005,15,15-19,EV-A71,256,1,Protected,0.1
P0489,1990,2005,15,15-19,EV-D68,64,1,Protected,0.1
P0489,1990,2005,15,15-19,CVA6,128,1,Protected,0.1
P0489,1990,2005,15,15-19,CVA16,128,1,Protected,0.1
P0489,1990,2010,20,20-39,EV-A71,512,1,Protected,0.1
P0489,1990,2010,20,20-39,EV-D68,256,1,Protected,0.1
P0489,1990,2010,20,20-39,CVA6,128,1,Protected,0.1
P0489,1990,2010,20,20-39,CVA16,128,1,Protected,0.1
P0489,1990,2015,25,20-39,EV-A71,512,1,Protected,0.1
P0489,1990,2015,25,20-39,EV-D68,128,1,Protected,0.1
P0489,1990,2015,25,20-39,CVA6,512,1,Protected,0.1
P0489,1990,2015,25,20-39,CVA16,512,1,Protected,0.1
P0489,1990,2020,30,20-39,EV-A71,512,1,Protected,0.1
P0489,1990,2020,30,20-39,EV-D68,256,1,Protected,0.1
P0489,1990,2020,30,20-39,CVA6,512,1,Protected,0.1
P0489,1990,2020,30,20-39,CVA16,128,1,Protected,0.1
P0489,1990,2025,35,20-39,EV-A71,512,1,Protected,0.1
P0489,1990,2025,35,20-39,EV-D68,512,1,Protected,0.1
P0489,1990,2025,35,20-39,CVA6,512,1,Protected,0.1
P0489,1990,2025,35,20-39,CVA16,256,1,Protected,0.1
P0490,2006,2010,4,0-4,EV-A71,64,1,Protected,0.1
P0490,2006,2010,4,0-4,EV-D68,32,1,Partially protected,0.5
P0490,2006,2010,4,0-4,CVA6,32,1,Partially protected,0.5
P0490,2006,2010,4,0-4,CVA16,16,0,Susceptible,1.0
P0490,2006,2015,9,5-9,EV-A71,128,1,Protected,0.1
P0490,2006,2015,9,5-9,EV-D68,32,1,Partially protected,0.5
P0490,2006,2015,9,5-9,CVA6,128,1,Protected,0.1
P0490,2006,2015,9,5-9,CVA16,64,1,Protected,0.1
P0490,2006,2020,14,10-14,EV-A71,256,1,Protected,0.1
P0490,2006,2020,14,10-14,EV-D68,128,1,Protected,0.1
P0490,2006,2020,14,10-14,CVA6,256,1,Protected,0.1
P0490,2006,2020,14,10-14,CVA16,128,1,Protected,0.1
P0490,2006,2025,19,15-19,EV-A71,256,1,Protected,0.1
P0490,2006,2025,19,15-19,EV-D68,64,1,Protected,0.1
P0490,2006,2025,19,15-19,CVA6,256,1,Protected,0.1
P0490,2006,2025,19,15-19,CVA16,256,1,Protected,0.1
P0491,2014,2015,1,0-4,EV-A71,128,1,Protected,0.1
P0491,2014,2015,1,0-4,EV-D68,32,1,Partially protected,0.5
P0491,2014,2015,1,0-4,CVA6,128,1,Protected,0.1
P0491,2014,2015,1,0-4,CVA16,64,1,Protected,0.1
P0491,2014,2020,6,5-9,EV-A71,256,1,Protected,0.1
P0491,2014,2020,6,5-9,EV-D68,128,1,Protected,0.1
P0491,2014,2020,6,5-9,CVA6,64,1,Protected,0.1
P0491,2014,2020,6,5-9,CVA16,64,1,Protected,0.1
P0491,2014,2025,11,10-14,EV-A71,256,1,Protected,0.1
P0491,2014,2025,11,10-14,EV-D68,128,1,Protected,0.1
P0491,2014,2025,11,10-14,CVA6,512,1,Protected,0.1
P0491,2014,2025,11,10-14,CVA16,128,1,Protected,0.1
P0492,2004,2005,1,0-4,EV-A71,64,1,Protected,0.1
P0492,2004,2005,1,0-4,EV-D68,32,1,Partially protected,0.5
P0492,2004,2005,1,0-4,CVA6,64,1,Protected,0.1
P0492,2004,2005,1,0-4,CVA16,16,0,Susceptible,1.0
P0492,2004,2010,6,5-9,EV-A71,64,1,Protected,0.1
P0492,2004,2010,6,5-9,EV-D68,16,0,Susceptible,1.0
P0492,2004,2010,6,5-9,CVA6,32,1,Partially protected,0.5
P0492,2004,2010,6,5-9,CVA16,16,0,Susceptible,1.0
P0492,2004,2015,11,10-14,EV-A71,256,1,Protected,0.1
P0492,2004,2015,11,10-14,EV-D68,256,1,Protected,0.1
P0492,2004,2015,11,10-14,CVA6,256,1,Protected,0.1
P0492,2004,2015,11,10-14,CVA16,64,1,Protected,0.1
P0492,2004,2020,16,15-19,EV-A71,512,1,Protected,0.1
P0492,2004,2020,16,15-19,EV-D68,128,1,Protected,0.1
P0492,2004,2020,16,15-19,CVA6,256,1,Protected,0.1
P0492,2004,2020,16,15-19,CVA16,128,1,Protected,0.1
P0492,2004,2025,21,20-39,EV-A71,512,1,Protected,0.1
P0492,2004,2025,21,20-39,EV-D68,512,1,Protected,0.1
P0492,2004,2025,21,20-39,CVA6,256,1,Protected,0.1
P0492,2004,2025,21,20-39,CVA16,256,1,Protected,0.1
P0493,2020,2020,0,0-4,EV-A71,64,1,Protected,0.1
P0493,2020,2020,0,0-4,EV-D68,128,1,Protected,0.1
P0493,2020,2020,0,0-4,CVA6,256,1,Protected,0.1
P0493,2020,2020,0,0-4,CVA16,64,1,Protected,0.1
P0493,2020,2025,5,5-9,EV-A71,128,1,Protected,0.1
P0493,2020,2025,5,5-9,EV-D68,64,1,Protected,0.1
P0493,2020,2025,5,5-9,CVA6,128,1,Protected,0.1
P0493,2020,2025,5,5-9,CVA16,64,1,Protected,0.1
P0494,2007,2010,3,0-4,EV-A71,64,1,Protected,0.1
P0494,2007,2010,3,0-4,EV-D68,64,1,Protected,0.1
P0494,2007,2010,3,0-4,CVA6,128,1,Protected,0.1
P0494,2007,2010,3,0-4,CVA16,64,1,Protected,0.1
P0494,2007,2015,8,5-9,EV-A71,128,1,Protected,0.1
P0494,2007,2015,8,5-9,EV-D68,32,1,Partially protected,0.5
P0494,2007,2015,8,5-9,CVA6,128,1,Protected,0.1
P0494,2007,2015,8,5-9,CVA16,32,1,Partially protected,0.5
P0494,2007,2020,13,10-14,EV-A71,512,1,Protected,0.1
P0494,2007,2020,13,10-14,EV-D68,128,1,Protected,0.1
P0494,2007,2020,13,10-14,CVA6,256,1,Protected,0.1
P0494,2007,2020,13,10-14,CVA16,128,1,Protected,0.1
P0494,2007,2025,18,15-19,EV-A71,256,1,Protected,0.1
P0494,2007,2025,18,15-19,EV-D68,128,1,Protected,0.1
P0494,2007,2025,18,15-19,CVA6,256,1,Protected,0.1
P0494,2007,2025,18,15-19,CVA16,128,1,Protected,0.1
P0495,1970,2005,35,20-39,EV-A71,256,1,Protected,0.1
P0495,1970,2005,35,20-39,EV-D68,256,1,Protected,0.1
P0495,1970,2005,35,20-39,CVA6,256,1,Protected,0.1
P0495,1970,2005,35,20-39,CVA16,128,1,Protected,0.1
P0495,1970,2010,40,40-59,EV-A71,128,1,Protected,0.1
P0495,1970,2010,40,40-59,EV-D68,256,1,Protected,0.1
P0495,1970,2010,40,40-59,CVA6,256,1,Protected,0.1
P0495,1970,2010,40,40-59,CVA16,128,1,Protected,0.1
P0495,1970,2015,45,40-59,EV-A71,512,1,Protected,0.1
P0495,1970,2015,45,40-59,EV-D68,128,1,Protected,0.1
P0495,1970,2015,45,40-59,CVA6,512,1,Protected,0.1
P0495,1970,2015,45,40-59,CVA16,512,1,Protected,0.1
P0495,1970,2020,50,40-59,EV-A71,512,1,Protected,0.1
P0495,1970,2020,50,40-59,EV-D68,256,1,Protected,0.1
P0495,1970,2020,50,40-59,CVA6,512,1,Protected,0.1
P0495,1970,2020,50,40-59,CVA16,256,1,Protected,0.1
P0495,1970,2025,55,40-59,EV-A71,512,1,Protected,0.1
P0495,1970,2025,55,40-59,EV-D68,128,1,Protected,0.1
P0495,1970,2025,55,40-59,CVA6,512,1,Protected,0.1
P0495,1970,2025,55,40-59,CVA16,256,1,Protected,0.1
P0496,2010,2010,0,0-4,EV-A71,64,1,Protected,0.1
P0496,2010,2010,0,0-4,EV-D68,32,1,Partially protected,0.5
P0496,2010,2010,0,0-4,CVA6,32,1,Partially protected,0.5
P0496,2010,2010,0,0-4,CVA16,32,1,Partially protected,0.5
P0496,2010,2015,5,5-9,EV-A71,128,1,Protected,0.1
P0496,2010,2015,5,5-9,EV-D68,64,1,Protected,0.1
P0496,2010,2015,5,5-9,CVA6,128,1,Protected,0.1
P0496,2010,2015,5,5-9,CVA16,64,1,Protected,0.1
P0496,2010,2020,10,10-14,EV-A71,128,1,Protected,0.1
P0496,2010,2020,10,10-14,EV-D68,256,1,Protected,0.1
P0496,2010,2020,10,10-14,CVA6,256,1,Protected,0.1
P0496,2010,2020,10,10-14,CVA16,128,1,Protected,0.1
P0496,2010,2025,15,15-19,EV-A71,256,1,Protected,0.1
P0496,2010,2025,15,15-19,EV-D68,128,1,Protected,0.1
P0496,2010,2025,15,15-19,CVA6,256,1,Protected,0.1
P0496,2010,2025,15,15-19,CVA16,128,1,Protected,0.1
P0497,2007,2010,3,0-4,EV-A71,64,1,Protected,0.1
P0497,2007,2010,3,0-4,EV-D68,16,0,Susceptible,1.0
P0497,2007,2010,3,0-4,CVA6,128,1,Protected,0.1
P0497,2007,2010,3,0-4,CVA16,32,1,Partially protected,0.5
P0497,2007,2015,8,5-9,EV-A71,128,1,Protected,0.1
P0497,2007,2015,8,5-9,EV-D68,64,1,Protected,0.1
P0497,2007,2015,8,5-9,CVA6,256,1,Protected,0.1
P0497,2007,2015,8,5-9,CVA16,64,1,Protected,0.1
P0497,2007,2020,13,10-14,EV-A71,128,1,Protected,0.1
P0497,2007,2020,13,10-14,EV-D68,128,1,Protected,0.1
P0497,2007,2020,13,10-14,CVA6,256,1,Protected,0.1
P0497,2007,2020,13,10-14,CVA16,256,1,Protected,0.1
P0497,2007,2025,18,15-19,EV-A71,128,1,Protected,0.1
P0497,2007,2025,18,15-19,EV-D68,128,1,Protected,0.1
P0497,2007,2025,18,15-19,CVA6,256,1,Protected,0.1
P0497,2007,2025,18,15-19,CVA16,128,1,Protected,0.1
P0498,1983,2005,22,20-39,EV-A71,512,1,Protected,0.1
P0498,1983,2005,22,20-39,EV-D68,128,1,Protected,0.1
P0498,1983,2005,22,20-39,CVA6,256,1,Protected,0.1
P0498,1983,2005,22,20-39,CVA16,128,1,Protected,0.1
P0498,1983,2010,27,20-39,EV-A71,256,1,Protected,0.1
P0498,1983,2010,27,20-39,EV-D68,128,1,Protected,0.1
P0498,1983,2010,27,20-39,CVA6,256,1,Protected,0.1
P0498,1983,2010,27,20-39,CVA16,128,1,Protected,0.1
P0498,1983,2015,32,20-39,EV-A71,512,1,Protected,0.1
P0498,1983,2015,32,20-39,EV-D68,128,1,Protected,0.1
P0498,1983,2015,32,20-39,CVA6,512,1,Protected,0.1
P0498,1983,2015,32,20-39,CVA16,512,1,Protected,0.1
P0498,1983,2020,37,20-39,EV-A71,256,1,Protected,0.1
P0498,1983,2020,37,20-39,EV-D68,256,1,Protected,0.1
P0498,1983,2020,37,20-39,CVA6,512,1,Protected,0.1
P0498,1983,2020,37,20-39,CVA16,256,1,Protected,0.1
P0498,1983,2025,42,40-59,EV-A71,512,1,Protected,0.1
P0498,1983,2025,42,40-59,EV-D68,128,1,Protected,0.1
P0498,1983,2025,42,40-59,CVA6,256,1,Protected,0.1
P0498,1983,2025,42,40-59,CVA16,256,1,Protected,0.1
P0499,1981,2005,24,20-39,EV-A71,256,1,Protected,0.1
P0499,1981,2005,24,20-39,EV-D68,128,1,Protected,0.1
P0499,1981,2005,24,20-39,CVA6,128,1,Protected,0.1
P0499,1981,2005,24,20-39,CVA16,64,1,Protected,0.1
P0499,1981,2010,29,20-39,EV-A71,512,1,Protected,0.1
P0499,1981,2010,29,20-39,EV-D68,128,1,Protected,0.1
P0499,1981,2010,29,20-39,CVA6,512,1,Protected,0.1
P0499,1981,2010,29,20-39,CVA16,128,1,Protected,0.1
P0499,1981,2015,34,20-39,EV-A71,512,1,Protected,0.1
P0499,1981,2015,34,20-39,EV-D68,256,1,Protected,0.1
P0499,1981,2015,34,20-39,CVA6,512,1,Protected,0.1
P0499,1981,2015,34,20-39,CVA16,128,1,Protected,0.1
P0499,1981,2020,39,20-39,EV-A71,256,1,Protected,0.1
P0499,1981,2020,39,20-39,EV-D68,256,1,Protected,0.1
P0499,1981,2020,39,20-39,CVA6,512,1,Protected,0.1
P0499,1981,2020,39,20-39,CVA16,256,1,Protected,0.1
P0499,1981,2025,44,40-59,EV-A71,512,1,Protected,0.1
P0499,1981,2025,44,40-59,EV-D68,512,1,Protected,0.1
P0499,1981,2025,44,40-59,CVA6,512,1,Protected,0.1
P0499,1981,2025,44,40-59,CVA16,256,1,Protected,0.1
P0500,1985,2005,20,20-39,EV-A71,128,1,Protected,0.1
P0500,1985,2005,20,20-39,EV-D68,128,1,Protected,0.1
P0500,1985,2005,20,20-39,CVA6,256,1,Protected,0.1
P0500,1985,2005,20,20-39,CVA16,128,1,Protected,0.1
P0500,1985,2010,25,20-39,EV-A71,256,1,Protected,0.1
P0500,1985,2010,25,20-39,EV-D68,128,1,Protected,0.1
P0500,1985,2010,25,20-39,CVA6,128,1,Protected,0.1
P0500,1985,2010,25,20-39,CVA16,64,1,Protected,0.1
P0500,1985,2015,30,20-39,EV-A71,256,1,Protected,0.1
P0500,1985,2015,30,20-39,EV-D68,128,1,Protected,0.1
P0500,1985,2015,30,20-39,CVA6,256,1,Protected,0.1
P0500,1985,2015,30,20-39,CVA16,256,1,Protected,0.1
P0500,1985,2020,35,20-39,EV-A71,512,1,Protected,0.1
P0500,1985,2020,35,20-39,EV-D68,256,1,Protected,0.1
P0500,1985,2020,35,20-39,CVA6,256,1,Protected,0.1
P0500,1985,2020,35,20-39,CVA16,512,1,Protected,0.1
P0500,1985,2025,40,40-59,EV-A71,512,1,Protected,0.1
P0500,1985,2025,40,40-59,EV-D68,512,1,Protected,0.1
P0500,1985,2025,40,40-59,CVA6,512,1,Protected,0.1
P0500,1985,2025,40,40-59,CVA16,256,1,Protected,0.1
P0501,2016,2020,4,0-4,EV-A71,64,1,Protected,0.1
P0501,2016,2020,4,0-4,EV-D68,128,1,Protected,0.1
P0501,2016,2020,4,0-4,CVA6,128,1,Protected,0.1
P0501,2016,2020,4,0-4,CVA16,64,1,Protected,0.1
P0501,2016,2025,9,5-9,EV-A71,128,1,Protected,0.1
P0501,2016,2025,9,5-9,EV-D68,64,1,Protected,0.1
P0501,2016,2025,9,5-9,CVA6,128,1,Protected,0.1
P0501,2016,2025,9,5-9,CVA16,128,1,Protected,0.1
P0502,2012,2015,3,0-4,EV-A71,128,1,Protected,0.1
P0502,2012,2015,3,0-4,EV-D68,32,1,Partially protected,0.5
P0502,2012,2015,3,0-4,CVA6,128,1,Protected,0.1
P0502,2012,2015,3,0-4,CVA16,32,1,Partially protected,0.5
P0502,2012,2020,8,5-9,EV-A71,256,1,Protected,0.1
P0502,2012,2020,8,5-9,EV-D68,64,1,Protected,0.1
P0502,2012,2020,8,5-9,CVA6,128,1,Protected,0.1
P0502,2012,2020,8,5-9,CVA16,32,1,Partially protected,0.5
P0502,2012,2025,13,10-14,EV-A71,256,1,Protected,0.1
P0502,2012,2025,13,10-14,EV-D68,256,1,Protected,0.1
P0502,2012,2025,13,10-14,CVA6,512,1,Protected,0.1
P0502,2012,2025,13,10-14,CVA16,256,1,Protected,0.1
P0503,1980,2005,25,20-39,EV-A71,256,1,Protected,0.1
P0503,1980,2005,25,20-39,EV-D68,64,1,Protected,0.1
P0503,1980,2005,25,20-39,CVA6,512,1,Protected,0.1
P0503,1980,2005,25,20-39,CVA16,256,1,Protected,0.1
P0503,1980,2010,30,20-39,EV-A71,512,1,Protected,0.1
P0503,1980,2010,30,20-39,EV-D68,64,1,Protected,0.1
P0503,1980,2010,30,20-39,CVA6,256,1,Protected,0.1
P0503,1980,2010,30,20-39,CVA16,64,1,Protected,0.1
P0503,1980,2015,35,20-39,EV-A71,512,1,Protected,0.1
P0503,1980,2015,35,20-39,EV-D68,512,1,Protected,0.1
P0503,1980,2015,35,20-39,CVA6,512,1,Protected,0.1
P0503,1980,2015,35,20-39,CVA16,128,1,Protected,0.1
P0503,1980,2020,40,40-59,EV-A71,512,1,Protected,0.1
P0503,1980,2020,40,40-59,EV-D68,256,1,Protected,0.1
P0503,1980,2020,40,40-59,CVA6,512,1,Protected,0.1
P0503,1980,2020,40,40-59,CVA16,128,1,Protected,0.1
P0503,1980,2025,45,40-59,EV-A71,256,1,Protected,0.1
P0503,1980,2025,45,40-59,EV-D68,256,1,Protected,0.1
P0503,1980,2025,45,40-59,CVA6,512,1,Protected,0.1
P0503,1980,2025,45,40-59,CVA16,256,1,Protected,0.1
P0504,1985,2005,20,20-39,EV-A71,256,1,Protected,0.1
P0504,1985,2005,20,20-39,EV-D68,64,1,Protected,0.1
P0504,1985,2005,20,20-39,CVA6,512,1,Protected,0.1
P0504,1985,2005,20,20-39,CVA16,128,1,Protected,0.1
P0504,1985,2010,25,20-39,EV-A71,128,1,Protected,0.1
P0504,1985,2010,25,20-39,EV-D68,64,1,Protected,0.1
P0504,1985,2010,25,20-39,CVA6,128,1,Protected,0.1
P0504,1985,2010,25,20-39,CVA16,256,1,Protected,0.1
P0504,1985,2015,30,20-39,EV-A71,512,1,Protected,0.1
P0504,1985,2015,30,20-39,EV-D68,256,1,Protected,0.1
P0504,1985,2015,30,20-39,CVA6,512,1,Protected,0.1
P0504,1985,2015,30,20-39,CVA16,256,1,Protected,0.1
P0504,1985,2020,35,20-39,EV-A71,512,1,Protected,0.1
P0504,1985,2020,35,20-39,EV-D68,128,1,Protected,0.1
P0504,1985,2020,35,20-39,CVA6,512,1,Protected,0.1
P0504,1985,2020,35,20-39,CVA16,256,1,Protected,0.1
P0504,1985,2025,40,40-59,EV-A71,256,1,Protected,0.1
P0504,1985,2025,40,40-59,EV-D68,512,1,Protected,0.1
P0504,1985,2025,40,40-59,CVA6,512,1,Protected,0.1
P0504,1985,2025,40,40-59,CVA16,512,1,Protected,0.1
P0505,2006,2010,4,0-4,EV-A71,64,1,Protected,0.1
P0505,2006,2010,4,0-4,EV-D68,32,1,Partially protected,0.5
P0505,2006,2010,4,0-4,CVA6,128,1,Protected,0.1
P0505,2006,2010,4,0-4,CVA16,32,1,Partially protected,0.5
P0505,2006,2015,9,5-9,EV-A71,128,1,Protected,0.1
P0505,2006,2015,9,5-9,EV-D68,128,1,Protected,0.1
P0505,2006,2015,9,5-9,CVA6,128,1,Protected,0.1
P0505,2006,2015,9,5-9,CVA16,128,1,Protected,0.1
P0505,2006,2020,14,10-14,EV-A71,512,1,Protected,0.1
P0505,2006,2020,14,10-14,EV-D68,256,1,Protected,0.1
P0505,2006,2020,14,10-14,CVA6,256,1,Protected,0.1
P0505,2006,2020,14,10-14,CVA16,64,1,Protected,0.1
P0505,2006,2025,19,15-19,EV-A71,128,1,Protected,0.1
P0505,2006,2025,19,15-19,EV-D68,128,1,Protected,0.1
P0505,2006,2025,19,15-19,CVA6,128,1,Protected,0.1
P0505,2006,2025,19,15-19,CVA16,128,1,Protected,0.1
P0506,1959,2005,46,40-59,EV-A71,256,1,Protected,0.1
P0506,1959,2005,46,40-59,EV-D68,128,1,Protected,0.1
P0506,1959,2005,46,40-59,CVA6,256,1,Protected,0.1
P0506,1959,2005,46,40-59,CVA16,128,1,Protected,0.1
P0506,1959,2010,51,40-59,EV-A71,512,1,Protected,0.1
P0506,1959,2010,51,40-59,EV-D68,256,1,Protected,0.1
P0506,1959,2010,51,40-59,CVA6,256,1,Protected,0.1
P0506,1959,2010,51,40-59,CVA16,256,1,Protected,0.1
P0506,1959,2015,56,40-59,EV-A71,512,1,Protected,0.1
P0506,1959,2015,56,40-59,EV-D68,256,1,Protected,0.1
P0506,1959,2015,56,40-59,CVA6,512,1,Protected,0.1
P0506,1959,2015,56,40-59,CVA16,512,1,Protected,0.1
P0506,1959,2020,61,60+,EV-A71,512,1,Protected,0.1
P0506,1959,2020,61,60+,EV-D68,128,1,Protected,0.1
P0506,1959,2020,61,60+,CVA6,512,1,Protected,0.1
P0506,1959,2020,61,60+,CVA16,256,1,Protected,0.1
P0506,1959,2025,66,60+,EV-A71,512,1,Protected,0.1
P0506,1959,2025,66,60+,EV-D68,256,1,Protected,0.1
P0506,1959,2025,66,60+,CVA6,512,1,Protected,0.1
P0506,1959,2025,66,60+,CVA16,256,1,Protected,0.1
P0507,1986,2005,19,15-19,EV-A71,128,1,Protected,0.1
P0507,1986,2005,19,15-19,EV-D68,32,1,Partially protected,0.5
P0507,1986,2005,19,15-19,CVA6,128,1,Protected,0.1
P0507,1986,2005,19,15-19,CVA16,64,1,Protected,0.1
P0507,1986,2010,24,20-39,EV-A71,256,1,Protected,0.1
P0507,1986,2010,24,20-39,EV-D68,256,1,Protected,0.1
P0507,1986,2010,24,20-39,CVA6,256,1,Protected,0.1
P0507,1986,2010,24,20-39,CVA16,64,1,Protected,0.1
P0507,1986,2015,29,20-39,EV-A71,512,1,Protected,0.1
P0507,1986,2015,29,20-39,EV-D68,256,1,Protected,0.1
P0507,1986,2015,29,20-39,CVA6,512,1,Protected,0.1
P0507,1986,2015,29,20-39,CVA16,512,1,Protected,0.1
P0507,1986,2020,34,20-39,EV-A71,512,1,Protected,0.1
P0507,1986,2020,34,20-39,EV-D68,512,1,Protected,0.1
P0507,1986,2020,34,20-39,CVA6,512,1,Protected,0.1
P0507,1986,2020,34,20-39,CVA16,256,1,Protected,0.1
P0507,1986,2025,39,20-39,EV-A71,512,1,Protected,0.1
P0507,1986,2025,39,20-39,EV-D68,256,1,Protected,0.1
P0507,1986,2025,39,20-39,CVA6,512,1,Protected,0.1
P0507,1986,2025,39,20-39,CVA16,256,1,Protected,0.1
P0508,1980,2005,25,20-39,EV-A71,128,1,Protected,0.1
P0508,1980,2005,25,20-39,EV-D68,256,1,Protected,0.1
P0508,1980,2005,25,20-39,CVA6,256,1,Protected,0.1
P0508,1980,2005,25,20-39,CVA16,64,1,Protected,0.1
P0508,1980,2010,30,20-39,EV-A71,256,1,Protected,0.1
P0508,1980,2010,30,20-39,EV-D68,64,1,Protected,0.1
P0508,1980,2010,30,20-39,CVA6,512,1,Protected,0.1
P0508,1980,2010,30,20-39,CVA16,64,1,Protected,0.1
P0508,1980,2015,35,20-39,EV-A71,512,1,Protected,0.1
P0508,1980,2015,35,20-39,EV-D68,256,1,Protected,0.1
P0508,1980,2015,35,20-39,CVA6,256,1,Protected,0.1
P0508,1980,2015,35,20-39,CVA16,256,1,Protected,0.1
P0508,1980,2020,40,40-59,EV-A71,256,1,Protected,0.1
P0508,1980,2020,40,40-59,EV-D68,256,1,Protected,0.1
P0508,1980,2020,40,40-59,CVA6,512,1,Protected,0.1
P0508,1980,2020,40,40-59,CVA16,256,1,Protected,0.1
P0508,1980,2025,45,40-59,EV-A71,512,1,Protected,0.1
P0508,1980,2025,45,40-59,EV-D68,256,1,Protected,0.1
P0508,1980,2025,45,40-59,CVA6,512,1,Protected,0.1
P0508,1980,2025,45,40-59,CVA16,128,1,Protected,0.1
P0509,1984,2005,21,20-39,EV-A71,128,1,Protected,0.1
P0509,1984,2005,21,20-39,EV-D68,128,1,Protected,0.1
P0509,1984,2005,21,20-39,CVA6,256,1,Protected,0.1
P0509,1984,2005,21,20-39,CVA16,128,1,Protected,0.1
P0509,1984,2010,26,20-39,EV-A71,128,1,Protected,0.1
P0509,1984,2010,26,20-39,EV-D68,64,1,Protected,0.1
P0509,1984,2010,26,20-39,CVA6,256,1,Protected,0.1
P0509,1984,2010,26,20-39,CVA16,256,1,Protected,0.1
P0509,1984,2015,31,20-39,EV-A71,512,1,Protected,0.1
P0509,1984,2015,31,20-39,EV-D68,512,1,Protected,0.1
P0509,1984,2015,31,20-39,CVA6,512,1,Protected,0.1
P0509,1984,2015,31,20-39,CVA16,128,1,Protected,0.1
P0509,1984,2020,36,20-39,EV-A71,512,1,Protected,0.1
P0509,1984,2020,36,20-39,EV-D68,256,1,Protected,0.1
P0509,1984,2020,36,20-39,CVA6,512,1,Protected,0.1
P0509,1984,2020,36,20-39,CVA16,256,1,Protected,0.1
P0509,1984,2025,41,40-59,EV-A71,512,1,Protected,0.1
P0509,1984,2025,41,40-59,EV-D68,256,1,Protected,0.1
P0509,1984,2025,41,40-59,CVA6,512,1,Protected,0.1
P0509,1984,2025,41,40-59,CVA16,128,1,Protected,0.1
P0510,1992,2005,13,10-14,EV-A71,64,1,Protected,0.1
P0510,1992,2005,13,10-14,EV-D68,64,1,Protected,0.1
P0510,1992,2005,13,10-14,CVA6,128,1,Protected,0.1
P0510,1992,2005,13,10-14,CVA16,64,1,Protected,0.1
P0510,1992,2010,18,15-19,EV-A71,128,1,Protected,0.1
P0510,1992,2010,18,15-19,EV-D68,64,1,Protected,0.1
P0510,1992,2010,18,15-19,CVA6,256,1,Protected,0.1
P0510,1992,2010,18,15-19,CVA16,128,1,Protected,0.1
P0510,1992,2015,23,20-39,EV-A71,512,1,Protected,0.1
P0510,1992,2015,23,20-39,EV-D68,256,1,Protected,0.1
P0510,1992,2015,23,20-39,CVA6,512,1,Protected,0.1
P0510,1992,2015,23,20-39,CVA16,512,1,Protected,0.1
P0510,1992,2020,28,20-39,EV-A71,512,1,Protected,0.1
P0510,1992,2020,28,20-39,EV-D68,256,1,Protected,0.1
P0510,1992,2020,28,20-39,CVA6,256,1,Protected,0.1
P0510,1992,2020,28,20-39,CVA16,512,1,Protected,0.1
P0510,1992,2025,33,20-39,EV-A71,512,1,Protected,0.1
P0510,1992,2025,33,20-39,EV-D68,256,1,Protected,0.1
P0510,1992,2025,33,20-39,CVA6,512,1,Protected,0.1
P0510,1992,2025,33,20-39,CVA16,256,1,Protected,0.1
P0511,1990,2005,15,15-19,EV-A71,256,1,Protected,0.1
P0511,1990,2005,15,15-19,EV-D68,64,1,Protected,0.1
P0511,1990,2005,15,15-19,CVA6,64,1,Protected,0.1
P0511,1990,2005,15,15-19,CVA16,64,1,Protected,0.1
P0511,1990,2010,20,20-39,EV-A71,256,1,Protected,0.1
P0511,1990,2010,20,20-39,EV-D68,256,1,Protected,0.1
P0511,1990,2010,20,20-39,CVA6,256,1,Protected,0.1
P0511,1990,2010,20,20-39,CVA16,128,1,Protected,0.1
P0511,1990,2015,25,20-39,EV-A71,512,1,Protected,0.1
P0511,1990,2015,25,20-39,EV-D68,256,1,Protected,0.1
P0511,1990,2015,25,20-39,CVA6,512,1,Protected,0.1
P0511,1990,2015,25,20-39,CVA16,256,1,Protected,0.1
P0511,1990,2020,30,20-39,EV-A71,512,1,Protected,0.1
P0511,1990,2020,30,20-39,EV-D68,256,1,Protected,0.1
P0511,1990,2020,30,20-39,CVA6,512,1,Protected,0.1
P0511,1990,2020,30,20-39,CVA16,256,1,Protected,0.1
P0511,1990,2025,35,20-39,EV-A71,512,1,Protected,0.1
P0511,1990,2025,35,20-39,EV-D68,256,1,Protected,0.1
P0511,1990,2025,35,20-39,CVA6,512,1,Protected,0.1
P0511,1990,2025,35,20-39,CVA16,128,1,Protected,0.1
P0512,2019,2020,1,0-4,EV-A71,128,1,Protected,0.1
P0512,2019,2020,1,0-4,EV-D68,64,1,Protected,0.1
P0512,2019,2020,1,0-4,CVA6,128,1,Protected,0.1
P0512,2019,2020,1,0-4,CVA16,32,1,Partially protected,0.5
P0512,2019,2025,6,5-9,EV-A71,64,1,Protected,0.1
P0512,2019,2025,6,5-9,EV-D68,32,1,Partially protected,0.5
P0512,2019,2025,6,5-9,CVA6,128,1,Protected,0.1
P0512,2019,2025,6,5-9,CVA16,32,1,Partially protected,0.5
P0513,1960,2005,45,40-59,EV-A71,256,1,Protected,0.1
P0513,1960,2005,45,40-59,EV-D68,256,1,Protected,0.1
P0513,1960,2005,45,40-59,CVA6,128,1,Protected,0.1
P0513,1960,2005,45,40-59,CVA16,64,1,Protected,0.1
P0513,1960,2010,50,40-59,EV-A71,256,1,Protected,0.1
P0513,1960,2010,50,40-59,EV-D68,256,1,Protected,0.1
P0513,1960,2010,50,40-59,CVA6,256,1,Protected,0.1
P0513,1960,2010,50,40-59,CVA16,64,1,Protected,0.1
P0513,1960,2015,55,40-59,EV-A71,512,1,Protected,0.1
P0513,1960,2015,55,40-59,EV-D68,512,1,Protected,0.1
P0513,1960,2015,55,40-59,CVA6,512,1,Protected,0.1
P0513,1960,2015,55,40-59,CVA16,256,1,Protected,0.1
P0513,1960,2020,60,60+,EV-A71,512,1,Protected,0.1
P0513,1960,2020,60,60+,EV-D68,512,1,Protected,0.1
P0513,1960,2020,60,60+,CVA6,512,1,Protected,0.1
P0513,1960,2020,60,60+,CVA16,128,1,Protected,0.1
P0513,1960,2025,65,60+,EV-A71,512,1,Protected,0.1
P0513,1960,2025,65,60+,EV-D68,128,1,Protected,0.1
P0513,1960,2025,65,60+,CVA6,512,1,Protected,0.1
P0513,1960,2025,65,60+,CVA16,256,1,Protected,0.1
P0514,1967,2005,38,20-39,EV-A71,128,1,Protected,0.1
P0514,1967,2005,38,20-39,EV-D68,128,1,Protected,0.1
P0514,1967,2005,38,20-39,CVA6,512,1,Protected,0.1
P0514,1967,2005,38,20-39,CVA16,128,1,Protected,0.1
P0514,1967,2010,43,40-59,EV-A71,256,1,Protected,0.1
P0514,1967,2010,43,40-59,EV-D68,256,1,Protected,0.1
P0514,1967,2010,43,40-59,CVA6,512,1,Protected,0.1
P0514,1967,2010,43,40-59,CVA16,64,1,Protected,0.1
P0514,1967,2015,48,40-59,EV-A71,512,1,Protected,0.1
P0514,1967,2015,48,40-59,EV-D68,256,1,Protected,0.1
P0514,1967,2015,48,40-59,CVA6,512,1,Protected,0.1
P0514,1967,2015,48,40-59,CVA16,512,1,Protected,0.1
P0514,1967,2020,53,40-59,EV-A71,512,1,Protected,0.1
P0514,1967,2020,53,40-59,EV-D68,256,1,Protected,0.1
P0514,1967,2020,53,40-59,CVA6,256,1,Protected,0.1
P0514,1967,2020,53,40-59,CVA16,256,1,Protected,0.1
P0514,1967,2025,58,40-59,EV-A71,512,1,Protected,0.1
P0514,1967,2025,58,40-59,EV-D68,512,1,Protected,0.1
P0514,1967,2025,58,40-59,CVA6,512,1,Protected,0.1
P0514,1967,2025,58,40-59,CVA16,128,1,Protected,0.1
P0515,1969,2005,36,20-39,EV-A71,256,1,Protected,0.1
P0515,1969,2005,36,20-39,EV-D68,128,1,Protected,0.1
P0515,1969,2005,36,20-39,CVA6,256,1,Protected,0.1
P0515,1969,2005,36,20-39,CVA16,128,1,Protected,0.1
P0515,1969,2010,41,40-59,EV-A71,256,1,Protected,0.1
P0515,1969,2010,41,40-59,EV-D68,64,1,Protected,0.1
P0515,1969,2010,41,40-59,CVA6,256,1,Protected,0.1
P0515,1969,2010,41,40-59,CVA16,128,1,Protected,0.1
P0515,1969,2015,46,40-59,EV-A71,512,1,Protected,0.1
P0515,1969,2015,46,40-59,EV-D68,128,1,Protected,0.1
P0515,1969,2015,46,40-59,CVA6,512,1,Protected,0.1
P0515,1969,2015,46,40-59,CVA16,256,1,Protected,0.1
P0515,1969,2020,51,40-59,EV-A71,512,1,Protected,0.1
P0515,1969,2020,51,40-59,EV-D68,256,1,Protected,0.1
P0515,1969,2020,51,40-59,CVA6,512,1,Protected,0.1
P0515,1969,2020,51,40-59,CVA16,256,1,Protected,0.1
P0515,1969,2025,56,40-59,EV-A71,256,1,Protected,0.1
P0515,1969,2025,56,40-59,EV-D68,512,1,Protected,0.1
P0515,1969,2025,56,40-59,CVA6,512,1,Protected,0.1
P0515,1969,2025,56,40-59,CVA16,256,1,Protected,0.1
P0516,1979,2005,26,20-39,EV-A71,256,1,Protected,0.1
P0516,1979,2005,26,20-39,EV-D68,256,1,Protected,0.1
P0516,1979,2005,26,20-39,CVA6,128,1,Protected,0.1
P0516,1979,2005,26,20-39,CVA16,128,1,Protected,0.1
P0516,1979,2010,31,20-39,EV-A71,512,1,Protected,0.1
P0516,1979,2010,31,20-39,EV-D68,128,1,Protected,0.1
P0516,1979,2010,31,20-39,CVA6,128,1,Protected,0.1
P0516,1979,2010,31,20-39,CVA16,128,1,Protected,0.1
P0516,1979,2015,36,20-39,EV-A71,256,1,Protected,0.1
P0516,1979,2015,36,20-39,EV-D68,512,1,Protected,0.1
P0516,1979,2015,36,20-39,CVA6,512,1,Protected,0.1
P0516,1979,2015,36,20-39,CVA16,256,1,Protected,0.1
P0516,1979,2020,41,40-59,EV-A71,512,1,Protected,0.1
P0516,1979,2020,41,40-59,EV-D68,256,1,Protected,0.1
P0516,1979,2020,41,40-59,CVA6,256,1,Protected,0.1
P0516,1979,2020,41,40-59,CVA16,128,1,Protected,0.1
P0516,1979,2025,46,40-59,EV-A71,512,1,Protected,0.1
P0516,1979,2025,46,40-59,EV-D68,256,1,Protected,0.1
P0516,1979,2025,46,40-59,CVA6,512,1,Protected,0.1
P0516,1979,2025,46,40-59,CVA16,256,1,Protected,0.1
P0517,1999,2005,6,5-9,EV-A71,32,1,Partially protected,0.5
P0517,1999,2005,6,5-9,EV-D68,16,0,Susceptible,1.0
P0517,1999,2005,6,5-9,CVA6,64,1,Protected,0.1
P0517,1999,2005,6,5-9,CVA16,32,1,Partially protected,0.5
P0517,1999,2010,11,10-14,EV-A71,128,1,Protected,0.1
P0517,1999,2010,11,10-14,EV-D68,32,1,Partially protected,0.5
P0517,1999,2010,11,10-14,CVA6,256,1,Protected,0.1
P0517,1999,2010,11,10-14,CVA16,128,1,Protected,0.1
P0517,1999,2015,16,15-19,EV-A71,256,1,Protected,0.1
P0517,1999,2015,16,15-19,EV-D68,128,1,Protected,0.1
P0517,1999,2015,16,15-19,CVA6,128,1,Protected,0.1
P0517,1999,2015,16,15-19,CVA16,128,1,Protected,0.1
P0517,1999,2020,21,20-39,EV-A71,256,1,Protected,0.1
P0517,1999,2020,21,20-39,EV-D68,256,1,Protected,0.1
P0517,1999,2020,21,20-39,CVA6,512,1,Protected,0.1
P0517,1999,2020,21,20-39,CVA16,256,1,Protected,0.1
P0517,1999,2025,26,20-39,EV-A71,512,1,Protected,0.1
P0517,1999,2025,26,20-39,EV-D68,256,1,Protected,0.1
P0517,1999,2025,26,20-39,CVA6,512,1,Protected,0.1
P0517,1999,2025,26,20-39,CVA16,256,1,Protected,0.1
P0518,1969,2005,36,20-39,EV-A71,256,1,Protected,0.1
P0518,1969,2005,36,20-39,EV-D68,128,1,Protected,0.1
P0518,1969,2005,36,20-39,CVA6,256,1,Protected,0.1
P0518,1969,2005,36,20-39,CVA16,256,1,Protected,0.1
P0518,1969,2010,41,40-59,EV-A71,256,1,Protected,0.1
P0518,1969,2010,41,40-59,EV-D68,64,1,Protected,0.1
P0518,1969,2010,41,40-59,CVA6,256,1,Protected,0.1
P0518,1969,2010,41,40-59,CVA16,128,1,Protected,0.1
P0518,1969,2015,46,40-59,EV-A71,512,1,Protected,0.1
P0518,1969,2015,46,40-59,EV-D68,256,1,Protected,0.1
P0518,1969,2015,46,40-59,CVA6,512,1,Protected,0.1
P0518,1969,2015,46,40-59,CVA16,256,1,Protected,0.1
P0518,1969,2020,51,40-59,EV-A71,256,1,Protected,0.1
P0518,1969,2020,51,40-59,EV-D68,256,1,Protected,0.1
P0518,1969,2020,51,40-59,CVA6,512,1,Protected,0.1
P0518,1969,2020,51,40-59,CVA16,128,1,Protected,0.1
P0518,1969,2025,56,40-59,EV-A71,512,1,Protected,0.1
P0518,1969,2025,56,40-59,EV-D68,256,1,Protected,0.1
P0518,1969,2025,56,40-59,CVA6,256,1,Protected,0.1
P0518,1969,2025,56,40-59,CVA16,256,1,Protected,0.1
P0519,1977,2005,28,20-39,EV-A71,256,1,Protected,0.1
P0519,1977,2005,28,20-39,EV-D68,128,1,Protected,0.1
P0519,1977,2005,28,20-39,CVA6,256,1,Protected,0.1
P0519,1977,2005,28,20-39,CVA16,64,1,Protected,0.1
P0519,1977,2010,33,20-39,EV-A71,256,1,Protected,0.1
P0519,1977,2010,33,20-39,EV-D68,128,1,Protected,0.1
P0519,1977,2010,33,20-39,CVA6,256,1,Protected,0.1
P0519,1977,2010,33,20-39,CVA16,128,1,Protected,0.1
P0519,1977,2015,38,20-39,EV-A71,256,1,Protected,0.1
P0519,1977,2015,38,20-39,EV-D68,256,1,Protected,0.1
P0519,1977,2015,38,20-39,CVA6,512,1,Protected,0.1
P0519,1977,2015,38,20-39,CVA16,512,1,Protected,0.1
P0519,1977,2020,43,40-59,EV-A71,512,1,Protected,0.1
P0519,1977,2020,43,40-59,EV-D68,256,1,Protected,0.1
P0519,1977,2020,43,40-59,CVA6,512,1,Protected,0.1
P0519,1977,2020,43,40-59,CVA16,256,1,Protected,0.1
P0519,1977,2025,48,40-59,EV-A71,512,1,Protected,0.1
P0519,1977,2025,48,40-59,EV-D68,256,1,Protected,0.1
P0519,1977,2025,48,40-59,CVA6,512,1,Protected,0.1
P0519,1977,2025,48,40-59,CVA16,128,1,Protected,0.1
P0520,1958,2005,47,40-59,EV-A71,128,1,Protected,0.1
P0520,1958,2005,47,40-59,EV-D68,64,1,Protected,0.1
P0520,1958,2005,47,40-59,CVA6,256,1,Protected,0.1
P0520,1958,2005,47,40-59,CVA16,128,1,Protected,0.1
P0520,1958,2010,52,40-59,EV-A71,256,1,Protected,0.1
P0520,1958,2010,52,40-59,EV-D68,256,1,Protected,0.1
P0520,1958,2010,52,40-59,CVA6,128,1,Protected,0.1
P0520,1958,2010,52,40-59,CVA16,128,1,Protected,0.1
P0520,1958,2015,57,40-59,EV-A71,256,1,Protected,0.1
P0520,1958,2015,57,40-59,EV-D68,256,1,Protected,0.1
P0520,1958,2015,57,40-59,CVA6,512,1,Protected,0.1
P0520,1958,2015,57,40-59,CVA16,512,1,Protected,0.1
P0520,1958,2020,62,60+,EV-A71,256,1,Protected,0.1
P0520,1958,2020,62,60+,EV-D68,256,1,Protected,0.1
P0520,1958,2020,62,60+,CVA6,512,1,Protected,0.1
P0520,1958,2020,62,60+,CVA16,256,1,Protected,0.1
P0520,1958,2025,67,60+,EV-A71,512,1,Protected,0.1
P0520,1958,2025,67,60+,EV-D68,256,1,Protected,0.1
P0520,1958,2025,67,60+,CVA6,256,1,Protected,0.1
P0520,1958,2025,67,60+,CVA16,256,1,Protected,0.1
P0521,2003,2005,2,0-4,EV-A71,64,1,Protected,0.1
P0521,2003,2005,2,0-4,EV-D68,64,1,Protected,0.1
P0521,2003,2005,2,0-4,CVA6,64,1,Protected,0.1
P0521,2003,2005,2,0-4,CVA16,64,1,Protected,0.1
P0521,2003,2010,7,5-9,EV-A71,64,1,Protected,0.1
P0521,2003,2010,7,5-9,EV-D68,32,1,Partially protected,0.5
P0521,2003,2010,7,5-9,CVA6,64,1,Protected,0.1
P0521,2003,2010,7,5-9,CVA16,16,0,Susceptible,1.0
P0521,2003,2015,12,10-14,EV-A71,256,1,Protected,0.1
P0521,2003,2015,12,10-14,EV-D68,128,1,Protected,0.1
P0521,2003,2015,12,10-14,CVA6,256,1,Protected,0.1
P0521,2003,2015,12,10-14,CVA16,128,1,Protected,0.1
P0521,2003,2020,17,15-19,EV-A71,256,1,Protected,0.1
P0521,2003,2020,17,15-19,EV-D68,64,1,Protected,0.1
P0521,2003,2020,17,15-19,CVA6,512,1,Protected,0.1
P0521,2003,2020,17,15-19,CVA16,256,1,Protected,0.1
P0521,2003,2025,22,20-39,EV-A71,512,1,Protected,0.1
P0521,2003,2025,22,20-39,EV-D68,256,1,Protected,0.1
P0521,2003,2025,22,20-39,CVA6,512,1,Protected,0.1
P0521,2003,2025,22,20-39,CVA16,256,1,Protected,0.1
P0522,2002,2005,3,0-4,EV-A71,64,1,Protected,0.1
P0522,2002,2005,3,0-4,EV-D68,16,0,Susceptible,1.0
P0522,2002,2005,3,0-4,CVA6,64,1,Protected,0.1
P0522,2002,2005,3,0-4,CVA16,32,1,Partially protected,0.5
P0522,2002,2010,8,5-9,EV-A71,32,1,Partially protected,0.5
P0522,2002,2010,8,5-9,EV-D68,32,1,Partially protected,0.5
P0522,2002,2010,8,5-9,CVA6,64,1,Protected,0.1
P0522,2002,2010,8,5-9,CVA16,32,1,Partially protected,0.5
P0522,2002,2015,13,10-14,EV-A71,256,1,Protected,0.1
P0522,2002,2015,13,10-14,EV-D68,64,1,Protected,0.1
P0522,2002,2015,13,10-14,CVA6,512,1,Protected,0.1
P0522,2002,2015,13,10-14,CVA16,128,1,Protected,0.1
P0522,2002,2020,18,15-19,EV-A71,128,1,Protected,0.1
P0522,2002,2020,18,15-19,EV-D68,64,1,Protected,0.1
P0522,2002,2020,18,15-19,CVA6,256,1,Protected,0.1
P0522,2002,2020,18,15-19,CVA16,128,1,Protected,0.1
P0522,2002,2025,23,20-39,EV-A71,512,1,Protected,0.1
P0522,2002,2025,23,20-39,EV-D68,256,1,Protected,0.1
P0522,2002,2025,23,20-39,CVA6,512,1,Protected,0.1
P0522,2002,2025,23,20-39,CVA16,256,1,Protected,0.1
P0523,1992,2005,13,10-14,EV-A71,128,1,Protected,0.1
P0523,1992,2005,13,10-14,EV-D68,64,1,Protected,0.1
P0523,1992,2005,13,10-14,CVA6,128,1,Protected,0.1
P0523,1992,2005,13,10-14,CVA16,32,1,Partially protected,0.5
P0523,1992,2010,18,15-19,EV-A71,256,1,Protected,0.1
P0523,1992,2010,18,15-19,EV-D68,64,1,Protected,0.1
P0523,1992,2010,18,15-19,CVA6,64,1,Protected,0.1
P0523,1992,2010,18,15-19,CVA16,64,1,Protected,0.1
P0523,1992,2015,23,20-39,EV-A71,256,1,Protected,0.1
P0523,1992,2015,23,20-39,EV-D68,256,1,Protected,0.1
P0523,1992,2015,23,20-39,CVA6,512,1,Protected,0.1
P0523,1992,2015,23,20-39,CVA16,256,1,Protected,0.1
P0523,1992,2020,28,20-39,EV-A71,512,1,Protected,0.1
P0523,1992,2020,28,20-39,EV-D68,256,1,Protected,0.1
P0523,1992,2020,28,20-39,CVA6,512,1,Protected,0.1
P0523,1992,2020,28,20-39,CVA16,256,1,Protected,0.1
P0523,1992,2025,33,20-39,EV-A71,256,1,Protected,0.1
P0523,1992,2025,33,20-39,EV-D68,256,1,Protected,0.1
P0523,1992,2025,33,20-39,CVA6,256,1,Protected,0.1
P0523,1992,2025,33,20-39,CVA16,128,1,Protected,0.1
P0524,2019,2020,1,0-4,EV-A71,64,1,Protected,0.1
P0524,2019,2020,1,0-4,EV-D68,64,1,Protected,0.1
P0524,2019,2020,1,0-4,CVA6,128,1,Protected,0.1
P0524,2019,2020,1,0-4,CVA16,64,1,Protected,0.1
P0524,2019,2025,6,5-9,EV-A71,128,1,Protected,0.1
P0524,2019,2025,6,5-9,EV-D68,64,1,Protected,0.1
P0524,2019,2025,6,5-9,CVA6,256,1,Protected,0.1
P0524,2019,2025,6,5-9,CVA16,32,1,Partially protected,0.5
P0525,2009,2010,1,0-4,EV-A71,64,1,Protected,0.1
P0525,2009,2010,1,0-4,EV-D68,32,1,Partially protected,0.5
P0525,2009,2010,1,0-4,CVA6,64,1,Protected,0.1
P0525,2009,2010,1,0-4,CVA16,32,1,Partially protected,0.5
P0525,2009,2015,6,5-9,EV-A71,128,1,Protected,0.1
P0525,2009,2015,6,5-9,EV-D68,64,1,Protected,0.1
P0525,2009,2015,6,5-9,CVA6,128,1,Protected,0.1
P0525,2009,2015,6,5-9,CVA16,32,1,Partially protected,0.5
P0525,2009,2020,11,10-14,EV-A71,128,1,Protected,0.1
P0525,2009,2020,11,10-14,EV-D68,64,1,Protected,0.1
P0525,2009,2020,11,10-14,CVA6,512,1,Protected,0.1
P0525,2009,2020,11,10-14,CVA16,128,1,Protected,0.1
P0525,2009,2025,16,15-19,EV-A71,256,1,Protected,0.1
P0525,2009,2025,16,15-19,EV-D68,128,1,Protected,0.1
P0525,2009,2025,16,15-19,CVA6,256,1,Protected,0.1
P0525,2009,2025,16,15-19,CVA16,256,1,Protected,0.1
P0526,2003,2005,2,0-4,EV-A71,128,1,Protected,0.1
P0526,2003,2005,2,0-4,EV-D68,64,1,Protected,0.1
P0526,2003,2005,2,0-4,CVA6,64,1,Protected,0.1
P0526,2003,2005,2,0-4,CVA16,32,1,Partially protected,0.5
P0526,2003,2010,7,5-9,EV-A71,64,1,Protected,0.1
P0526,2003,2010,7,5-9,EV-D68,32,1,Partially protected,0.5
P0526,2003,2010,7,5-9,CVA6,128,1,Protected,0.1
P0526,2003,2010,7,5-9,CVA16,32,1,Partially protected,0.5
P0526,2003,2015,12,10-14,EV-A71,128,1,Protected,0.1
P0526,2003,2015,12,10-14,EV-D68,64,1,Protected,0.1
P0526,2003,2015,12,10-14,CVA6,256,1,Protected,0.1
P0526,2003,2015,12,10-14,CVA16,256,1,Protected,0.1
P0526,2003,2020,17,15-19,EV-A71,128,1,Protected,0.1
P0526,2003,2020,17,15-19,EV-D68,64,1,Protected,0.1
P0526,2003,2020,17,15-19,CVA6,512,1,Protected,0.1
P0526,2003,2020,17,15-19,CVA16,128,1,Protected,0.1
P0526,2003,2025,22,20-39,EV-A71,512,1,Protected,0.1
P0526,2003,2025,22,20-39,EV-D68,256,1,Protected,0.1
P0526,2003,2025,22,20-39,CVA6,256,1,Protected,0.1
P0526,2003,2025,22,20-39,CVA16,128,1,Protected,0.1
P0527,1957,2005,48,40-59,EV-A71,512,1,Protected,0.1
P0527,1957,2005,48,40-59,EV-D68,256,1,Protected,0.1
P0527,1957,2005,48,40-59,CVA6,256,1,Protected,0.1
P0527,1957,2005,48,40-59,CVA16,128,1,Protected,0.1
P0527,1957,2010,53,40-59,EV-A71,256,1,Protected,0.1
P0527,1957,2010,53,40-59,EV-D68,128,1,Protected,0.1
P0527,1957,2010,53,40-59,CVA6,512,1,Protected,0.1
P0527,1957,2010,53,40-59,CVA16,128,1,Protected,0.1
P0527,1957,2015,58,40-59,EV-A71,256,1,Protected,0.1
P0527,1957,2015,58,40-59,EV-D68,256,1,Protected,0.1
P0527,1957,2015,58,40-59,CVA6,512,1,Protected,0.1
P0527,1957,2015,58,40-59,CVA16,256,1,Protected,0.1
P0527,1957,2020,63,60+,EV-A71,512,1,Protected,0.1
P0527,1957,2020,63,60+,EV-D68,256,1,Protected,0.1
P0527,1957,2020,63,60+,CVA6,512,1,Protected,0.1
P0527,1957,2020,63,60+,CVA16,256,1,Protected,0.1
P0527,1957,2025,68,60+,EV-A71,512,1,Protected,0.1
P0527,1957,2025,68,60+,EV-D68,256,1,Protected,0.1
P0527,1957,2025,68,60+,CVA6,256,1,Protected,0.1
P0527,1957,2025,68,60+,CVA16,256,1,Protected,0.1
P0528,1976,2005,29,20-39,EV-A71,128,1,Protected,0.1
P0528,1976,2005,29,20-39,EV-D68,128,1,Protected,0.1
P0528,1976,2005,29,20-39,CVA6,256,1,Protected,0.1
P0528,1976,2005,29,20-39,CVA16,256,1,Protected,0.1
P0528,1976,2010,34,20-39,EV-A71,512,1,Protected,0.1
P0528,1976,2010,34,20-39,EV-D68,64,1,Protected,0.1
P0528,1976,2010,34,20-39,CVA6,256,1,Protected,0.1
P0528,1976,2010,34,20-39,CVA16,256,1,Protected,0.1
P0528,1976,2015,39,20-39,EV-A71,512,1,Protected,0.1
P0528,1976,2015,39,20-39,EV-D68,256,1,Protected,0.1
P0528,1976,2015,39,20-39,CVA6,512,1,Protected,0.1
P0528,1976,2015,39,20-39,CVA16,128,1,Protected,0.1
P0528,1976,2020,44,40-59,EV-A71,512,1,Protected,0.1
P0528,1976,2020,44,40-59,EV-D68,128,1,Protected,0.1
P0528,1976,2020,44,40-59,CVA6,512,1,Protected,0.1
P0528,1976,2020,44,40-59,CVA16,256,1,Protected,0.1
P0528,1976,2025,49,40-59,EV-A71,512,1,Protected,0.1
P0528,1976,2025,49,40-59,EV-D68,512,1,Protected,0.1
P0528,1976,2025,49,40-59,CVA6,512,1,Protected,0.1
P0528,1976,2025,49,40-59,CVA16,128,1,Protected,0.1
P0529,2003,2005,2,0-4,EV-A71,64,1,Protected,0.1
P0529,2003,2005,2,0-4,EV-D68,32,1,Partially protected,0.5
P0529,2003,2005,2,0-4,CVA6,128,1,Protected,0.1
P0529,2003,2005,2,0-4,CVA16,32,1,Partially protected,0.5
P0529,2003,2010,7,5-9,EV-A71,128,1,Protected,0.1
P0529,2003,2010,7,5-9,EV-D68,32,1,Partially protected,0.5
P0529,2003,2010,7,5-9,CVA6,64,1,Protected,0.1
P0529,2003,2010,7,5-9,CVA16,64,1,Protected,0.1
P0529,2003,2015,12,10-14,EV-A71,256,1,Protected,0.1
P0529,2003,2015,12,10-14,EV-D68,128,1,Protected,0.1
P0529,2003,2015,12,10-14,CVA6,256,1,Protected,0.1
P0529,2003,2015,12,10-14,CVA16,64,1,Protected,0.1
P0529,2003,2020,17,15-19,EV-A71,256,1,Protected,0.1
P0529,2003,2020,17,15-19,EV-D68,256,1,Protected,0.1
P0529,2003,2020,17,15-19,CVA6,256,1,Protected,0.1
P0529,2003,2020,17,15-19,CVA16,256,1,Protected,0.1
P0529,2003,2025,22,20-39,EV-A71,256,1,Protected,0.1
P0529,2003,2025,22,20-39,EV-D68,512,1,Protected,0.1
P0529,2003,2025,22,20-39,CVA6,512,1,Protected,0.1
P0529,2003,2025,22,20-39,CVA16,512,1,Protected,0.1
P0530,1999,2005,6,5-9,EV-A71,128,1,Protected,0.1
P0530,1999,2005,6,5-9,EV-D68,32,1,Partially protected,0.5
P0530,1999,2005,6,5-9,CVA6,64,1,Protected,0.1
P0530,1999,2005,6,5-9,CVA16,32,1,Partially protected,0.5
P0530,1999,2010,11,10-14,EV-A71,128,1,Protected,0.1
P0530,1999,2010,11,10-14,EV-D68,64,1,Protected,0.1
P0530,1999,2010,11,10-14,CVA6,256,1,Protected,0.1
P0530,1999,2010,11,10-14,CVA16,32,1,Partially protected,0.5
P0530,1999,2015,16,15-19,EV-A71,256,1,Protected,0.1
P0530,1999,2015,16,15-19,EV-D68,128,1,Protected,0.1
P0530,1999,2015,16,15-19,CVA6,128,1,Protected,0.1
P0530,1999,2015,16,15-19,CVA16,256,1,Protected,0.1
P0530,1999,2020,21,20-39,EV-A71,512,1,Protected,0.1
P0530,1999,2020,21,20-39,EV-D68,256,1,Protected,0.1
P0530,1999,2020,21,20-39,CVA6,256,1,Protected,0.1
P0530,1999,2020,21,20-39,CVA16,256,1,Protected,0.1
P0530,1999,2025,26,20-39,EV-A71,512,1,Protected,0.1
P0530,1999,2025,26,20-39,EV-D68,256,1,Protected,0.1
P0530,1999,2025,26,20-39,CVA6,512,1,Protected,0.1
P0530,1999,2025,26,20-39,CVA16,128,1,Protected,0.1
P0531,1952,2005,53,40-59,EV-A71,256,1,Protected,0.1
P0531,1952,2005,53,40-59,EV-D68,128,1,Protected,0.1
P0531,1952,2005,53,40-59,CVA6,512,1,Protected,0.1
P0531,1952,2005,53,40-59,CVA16,64,1,Protected,0.1
P0531,1952,2010,58,40-59,EV-A71,128,1,Protected,0.1
P0531,1952,2010,58,40-59,EV-D68,128,1,Protected,0.1
P0531,1952,2010,58,40-59,CVA6,512,1,Protected,0.1
P0531,1952,2010,58,40-59,CVA16,128,1,Protected,0.1
P0531,1952,2015,63,60+,EV-A71,512,1,Protected,0.1
P0531,1952,2015,63,60+,EV-D68,128,1,Protected,0.1
P0531,1952,2015,63,60+,CVA6,512,1,Protected,0.1
P0531,1952,2015,63,60+,CVA16,256,1,Protected,0.1
P0531,1952,2020,68,60+,EV-A71,512,1,Protected,0.1
P0531,1952,2020,68,60+,EV-D68,256,1,Protected,0.1
P0531,1952,2020,68,60+,CVA6,512,1,Protected,0.1
P0531,1952,2020,68,60+,CVA16,256,1,Protected,0.1
P0531,1952,2025,73,60+,EV-A71,512,1,Protected,0.1
P0531,1952,2025,73,60+,EV-D68,128,1,Protected,0.1
P0531,1952,2025,73,60+,CVA6,256,1,Protected,0.1
P0531,1952,2025,73,60+,CVA16,256,1,Protected,0.1
P0532,1998,2005,7,5-9,EV-A71,64,1,Protected,0.1
P0532,1998,2005,7,5-9,EV-D68,32,1,Partially protected,0.5
P0532,1998,2005,7,5-9,CVA6,64,1,Protected,0.1
P0532,1998,2005,7,5-9,CVA16,32,1,Partially protected,0.5
P0532,1998,2010,12,10-14,EV-A71,64,1,Protected,0.1
P0532,1998,2010,12,10-14,EV-D68,128,1,Protected,0.1
P0532,1998,2010,12,10-14,CVA6,256,1,Protected,0.1
P0532,1998,2010,12,10-14,CVA16,32,1,Partially protected,0.5
P0532,1998,2015,17,15-19,EV-A71,256,1,Protected,0.1
P0532,1998,2015,17,15-19,EV-D68,128,1,Protected,0.1
P0532,1998,2015,17,15-19,CVA6,512,1,Protected,0.1
P0532,1998,2015,17,15-19,CVA16,256,1,Protected,0.1
P0532,1998,2020,22,20-39,EV-A71,512,1,Protected,0.1
P0532,1998,2020,22,20-39,EV-D68,256,1,Protected,0.1
P0532,1998,2020,22,20-39,CVA6,512,1,Protected,0.1
P0532,1998,2020,22,20-39,CVA16,256,1,Protected,0.1
P0532,1998,2025,27,20-39,EV-A71,512,1,Protected,0.1
P0532,1998,2025,27,20-39,EV-D68,256,1,Protected,0.1
P0532,1998,2025,27,20-39,CVA6,512,1,Protected,0.1
P0532,1998,2025,27,20-39,CVA16,256,1,Protected,0.1
P0533,2011,2015,4,0-4,EV-A71,128,1,Protected,0.1
P0533,2011,2015,4,0-4,EV-D68,64,1,Protected,0.1
P0533,2011,2015,4,0-4,CVA6,128,1,Protected,0.1
P0533,2011,2015,4,0-4,CVA16,64,1,Protected,0.1
P0533,2011,2020,9,5-9,EV-A71,128,1,Protected,0.1
P0533,2011,2020,9,5-9,EV-D68,64,1,Protected,0.1
P0533,2011,2020,9,5-9,CVA6,128,1,Protected,0.1
P0533,2011,2020,9,5-9,CVA16,32,1,Partially protected,0.5
P0533,2011,2025,14,10-14,EV-A71,256,1,Protected,0.1
P0533,2011,2025,14,10-14,EV-D68,128,1,Protected,0.1
P0533,2011,2025,14,10-14,CVA6,256,1,Protected,0.1
P0533,2011,2025,14,10-14,CVA16,128,1,Protected,0.1
P0534,1950,2005,55,40-59,EV-A71,256,1,Protected,0.1
P0534,1950,2005,55,40-59,EV-D68,128,1,Protected,0.1
P0534,1950,2005,55,40-59,CVA6,512,1,Protected,0.1
P0534,1950,2005,55,40-59,CVA16,128,1,Protected,0.1
P0534,1950,2010,60,60+,EV-A71,256,1,Protected,0.1
P0534,1950,2010,60,60+,EV-D68,128,1,Protected,0.1
P0534,1950,2010,60,60+,CVA6,128,1,Protected,0.1
P0534,1950,2010,60,60+,CVA16,128,1,Protected,0.1
P0534,1950,2015,65,60+,EV-A71,512,1,Protected,0.1
P0534,1950,2015,65,60+,EV-D68,256,1,Protected,0.1
P0534,1950,2015,65,60+,CVA6,512,1,Protected,0.1
P0534,1950,2015,65,60+,CVA16,512,1,Protected,0.1
P0534,1950,2020,70,60+,EV-A71,512,1,Protected,0.1
P0534,1950,2020,70,60+,EV-D68,128,1,Protected,0.1
P0534,1950,2020,70,60+,CVA6,512,1,Protected,0.1
P0534,1950,2020,70,60+,CVA16,128,1,Protected,0.1
P0534,1950,2025,75,60+,EV-A71,512,1,Protected,0.1
P0534,1950,2025,75,60+,EV-D68,256,1,Protected,0.1
P0534,1950,2025,75,60+,CVA6,512,1,Protected,0.1
P0534,1950,2025,75,60+,CVA16,256,1,Protected,0.1
P0535,1995,2005,10,10-14,EV-A71,64,1,Protected,0.1
P0535,1995,2005,10,10-14,EV-D68,128,1,Protected,0.1
P0535,1995,2005,10,10-14,CVA6,128,1,Protected,0.1
P0535,1995,2005,10,10-14,CVA16,32,1,Partially protected,0.5
P0535,1995,2010,15,15-19,EV-A71,256,1,Protected,0.1
P0535,1995,2010,15,15-19,EV-D68,32,1,Partially protected,0.5
P0535,1995,2010,15,15-19,CVA6,128,1,Protected,0.1
P0535,1995,2010,15,15-19,CVA16,64,1,Protected,0.1
P0535,1995,2015,20,20-39,EV-A71,256,1,Protected,0.1
P0535,1995,2015,20,20-39,EV-D68,128,1,Protected,0.1
P0535,1995,2015,20,20-39,CVA6,256,1,Protected,0.1
P0535,1995,2015,20,20-39,CVA16,128,1,Protected,0.1
P0535,1995,2020,25,20-39,EV-A71,512,1,Protected,0.1
P0535,1995,2020,25,20-39,EV-D68,256,1,Protected,0.1
P0535,1995,2020,25,20-39,CVA6,256,1,Protected,0.1
P0535,1995,2020,25,20-39,CVA16,256,1,Protected,0.1
P0535,1995,2025,30,20-39,EV-A71,512,1,Protected,0.1
P0535,1995,2025,30,20-39,EV-D68,512,1,Protected,0.1
P0535,1995,2025,30,20-39,CVA6,256,1,Protected,0.1
P0535,1995,2025,30,20-39,CVA16,128,1,Protected,0.1
P0536,1988,2005,17,15-19,EV-A71,64,1,Protected,0.1
P0536,1988,2005,17,15-19,EV-D68,128,1,Protected,0.1
P0536,1988,2005,17,15-19,CVA6,128,1,Protected,0.1
P0536,1988,2005,17,15-19,CVA16,32,1,Partially protected,0.5
P0536,1988,2010,22,20-39,EV-A71,256,1,Protected,0.1
P0536,1988,2010,22,20-39,EV-D68,128,1,Protected,0.1
P0536,1988,2010,22,20-39,CVA6,256,1,Protected,0.1
P0536,1988,2010,22,20-39,CVA16,256,1,Protected,0.1
P0536,1988,2015,27,20-39,EV-A71,512,1,Protected,0.1
P0536,1988,2015,27,20-39,EV-D68,256,1,Protected,0.1
P0536,1988,2015,27,20-39,CVA6,512,1,Protected,0.1
P0536,1988,2015,27,20-39,CVA16,256,1,Protected,0.1
P0536,1988,2020,32,20-39,EV-A71,512,1,Protected,0.1
P0536,1988,2020,32,20-39,EV-D68,256,1,Protected,0.1
P0536,1988,2020,32,20-39,CVA6,512,1,Protected,0.1
P0536,1988,2020,32,20-39,CVA16,128,1,Protected,0.1
P0536,1988,2025,37,20-39,EV-A71,512,1,Protected,0.1
P0536,1988,2025,37,20-39,EV-D68,256,1,Protected,0.1
P0536,1988,2025,37,20-39,CVA6,512,1,Protected,0.1
P0536,1988,2025,37,20-39,CVA16,128,1,Protected,0.1
P0537,1999,2005,6,5-9,EV-A71,32,1,Partially protected,0.5
P0537,1999,2005,6,5-9,EV-D68,16,0,Susceptible,1.0
P0537,1999,2005,6,5-9,CVA6,32,1,Partially protected,0.5
P0537,1999,2005,6,5-9,CVA16,64,1,Protected,0.1
P0537,1999,2010,11,10-14,EV-A71,128,1,Protected,0.1
P0537,1999,2010,11,10-14,EV-D68,32,1,Partially protected,0.5
P0537,1999,2010,11,10-14,CVA6,256,1,Protected,0.1
P0537,1999,2010,11,10-14,CVA16,64,1,Protected,0.1
P0537,1999,2015,16,15-19,EV-A71,256,1,Protected,0.1
P0537,1999,2015,16,15-19,EV-D68,64,1,Protected,0.1
P0537,1999,2015,16,15-19,CVA6,256,1,Protected,0.1
P0537,1999,2015,16,15-19,CVA16,64,1,Protected,0.1
P0537,1999,2020,21,20-39,EV-A71,512,1,Protected,0.1
P0537,1999,2020,21,20-39,EV-D68,256,1,Protected,0.1
P0537,1999,2020,21,20-39,CVA6,512,1,Protected,0.1
P0537,1999,2020,21,20-39,CVA16,256,1,Protected,0.1
P0537,1999,2025,26,20-39,EV-A71,512,1,Protected,0.1
P0537,1999,2025,26,20-39,EV-D68,256,1,Protected,0.1
P0537,1999,2025,26,20-39,CVA6,512,1,Protected,0.1
P0537,1999,2025,26,20-39,CVA16,256,1,Protected,0.1
P0538,2003,2005,2,0-4,EV-A71,32,1,Partially protected,0.5
P0538,2003,2005,2,0-4,EV-D68,32,1,Partially protected,0.5
P0538,2003,2005,2,0-4,CVA6,64,1,Protected,0.1
P0538,2003,2005,2,0-4,CVA16,16,0,Susceptible,1.0
P0538,2003,2010,7,5-9,EV-A71,64,1,Protected,0.1
P0538,2003,2010,7,5-9,EV-D68,16,0,Susceptible,1.0
P0538,2003,2010,7,5-9,CVA6,64,1,Protected,0.1
P0538,2003,2010,7,5-9,CVA16,32,1,Partially protected,0.5
P0538,2003,2015,12,10-14,EV-A71,128,1,Protected,0.1
P0538,2003,2015,12,10-14,EV-D68,256,1,Protected,0.1
P0538,2003,2015,12,10-14,CVA6,256,1,Protected,0.1
P0538,2003,2015,12,10-14,CVA16,64,1,Protected,0.1
P0538,2003,2020,17,15-19,EV-A71,256,1,Protected,0.1
P0538,2003,2020,17,15-19,EV-D68,64,1,Protected,0.1
P0538,2003,2020,17,15-19,CVA6,128,1,Protected,0.1
P0538,2003,2020,17,15-19,CVA16,256,1,Protected,0.1
P0538,2003,2025,22,20-39,EV-A71,512,1,Protected,0.1
P0538,2003,2025,22,20-39,EV-D68,256,1,Protected,0.1
P0538,2003,2025,22,20-39,CVA6,512,1,Protected,0.1
P0538,2003,2025,22,20-39,CVA16,512,1,Protected,0.1
P0539,2018,2020,2,0-4,EV-A71,128,1,Protected,0.1
P0539,2018,2020,2,0-4,EV-D68,128,1,Protected,0.1
P0539,2018,2020,2,0-4,CVA6,128,1,Protected,0.1
P0539,2018,2020,2,0-4,CVA16,64,1,Protected,0.1
P0539,2018,2025,7,5-9,EV-A71,128,1,Protected,0.1
P0539,2018,2025,7,5-9,EV-D68,64,1,Protected,0.1
P0539,2018,2025,7,5-9,CVA6,256,1,Protected,0.1
P0539,2018,2025,7,5-9,CVA16,64,1,Protected,0.1
P0540,2019,2020,1,0-4,EV-A71,128,1,Protected,0.1
P0540,2019,2020,1,0-4,EV-D68,32,1,Partially protected,0.5
P0540,2019,2020,1,0-4,CVA6,128,1,Protected,0.1
P0540,2019,2020,1,0-4,CVA16,64,1,Protected,0.1
P0540,2019,2025,6,5-9,EV-A71,128,1,Protected,0.1
P0540,2019,2025,6,5-9,EV-D68,64,1,Protected,0.1
P0540,2019,2025,6,5-9,CVA6,64,1,Protected,0.1
P0540,2019,2025,6,5-9,CVA16,32,1,Partially protected,0.5
P0541,1978,2005,27,20-39,EV-A71,256,1,Protected,0.1
P0541,1978,2005,27,20-39,EV-D68,128,1,Protected,0.1
P0541,1978,2005,27,20-39,CVA6,256,1,Protected,0.1
P0541,1978,2005,27,20-39,CVA16,128,1,Protected,0.1
P0541,1978,2010,32,20-39,EV-A71,256,1,Protected,0.1
P0541,1978,2010,32,20-39,EV-D68,128,1,Protected,0.1
P0541,1978,2010,32,20-39,CVA6,256,1,Protected,0.1
P0541,1978,2010,32,20-39,CVA16,64,1,Protected,0.1
P0541,1978,2015,37,20-39,EV-A71,256,1,Protected,0.1
P0541,1978,2015,37,20-39,EV-D68,512,1,Protected,0.1
P0541,1978,2015,37,20-39,CVA6,512,1,Protected,0.1
P0541,1978,2015,37,20-39,CVA16,256,1,Protected,0.1
P0541,1978,2020,42,40-59,EV-A71,512,1,Protected,0.1
P0541,1978,2020,42,40-59,EV-D68,128,1,Protected,0.1
P0541,1978,2020,42,40-59,CVA6,512,1,Protected,0.1
P0541,1978,2020,42,40-59,CVA16,256,1,Protected,0.1
P0541,1978,2025,47,40-59,EV-A71,512,1,Protected,0.1
P0541,1978,2025,47,40-59,EV-D68,256,1,Protected,0.1
P0541,1978,2025,47,40-59,CVA6,512,1,Protected,0.1
P0541,1978,2025,47,40-59,CVA16,256,1,Protected,0.1
P0542,2012,2015,3,0-4,EV-A71,128,1,Protected,0.1
P0542,2012,2015,3,0-4,EV-D68,64,1,Protected,0.1
P0542,2012,2015,3,0-4,CVA6,128,1,Protected,0.1
P0542,2012,2015,3,0-4,CVA16,64,1,Protected,0.1
P0542,2012,2020,8,5-9,EV-A71,256,1,Protected,0.1
P0542,2012,2020,8,5-9,EV-D68,64,1,Protected,0.1
P0542,2012,2020,8,5-9,CVA6,128,1,Protected,0.1
P0542,2012,2020,8,5-9,CVA16,64,1,Protected,0.1
P0542,2012,2025,13,10-14,EV-A71,256,1,Protected,0.1
P0542,2012,2025,13,10-14,EV-D68,128,1,Protected,0.1
P0542,2012,2025,13,10-14,CVA6,512,1,Protected,0.1
P0542,2012,2025,13,10-14,CVA16,128,1,Protected,0.1
P0543,1978,2005,27,20-39,EV-A71,512,1,Protected,0.1
P0543,1978,2005,27,20-39,EV-D68,256,1,Protected,0.1
P0543,1978,2005,27,20-39,CVA6,256,1,Protected,0.1
P0543,1978,2005,27,20-39,CVA16,256,1,Protected,0.1
P0543,1978,2010,32,20-39,EV-A71,512,1,Protected,0.1
P0543,1978,2010,32,20-39,EV-D68,128,1,Protected,0.1
P0543,1978,2010,32,20-39,CVA6,256,1,Protected,0.1
P0543,1978,2010,32,20-39,CVA16,64,1,Protected,0.1
P0543,1978,2015,37,20-39,EV-A71,512,1,Protected,0.1
P0543,1978,2015,37,20-39,EV-D68,256,1,Protected,0.1
P0543,1978,2015,37,20-39,CVA6,512,1,Protected,0.1
P0543,1978,2015,37,20-39,CVA16,512,1,Protected,0.1
P0543,1978,2020,42,40-59,EV-A71,512,1,Protected,0.1
P0543,1978,2020,42,40-59,EV-D68,128,1,Protected,0.1
P0543,1978,2020,42,40-59,CVA6,512,1,Protected,0.1
P0543,1978,2020,42,40-59,CVA16,256,1,Protected,0.1
P0543,1978,2025,47,40-59,EV-A71,256,1,Protected,0.1
P0543,1978,2025,47,40-59,EV-D68,256,1,Protected,0.1
P0543,1978,2025,47,40-59,CVA6,256,1,Protected,0.1
P0543,1978,2025,47,40-59,CVA16,256,1,Protected,0.1
P0544,1984,2005,21,20-39,EV-A71,512,1,Protected,0.1
P0544,1984,2005,21,20-39,EV-D68,128,1,Protected,0.1
P0544,1984,2005,21,20-39,CVA6,256,1,Protected,0.1
P0544,1984,2005,21,20-39,CVA16,64,1,Protected,0.1
P0544,1984,2010,26,20-39,EV-A71,128,1,Protected,0.1
P0544,1984,2010,26,20-39,EV-D68,128,1,Protected,0.1
P0544,1984,2010,26,20-39,CVA6,256,1,Protected,0.1
P0544,1984,2010,26,20-39,CVA16,128,1,Protected,0.1
P0544,1984,2015,31,20-39,EV-A71,512,1,Protected,0.1
P0544,1984,2015,31,20-39,EV-D68,256,1,Protected,0.1
P0544,1984,2015,31,20-39,CVA6,512,1,Protected,0.1
P0544,1984,2015,31,20-39,CVA16,512,1,Protected,0.1
P0544,1984,2020,36,20-39,EV-A71,512,1,Protected,0.1
P0544,1984,2020,36,20-39,EV-D68,256,1,Protected,0.1
P0544,1984,2020,36,20-39,CVA6,512,1,Protected,0.1
P0544,1984,2020,36,20-39,CVA16,256,1,Protected,0.1
P0544,1984,2025,41,40-59,EV-A71,256,1,Protected,0.1
P0544,1984,2025,41,40-59,EV-D68,256,1,Protected,0.1
P0544,1984,2025,41,40-59,CVA6,256,1,Protected,0.1
P0544,1984,2025,41,40-59,CVA16,256,1,Protected,0.1
P0545,2005,2005,0,0-4,EV-A71,64,1,Protected,0.1
P0545,2005,2005,0,0-4,EV-D68,16,0,Susceptible,1.0
P0545,2005,2005,0,0-4,CVA6,64,1,Protected,0.1
P0545,2005,2005,0,0-4,CVA16,32,1,Partially protected,0.5
P0545,2005,2010,5,5-9,EV-A71,32,1,Partially protected,0.5
P0545,2005,2010,5,5-9,EV-D68,16,0,Susceptible,1.0
P0545,2005,2010,5,5-9,CVA6,128,1,Protected,0.1
P0545,2005,2010,5,5-9,CVA16,16,0,Susceptible,1.0
P0545,2005,2015,10,10-14,EV-A71,256,1,Protected,0.1
P0545,2005,2015,10,10-14,EV-D68,256,1,Protected,0.1
P0545,2005,2015,10,10-14,CVA6,256,1,Protected,0.1
P0545,2005,2015,10,10-14,CVA16,64,1,Protected,0.1
P0545,2005,2020,15,15-19,EV-A71,256,1,Protected,0.1
P0545,2005,2020,15,15-19,EV-D68,128,1,Protected,0.1
P0545,2005,2020,15,15-19,CVA6,256,1,Protected,0.1
P0545,2005,2020,15,15-19,CVA16,64,1,Protected,0.1
P0545,2005,2025,20,20-39,EV-A71,512,1,Protected,0.1
P0545,2005,2025,20,20-39,EV-D68,128,1,Protected,0.1
P0545,2005,2025,20,20-39,CVA6,256,1,Protected,0.1
P0545,2005,2025,20,20-39,CVA16,512,1,Protected,0.1
P0546,2012,2015,3,0-4,EV-A71,128,1,Protected,0.1
P0546,2012,2015,3,0-4,EV-D68,64,1,Protected,0.1
P0546,2012,2015,3,0-4,CVA6,128,1,Protected,0.1
P0546,2012,2015,3,0-4,CVA16,64,1,Protected,0.1
P0546,2012,2020,8,5-9,EV-A71,128,1,Protected,0.1
P0546,2012,2020,8,5-9,EV-D68,128,1,Protected,0.1
P0546,2012,2020,8,5-9,CVA6,128,1,Protected,0.1
P0546,2012,2020,8,5-9,CVA16,64,1,Protected,0.1
P0546,2012,2025,13,10-14,EV-A71,256,1,Protected,0.1
P0546,2012,2025,13,10-14,EV-D68,128,1,Protected,0.1
P0546,2012,2025,13,10-14,CVA6,256,1,Protected,0.1
P0546,2012,2025,13,10-14,CVA16,64,1,Protected,0.1
P0547,1953,2005,52,40-59,EV-A71,256,1,Protected,0.1
P0547,1953,2005,52,40-59,EV-D68,64,1,Protected,0.1
P0547,1953,2005,52,40-59,CVA6,256,1,Protected,0.1
P0547,1953,2005,52,40-59,CVA16,64,1,Protected,0.1
P0547,1953,2010,57,40-59,EV-A71,128,1,Protected,0.1
P0547,1953,2010,57,40-59,EV-D68,256,1,Protected,0.1
P0547,1953,2010,57,40-59,CVA6,256,1,Protected,0.1
P0547,1953,2010,57,40-59,CVA16,256,1,Protected,0.1
P0547,1953,2015,62,60+,EV-A71,512,1,Protected,0.1
P0547,1953,2015,62,60+,EV-D68,128,1,Protected,0.1
P0547,1953,2015,62,60+,CVA6,512,1,Protected,0.1
P0547,1953,2015,62,60+,CVA16,256,1,Protected,0.1
P0547,1953,2020,67,60+,EV-A71,512,1,Protected,0.1
P0547,1953,2020,67,60+,EV-D68,512,1,Protected,0.1
P0547,1953,2020,67,60+,CVA6,512,1,Protected,0.1
P0547,1953,2020,67,60+,CVA16,512,1,Protected,0.1
P0547,1953,2025,72,60+,EV-A71,512,1,Protected,0.1
P0547,1953,2025,72,60+,EV-D68,256,1,Protected,0.1
P0547,1953,2025,72,60+,CVA6,512,1,Protected,0.1
P0547,1953,2025,72,60+,CVA16,256,1,Protected,0.1
P0548,1999,2005,6,5-9,EV-A71,64,1,Protected,0.1
P0548,1999,2005,6,5-9,EV-D68,32,1,Partially protected,0.5
P0548,1999,2005,6,5-9,CVA6,32,1,Partially protected,0.5
P0548,1999,2005,6,5-9,CVA16,64,1,Protected,0.1
P0548,1999,2010,11,10-14,EV-A71,128,1,Protected,0.1
P0548,1999,2010,11,10-14,EV-D68,64,1,Protected,0.1
P0548,1999,2010,11,10-14,CVA6,128,1,Protected,0.1
P0548,1999,2010,11,10-14,CVA16,64,1,Protected,0.1
P0548,1999,2015,16,15-19,EV-A71,512,1,Protected,0.1
P0548,1999,2015,16,15-19,EV-D68,64,1,Protected,0.1
P0548,1999,2015,16,15-19,CVA6,256,1,Protected,0.1
P0548,1999,2015,16,15-19,CVA16,128,1,Protected,0.1
P0548,1999,2020,21,20-39,EV-A71,512,1,Protected,0.1
P0548,1999,2020,21,20-39,EV-D68,512,1,Protected,0.1
P0548,1999,2020,21,20-39,CVA6,512,1,Protected,0.1
P0548,1999,2020,21,20-39,CVA16,128,1,Protected,0.1
P0548,1999,2025,26,20-39,EV-A71,512,1,Protected,0.1
P0548,1999,2025,26,20-39,EV-D68,256,1,Protected,0.1
P0548,1999,2025,26,20-39,CVA6,512,1,Protected,0.1
P0548,1999,2025,26,20-39,CVA16,256,1,Protected,0.1
P0549,1993,2005,12,10-14,EV-A71,128,1,Protected,0.1
P0549,1993,2005,12,10-14,EV-D68,64,1,Protected,0.1
P0549,1993,2005,12,10-14,CVA6,64,1,Protected,0.1
P0549,1993,2005,12,10-14,CVA16,64,1,Protected,0.1
P0549,1993,2010,17,15-19,EV-A71,128,1,Protected,0.1
P0549,1993,2010,17,15-19,EV-D68,64,1,Protected,0.1
P0549,1993,2010,17,15-19,CVA6,128,1,Protected,0.1
P0549,1993,2010,17,15-19,CVA16,32,1,Partially protected,0.5
P0549,1993,2015,22,20-39,EV-A71,256,1,Protected,0.1
P0549,1993,2015,22,20-39,EV-D68,128,1,Protected,0.1
P0549,1993,2015,22,20-39,CVA6,512,1,Protected,0.1
P0549,1993,2015,22,20-39,CVA16,512,1,Protected,0.1
P0549,1993,2020,27,20-39,EV-A71,512,1,Protected,0.1
P0549,1993,2020,27,20-39,EV-D68,128,1,Protected,0.1
P0549,1993,2020,27,20-39,CVA6,512,1,Protected,0.1
P0549,1993,2020,27,20-39,CVA16,256,1,Protected,0.1
P0549,1993,2025,32,20-39,EV-A71,512,1,Protected,0.1
P0549,1993,2025,32,20-39,EV-D68,512,1,Protected,0.1
P0549,1993,2025,32,20-39,CVA6,256,1,Protected,0.1
P0549,1993,2025,32,20-39,CVA16,128,1,Protected,0.1
P0550,2001,2005,4,0-4,EV-A71,64,1,Protected,0.1
P0550,2001,2005,4,0-4,EV-D68,64,1,Protected,0.1
P0550,2001,2005,4,0-4,CVA6,32,1,Partially protected,0.5
P0550,2001,2005,4,0-4,CVA16,32,1,Partially protected,0.5
P0550,2001,2010,9,5-9,EV-A71,64,1,Protected,0.1
P0550,2001,2010,9,5-9,EV-D68,64,1,Protected,0.1
P0550,2001,2010,9,5-9,CVA6,64,1,Protected,0.1
P0550,2001,2010,9,5-9,CVA16,16,0,Susceptible,1.0
P0550,2001,2015,14,10-14,EV-A71,256,1,Protected,0.1
P0550,2001,2015,14,10-14,EV-D68,128,1,Protected,0.1
P0550,2001,2015,14,10-14,CVA6,128,1,Protected,0.1
P0550,2001,2015,14,10-14,CVA16,256,1,Protected,0.1
P0550,2001,2020,19,15-19,EV-A71,512,1,Protected,0.1
P0550,2001,2020,19,15-19,EV-D68,64,1,Protected,0.1
P0550,2001,2020,19,15-19,CVA6,512,1,Protected,0.1
P0550,2001,2020,19,15-19,CVA16,128,1,Protected,0.1
P0550,2001,2025,24,20-39,EV-A71,256,1,Protected,0.1
P0550,2001,2025,24,20-39,EV-D68,128,1,Protected,0.1
P0550,2001,2025,24,20-39,CVA6,512,1,Protected,0.1
P0550,2001,2025,24,20-39,CVA16,128,1,Protected,0.1
P0551,1971,2005,34,20-39,EV-A71,256,1,Protected,0.1
P0551,1971,2005,34,20-39,EV-D68,64,1,Protected,0.1
P0551,1971,2005,34,20-39,CVA6,256,1,Protected,0.1
P0551,1971,2005,34,20-39,CVA16,128,1,Protected,0.1
P0551,1971,2010,39,20-39,EV-A71,256,1,Protected,0.1
P0551,1971,2010,39,20-39,EV-D68,256,1,Protected,0.1
P0551,1971,2010,39,20-39,CVA6,256,1,Protected,0.1
P0551,1971,2010,39,20-39,CVA16,128,1,Protected,0.1
P0551,1971,2015,44,40-59,EV-A71,512,1,Protected,0.1
P0551,1971,2015,44,40-59,EV-D68,256,1,Protected,0.1
P0551,1971,2015,44,40-59,CVA6,512,1,Protected,0.1
P0551,1971,2015,44,40-59,CVA16,128,1,Protected,0.1
P0551,1971,2020,49,40-59,EV-A71,512,1,Protected,0.1
P0551,1971,2020,49,40-59,EV-D68,256,1,Protected,0.1
P0551,1971,2020,49,40-59,CVA6,512,1,Protected,0.1
P0551,1971,2020,49,40-59,CVA16,128,1,Protected,0.1
P0551,1971,2025,54,40-59,EV-A71,512,1,Protected,0.1
P0551,1971,2025,54,40-59,EV-D68,256,1,Protected,0.1
P0551,1971,2025,54,40-59,CVA6,256,1,Protected,0.1
P0551,1971,2025,54,40-59,CVA16,512,1,Protected,0.1
P0552,2009,2010,1,0-4,EV-A71,64,1,Protected,0.1
P0552,2009,2010,1,0-4,EV-D68,32,1,Partially protected,0.5
P0552,2009,2010,1,0-4,CVA6,128,1,Protected,0.1
P0552,2009,2010,1,0-4,CVA16,16,0,Susceptible,1.0
P0552,2009,2015,6,5-9,EV-A71,128,1,Protected,0.1
P0552,2009,2015,6,5-9,EV-D68,64,1,Protected,0.1
P0552,2009,2015,6,5-9,CVA6,128,1,Protected,0.1
P0552,2009,2015,6,5-9,CVA16,64,1,Protected,0.1
P0552,2009,2020,11,10-14,EV-A71,128,1,Protected,0.1
P0552,2009,2020,11,10-14,EV-D68,64,1,Protected,0.1
P0552,2009,2020,11,10-14,CVA6,256,1,Protected,0.1
P0552,2009,2020,11,10-14,CVA16,128,1,Protected,0.1
P0552,2009,2025,16,15-19,EV-A71,256,1,Protected,0.1
P0552,2009,2025,16,15-19,EV-D68,128,1,Protected,0.1
P0552,2009,2025,16,15-19,CVA6,512,1,Protected,0.1
P0552,2009,2025,16,15-19,CVA16,256,1,Protected,0.1
P0553,1966,2005,39,20-39,EV-A71,512,1,Protected,0.1
P0553,1966,2005,39,20-39,EV-D68,256,1,Protected,0.1
P0553,1966,2005,39,20-39,CVA6,256,1,Protected,0.1
P0553,1966,2005,39,20-39,CVA16,128,1,Protected,0.1
P0553,1966,2010,44,40-59,EV-A71,256,1,Protected,0.1
P0553,1966,2010,44,40-59,EV-D68,128,1,Protected,0.1
P0553,1966,2010,44,40-59,CVA6,256,1,Protected,0.1
P0553,1966,2010,44,40-59,CVA16,128,1,Protected,0.1
P0553,1966,2015,49,40-59,EV-A71,512,1,Protected,0.1
P0553,1966,2015,49,40-59,EV-D68,256,1,Protected,0.1
P0553,1966,2015,49,40-59,CVA6,256,1,Protected,0.1
P0553,1966,2015,49,40-59,CVA16,256,1,Protected,0.1
P0553,1966,2020,54,40-59,EV-A71,512,1,Protected,0.1
P0553,1966,2020,54,40-59,EV-D68,256,1,Protected,0.1
P0553,1966,2020,54,40-59,CVA6,512,1,Protected,0.1
P0553,1966,2020,54,40-59,CVA16,512,1,Protected,0.1
P0553,1966,2025,59,40-59,EV-A71,256,1,Protected,0.1
P0553,1966,2025,59,40-59,EV-D68,256,1,Protected,0.1
P0553,1966,2025,59,40-59,CVA6,512,1,Protected,0.1
P0553,1966,2025,59,40-59,CVA16,256,1,Protected,0.1
P0554,2018,2020,2,0-4,EV-A71,64,1,Protected,0.1
P0554,2018,2020,2,0-4,EV-D68,32,1,Partially protected,0.5
P0554,2018,2020,2,0-4,CVA6,128,1,Protected,0.1
P0554,2018,2020,2,0-4,CVA16,64,1,Protected,0.1
P0554,2018,2025,7,5-9,EV-A71,256,1,Protected,0.1
P0554,2018,2025,7,5-9,EV-D68,32,1,Partially protected,0.5
P0554,2018,2025,7,5-9,CVA6,128,1,Protected,0.1
P0554,2018,2025,7,5-9,CVA16,32,1,Partially protected,0.5
P0555,1953,2005,52,40-59,EV-A71,256,1,Protected,0.1
P0555,1953,2005,52,40-59,EV-D68,128,1,Protected,0.1
P0555,1953,2005,52,40-59,CVA6,256,1,Protected,0.1
P0555,1953,2005,52,40-59,CVA16,128,1,Protected,0.1
P0555,1953,2010,57,40-59,EV-A71,256,1,Protected,0.1
P0555,1953,2010,57,40-59,EV-D68,64,1,Protected,0.1
P0555,1953,2010,57,40-59,CVA6,256,1,Protected,0.1
P0555,1953,2010,57,40-59,CVA16,256,1,Protected,0.1
P0555,1953,2015,62,60+,EV-A71,512,1,Protected,0.1
P0555,1953,2015,62,60+,EV-D68,256,1,Protected,0.1
P0555,1953,2015,62,60+,CVA6,256,1,Protected,0.1
P0555,1953,2015,62,60+,CVA16,128,1,Protected,0.1
P0555,1953,2020,67,60+,EV-A71,512,1,Protected,0.1
P0555,1953,2020,67,60+,EV-D68,256,1,Protected,0.1
P0555,1953,2020,67,60+,CVA6,512,1,Protected,0.1
P0555,1953,2020,67,60+,CVA16,256,1,Protected,0.1
P0555,1953,2025,72,60+,EV-A71,512,1,Protected,0.1
P0555,1953,2025,72,60+,EV-D68,256,1,Protected,0.1
P0555,1953,2025,72,60+,CVA6,512,1,Protected,0.1
P0555,1953,2025,72,60+,CVA16,128,1,Protected,0.1
P0556,2000,2005,5,5-9,EV-A71,128,1,Protected,0.1
P0556,2000,2005,5,5-9,EV-D68,32,1,Partially protected,0.5
P0556,2000,2005,5,5-9,CVA6,32,1,Partially protected,0.5
P0556,2000,2005,5,5-9,CVA16,32,1,Partially protected,0.5
P0556,2000,2010,10,10-14,EV-A71,128,1,Protected,0.1
P0556,2000,2010,10,10-14,EV-D68,64,1,Protected,0.1
P0556,2000,2010,10,10-14,CVA6,128,1,Protected,0.1
P0556,2000,2010,10,10-14,CVA16,128,1,Protected,0.1
P0556,2000,2015,15,15-19,EV-A71,256,1,Protected,0.1
P0556,2000,2015,15,15-19,EV-D68,128,1,Protected,0.1
P0556,2000,2015,15,15-19,CVA6,256,1,Protected,0.1
P0556,2000,2015,15,15-19,CVA16,256,1,Protected,0.1
P0556,2000,2020,20,20-39,EV-A71,512,1,Protected,0.1
P0556,2000,2020,20,20-39,EV-D68,256,1,Protected,0.1
P0556,2000,2020,20,20-39,CVA6,512,1,Protected,0.1
P0556,2000,2020,20,20-39,CVA16,128,1,Protected,0.1
P0556,2000,2025,25,20-39,EV-A71,512,1,Protected,0.1
P0556,2000,2025,25,20-39,EV-D68,512,1,Protected,0.1
P0556,2000,2025,25,20-39,CVA6,512,1,Protected,0.1
P0556,2000,2025,25,20-39,CVA16,256,1,Protected,0.1
P0557,1953,2005,52,40-59,EV-A71,128,1,Protected,0.1
P0557,1953,2005,52,40-59,EV-D68,256,1,Protected,0.1
P0557,1953,2005,52,40-59,CVA6,128,1,Protected,0.1
P0557,1953,2005,52,40-59,CVA16,128,1,Protected,0.1
P0557,1953,2010,57,40-59,EV-A71,512,1,Protected,0.1
P0557,1953,2010,57,40-59,EV-D68,64,1,Protected,0.1
P0557,1953,2010,57,40-59,CVA6,256,1,Protected,0.1
P0557,1953,2010,57,40-59,CVA16,64,1,Protected,0.1
P0557,1953,2015,62,60+,EV-A71,512,1,Protected,0.1
P0557,1953,2015,62,60+,EV-D68,256,1,Protected,0.1
P0557,1953,2015,62,60+,CVA6,512,1,Protected,0.1
P0557,1953,2015,62,60+,CVA16,512,1,Protected,0.1
P0557,1953,2020,67,60+,EV-A71,512,1,Protected,0.1
P0557,1953,2020,67,60+,EV-D68,128,1,Protected,0.1
P0557,1953,2020,67,60+,CVA6,512,1,Protected,0.1
P0557,1953,2020,67,60+,CVA16,256,1,Protected,0.1
P0557,1953,2025,72,60+,EV-A71,512,1,Protected,0.1
P0557,1953,2025,72,60+,EV-D68,128,1,Protected,0.1
P0557,1953,2025,72,60+,CVA6,512,1,Protected,0.1
P0557,1953,2025,72,60+,CVA16,256,1,Protected,0.1
P0558,1960,2005,45,40-59,EV-A71,256,1,Protected,0.1
P0558,1960,2005,45,40-59,EV-D68,256,1,Protected,0.1
P0558,1960,2005,45,40-59,CVA6,256,1,Protected,0.1
P0558,1960,2005,45,40-59,CVA16,64,1,Protected,0.1
P0558,1960,2010,50,40-59,EV-A71,128,1,Protected,0.1
P0558,1960,2010,50,40-59,EV-D68,128,1,Protected,0.1
P0558,1960,2010,50,40-59,CVA6,128,1,Protected,0.1
P0558,1960,2010,50,40-59,CVA16,128,1,Protected,0.1
P0558,1960,2015,55,40-59,EV-A71,512,1,Protected,0.1
P0558,1960,2015,55,40-59,EV-D68,256,1,Protected,0.1
P0558,1960,2015,55,40-59,CVA6,512,1,Protected,0.1
P0558,1960,2015,55,40-59,CVA16,256,1,Protected,0.1
P0558,1960,2020,60,60+,EV-A71,256,1,Protected,0.1
P0558,1960,2020,60,60+,EV-D68,256,1,Protected,0.1
P0558,1960,2020,60,60+,CVA6,512,1,Protected,0.1
P0558,1960,2020,60,60+,CVA16,512,1,Protected,0.1
P0558,1960,2025,65,60+,EV-A71,512,1,Protected,0.1
P0558,1960,2025,65,60+,EV-D68,256,1,Protected,0.1
P0558,1960,2025,65,60+,CVA6,512,1,Protected,0.1
P0558,1960,2025,65,60+,CVA16,128,1,Protected,0.1
P0559,2004,2005,1,0-4,EV-A71,64,1,Protected,0.1
P0559,2004,2005,1,0-4,EV-D68,32,1,Partially protected,0.5
P0559,2004,2005,1,0-4,CVA6,32,1,Partially protected,0.5
P0559,2004,2005,1,0-4,CVA16,64,1,Protected,0.1
P0559,2004,2010,6,5-9,EV-A71,64,1,Protected,0.1
P0559,2004,2010,6,5-9,EV-D68,32,1,Partially protected,0.5
P0559,2004,2010,6,5-9,CVA6,64,1,Protected,0.1
P0559,2004,2010,6,5-9,CVA16,32,1,Partially protected,0.5
P0559,2004,2015,11,10-14,EV-A71,256,1,Protected,0.1
P0559,2004,2015,11,10-14,EV-D68,256,1,Protected,0.1
P0559,2004,2015,11,10-14,CVA6,128,1,Protected,0.1
P0559,2004,2015,11,10-14,CVA16,256,1,Protected,0.1
P0559,2004,2020,16,15-19,EV-A71,256,1,Protected,0.1
P0559,2004,2020,16,15-19,EV-D68,64,1,Protected,0.1
P0559,2004,2020,16,15-19,CVA6,256,1,Protected,0.1
P0559,2004,2020,16,15-19,CVA16,128,1,Protected,0.1
P0559,2004,2025,21,20-39,EV-A71,512,1,Protected,0.1
P0559,2004,2025,21,20-39,EV-D68,256,1,Protected,0.1
P0559,2004,2025,21,20-39,CVA6,256,1,Protected,0.1
P0559,2004,2025,21,20-39,CVA16,256,1,Protected,0.1
P0560,1967,2005,38,20-39,EV-A71,128,1,Protected,0.1
P0560,1967,2005,38,20-39,EV-D68,128,1,Protected,0.1
P0560,1967,2005,38,20-39,CVA6,256,1,Protected,0.1
P0560,1967,2005,38,20-39,CVA16,128,1,Protected,0.1
P0560,1967,2010,43,40-59,EV-A71,256,1,Protected,0.1
P0560,1967,2010,43,40-59,EV-D68,64,1,Protected,0.1
P0560,1967,2010,43,40-59,CVA6,256,1,Protected,0.1
P0560,1967,2010,43,40-59,CVA16,64,1,Protected,0.1
P0560,1967,2015,48,40-59,EV-A71,512,1,Protected,0.1
P0560,1967,2015,48,40-59,EV-D68,256,1,Protected,0.1
P0560,1967,2015,48,40-59,CVA6,256,1,Protected,0.1
P0560,1967,2015,48,40-59,CVA16,256,1,Protected,0.1
P0560,1967,2020,53,40-59,EV-A71,512,1,Protected,0.1
P0560,1967,2020,53,40-59,EV-D68,256,1,Protected,0.1
P0560,1967,2020,53,40-59,CVA6,512,1,Protected,0.1
P0560,1967,2020,53,40-59,CVA16,256,1,Protected,0.1
P0560,1967,2025,58,40-59,EV-A71,512,1,Protected,0.1
P0560,1967,2025,58,40-59,EV-D68,256,1,Protected,0.1
P0560,1967,2025,58,40-59,CVA6,256,1,Protected,0.1
P0560,1967,2025,58,40-59,CVA16,128,1,Protected,0.1
P0561,2009,2010,1,0-4,EV-A71,64,1,Protected,0.1
P0561,2009,2010,1,0-4,EV-D68,32,1,Partially protected,0.5
P0561,2009,2010,1,0-4,CVA6,64,1,Protected,0.1
P0561,2009,2010,1,0-4,CVA16,32,1,Partially protected,0.5
P0561,2009,2015,6,5-9,EV-A71,128,1,Protected,0.1
P0561,2009,2015,6,5-9,EV-D68,64,1,Protected,0.1
P0561,2009,2015,6,5-9,CVA6,128,1,Protected,0.1
P0561,2009,2015,6,5-9,CVA16,64,1,Protected,0.1
P0561,2009,2020,11,10-14,EV-A71,256,1,Protected,0.1
P0561,2009,2020,11,10-14,EV-D68,256,1,Protected,0.1
P0561,2009,2020,11,10-14,CVA6,256,1,Protected,0.1
P0561,2009,2020,11,10-14,CVA16,128,1,Protected,0.1
P0561,2009,2025,16,15-19,EV-A71,256,1,Protected,0.1
P0561,2009,2025,16,15-19,EV-D68,256,1,Protected,0.1
P0561,2009,2025,16,15-19,CVA6,256,1,Protected,0.1
P0561,2009,2025,16,15-19,CVA16,64,1,Protected,0.1
P0562,1973,2005,32,20-39,EV-A71,512,1,Protected,0.1
P0562,1973,2005,32,20-39,EV-D68,256,1,Protected,0.1
P0562,1973,2005,32,20-39,CVA6,256,1,Protected,0.1
P0562,1973,2005,32,20-39,CVA16,64,1,Protected,0.1
P0562,1973,2010,37,20-39,EV-A71,512,1,Protected,0.1
P0562,1973,2010,37,20-39,EV-D68,256,1,Protected,0.1
P0562,1973,2010,37,20-39,CVA6,256,1,Protected,0.1
P0562,1973,2010,37,20-39,CVA16,128,1,Protected,0.1
P0562,1973,2015,42,40-59,EV-A71,512,1,Protected,0.1
P0562,1973,2015,42,40-59,EV-D68,128,1,Protected,0.1
P0562,1973,2015,42,40-59,CVA6,512,1,Protected,0.1
P0562,1973,2015,42,40-59,CVA16,256,1,Protected,0.1
P0562,1973,2020,47,40-59,EV-A71,512,1,Protected,0.1
P0562,1973,2020,47,40-59,EV-D68,256,1,Protected,0.1
P0562,1973,2020,47,40-59,CVA6,512,1,Protected,0.1
P0562,1973,2020,47,40-59,CVA16,128,1,Protected,0.1
P0562,1973,2025,52,40-59,EV-A71,512,1,Protected,0.1
P0562,1973,2025,52,40-59,EV-D68,256,1,Protected,0.1
P0562,1973,2025,52,40-59,CVA6,512,1,Protected,0.1
P0562,1973,2025,52,40-59,CVA16,128,1,Protected,0.1
P0563,1956,2005,49,40-59,EV-A71,256,1,Protected,0.1
P0563,1956,2005,49,40-59,EV-D68,128,1,Protected,0.1
P0563,1956,2005,49,40-59,CVA6,256,1,Protected,0.1
P0563,1956,2005,49,40-59,CVA16,256,1,Protected,0.1
P0563,1956,2010,54,40-59,EV-A71,128,1,Protected,0.1
P0563,1956,2010,54,40-59,EV-D68,64,1,Protected,0.1
P0563,1956,2010,54,40-59,CVA6,256,1,Protected,0.1
P0563,1956,2010,54,40-59,CVA16,128,1,Protected,0.1
P0563,1956,2015,59,40-59,EV-A71,512,1,Protected,0.1
P0563,1956,2015,59,40-59,EV-D68,512,1,Protected,0.1
P0563,1956,2015,59,40-59,CVA6,512,1,Protected,0.1
P0563,1956,2015,59,40-59,CVA16,512,1,Protected,0.1
P0563,1956,2020,64,60+,EV-A71,512,1,Protected,0.1
P0563,1956,2020,64,60+,EV-D68,256,1,Protected,0.1
P0563,1956,2020,64,60+,CVA6,512,1,Protected,0.1
P0563,1956,2020,64,60+,CVA16,256,1,Protected,0.1
P0563,1956,2025,69,60+,EV-A71,512,1,Protected,0.1
P0563,1956,2025,69,60+,EV-D68,512,1,Protected,0.1
P0563,1956,2025,69,60+,CVA6,256,1,Protected,0.1
P0563,1956,2025,69,60+,CVA16,256,1,Protected,0.1
P0564,1983,2005,22,20-39,EV-A71,256,1,Protected,0.1
P0564,1983,2005,22,20-39,EV-D68,64,1,Protected,0.1
P0564,1983,2005,22,20-39,CVA6,256,1,Protected,0.1
P0564,1983,2005,22,20-39,CVA16,128,1,Protected,0.1
P0564,1983,2010,27,20-39,EV-A71,512,1,Protected,0.1
P0564,1983,2010,27,20-39,EV-D68,64,1,Protected,0.1
P0564,1983,2010,27,20-39,CVA6,256,1,Protected,0.1
P0564,1983,2010,27,20-39,CVA16,128,1,Protected,0.1
P0564,1983,2015,32,20-39,EV-A71,512,1,Protected,0.1
P0564,1983,2015,32,20-39,EV-D68,256,1,Protected,0.1
P0564,1983,2015,32,20-39,CVA6,512,1,Protected,0.1
P0564,1983,2015,32,20-39,CVA16,256,1,Protected,0.1
P0564,1983,2020,37,20-39,EV-A71,512,1,Protected,0.1
P0564,1983,2020,37,20-39,EV-D68,256,1,Protected,0.1
P0564,1983,2020,37,20-39,CVA6,512,1,Protected,0.1
P0564,1983,2020,37,20-39,CVA16,256,1,Protected,0.1
P0564,1983,2025,42,40-59,EV-A71,256,1,Protected,0.1
P0564,1983,2025,42,40-59,EV-D68,256,1,Protected,0.1
P0564,1983,2025,42,40-59,CVA6,512,1,Protected,0.1
P0564,1983,2025,42,40-59,CVA16,256,1,Protected,0.1
P0565,1998,2005,7,5-9,EV-A71,64,1,Protected,0.1
P0565,1998,2005,7,5-9,EV-D68,32,1,Partially protected,0.5
P0565,1998,2005,7,5-9,CVA6,128,1,Protected,0.1
P0565,1998,2005,7,5-9,CVA16,64,1,Protected,0.1
P0565,1998,2010,12,10-14,EV-A71,128,1,Protected,0.1
P0565,1998,2010,12,10-14,EV-D68,128,1,Protected,0.1
P0565,1998,2010,12,10-14,CVA6,128,1,Protected,0.1
P0565,1998,2010,12,10-14,CVA16,64,1,Protected,0.1
P0565,1998,2015,17,15-19,EV-A71,256,1,Protected,0.1
P0565,1998,2015,17,15-19,EV-D68,128,1,Protected,0.1
P0565,1998,2015,17,15-19,CVA6,256,1,Protected,0.1
P0565,1998,2015,17,15-19,CVA16,256,1,Protected,0.1
P0565,1998,2020,22,20-39,EV-A71,256,1,Protected,0.1
P0565,1998,2020,22,20-39,EV-D68,128,1,Protected,0.1
P0565,1998,2020,22,20-39,CVA6,256,1,Protected,0.1
P0565,1998,2020,22,20-39,CVA16,128,1,Protected,0.1
P0565,1998,2025,27,20-39,EV-A71,256,1,Protected,0.1
P0565,1998,2025,27,20-39,EV-D68,512,1,Protected,0.1
P0565,1998,2025,27,20-39,CVA6,512,1,Protected,0.1
P0565,1998,2025,27,20-39,CVA16,128,1,Protected,0.1
P0566,1991,2005,14,10-14,EV-A71,128,1,Protected,0.1
P0566,1991,2005,14,10-14,EV-D68,128,1,Protected,0.1
P0566,1991,2005,14,10-14,CVA6,256,1,Protected,0.1
P0566,1991,2005,14,10-14,CVA16,32,1,Partially protected,0.5
P0566,1991,2010,19,15-19,EV-A71,128,1,Protected,0.1
P0566,1991,2010,19,15-19,EV-D68,128,1,Protected,0.1
P0566,1991,2010,19,15-19,CVA6,256,1,Protected,0.1
P0566,1991,2010,19,15-19,CVA16,32,1,Partially protected,0.5
P0566,1991,2015,24,20-39,EV-A71,512,1,Protected,0.1
P0566,1991,2015,24,20-39,EV-D68,256,1,Protected,0.1
P0566,1991,2015,24,20-39,CVA6,512,1,Protected,0.1
P0566,1991,2015,24,20-39,CVA16,256,1,Protected,0.1
P0566,1991,2020,29,20-39,EV-A71,512,1,Protected,0.1
P0566,1991,2020,29,20-39,EV-D68,512,1,Protected,0.1
P0566,1991,2020,29,20-39,CVA6,512,1,Protected,0.1
P0566,1991,2020,29,20-39,CVA16,128,1,Protected,0.1
P0566,1991,2025,34,20-39,EV-A71,512,1,Protected,0.1
P0566,1991,2025,34,20-39,EV-D68,256,1,Protected,0.1
P0566,1991,2025,34,20-39,CVA6,256,1,Protected,0.1
P0566,1991,2025,34,20-39,CVA16,256,1,Protected,0.1
P0567,1977,2005,28,20-39,EV-A71,256,1,Protected,0.1
P0567,1977,2005,28,20-39,EV-D68,128,1,Protected,0.1
P0567,1977,2005,28,20-39,CVA6,256,1,Protected,0.1
P0567,1977,2005,28,20-39,CVA16,64,1,Protected,0.1
P0567,1977,2010,33,20-39,EV-A71,256,1,Protected,0.1
P0567,1977,2010,33,20-39,EV-D68,128,1,Protected,0.1
P0567,1977,2010,33,20-39,CVA6,512,1,Protected,0.1
P0567,1977,2010,33,20-39,CVA16,128,1,Protected,0.1
P0567,1977,2015,38,20-39,EV-A71,512,1,Protected,0.1
P0567,1977,2015,38,20-39,EV-D68,256,1,Protected,0.1
P0567,1977,2015,38,20-39,CVA6,512,1,Protected,0.1
P0567,1977,2015,38,20-39,CVA16,256,1,Protected,0.1
P0567,1977,2020,43,40-59,EV-A71,512,1,Protected,0.1
P0567,1977,2020,43,40-59,EV-D68,128,1,Protected,0.1
P0567,1977,2020,43,40-59,CVA6,512,1,Protected,0.1
P0567,1977,2020,43,40-59,CVA16,128,1,Protected,0.1
P0567,1977,2025,48,40-59,EV-A71,256,1,Protected,0.1
P0567,1977,2025,48,40-59,EV-D68,128,1,Protected,0.1
P0567,1977,2025,48,40-59,CVA6,512,1,Protected,0.1
P0567,1977,2025,48,40-59,CVA16,256,1,Protected,0.1
P0568,2008,2010,2,0-4,EV-A71,128,1,Protected,0.1
P0568,2008,2010,2,0-4,EV-D68,64,1,Protected,0.1
P0568,2008,2010,2,0-4,CVA6,64,1,Protected,0.1
P0568,2008,2010,2,0-4,CVA16,32,1,Partially protected,0.5
P0568,2008,2015,7,5-9,EV-A71,128,1,Protected,0.1
P0568,2008,2015,7,5-9,EV-D68,128,1,Protected,0.1
P0568,2008,2015,7,5-9,CVA6,128,1,Protected,0.1
P0568,2008,2015,7,5-9,CVA16,64,1,Protected,0.1
P0568,2008,2020,12,10-14,EV-A71,512,1,Protected,0.1
P0568,2008,2020,12,10-14,EV-D68,128,1,Protected,0.1
P0568,2008,2020,12,10-14,CVA6,256,1,Protected,0.1
P0568,2008,2020,12,10-14,CVA16,256,1,Protected,0.1
P0568,2008,2025,17,15-19,EV-A71,256,1,Protected,0.1
P0568,2008,2025,17,15-19,EV-D68,64,1,Protected,0.1
P0568,2008,2025,17,15-19,CVA6,512,1,Protected,0.1
P0568,2008,2025,17,15-19,CVA16,128,1,Protected,0.1
P0569,1991,2005,14,10-14,EV-A71,128,1,Protected,0.1
P0569,1991,2005,14,10-14,EV-D68,64,1,Protected,0.1
P0569,1991,2005,14,10-14,CVA6,128,1,Protected,0.1
P0569,1991,2005,14,10-14,CVA16,64,1,Protected,0.1
P0569,1991,2010,19,15-19,EV-A71,128,1,Protected,0.1
P0569,1991,2010,19,15-19,EV-D68,128,1,Protected,0.1
P0569,1991,2010,19,15-19,CVA6,128,1,Protected,0.1
P0569,1991,2010,19,15-19,CVA16,64,1,Protected,0.1
P0569,1991,2015,24,20-39,EV-A71,512,1,Protected,0.1
P0569,1991,2015,24,20-39,EV-D68,128,1,Protected,0.1
P0569,1991,2015,24,20-39,CVA6,512,1,Protected,0.1
P0569,1991,2015,24,20-39,CVA16,512,1,Protected,0.1
P0569,1991,2020,29,20-39,EV-A71,256,1,Protected,0.1
P0569,1991,2020,29,20-39,EV-D68,512,1,Protected,0.1
P0569,1991,2020,29,20-39,CVA6,512,1,Protected,0.1
P0569,1991,2020,29,20-39,CVA16,256,1,Protected,0.1
P0569,1991,2025,34,20-39,EV-A71,512,1,Protected,0.1
P0569,1991,2025,34,20-39,EV-D68,256,1,Protected,0.1
P0569,1991,2025,34,20-39,CVA6,512,1,Protected,0.1
P0569,1991,2025,34,20-39,CVA16,256,1,Protected,0.1
P0570,1993,2005,12,10-14,EV-A71,64,1,Protected,0.1
P0570,1993,2005,12,10-14,EV-D68,32,1,Partially protected,0.5
P0570,1993,2005,12,10-14,CVA6,64,1,Protected,0.1
P0570,1993,2005,12,10-14,CVA16,64,1,Protected,0.1
P0570,1993,2010,17,15-19,EV-A71,64,1,Protected,0.1
P0570,1993,2010,17,15-19,EV-D68,128,1,Protected,0.1
P0570,1993,2010,17,15-19,CVA6,128,1,Protected,0.1
P0570,1993,2010,17,15-19,CVA16,32,1,Partially protected,0.5
P0570,1993,2015,22,20-39,EV-A71,512,1,Protected,0.1
P0570,1993,2015,22,20-39,EV-D68,512,1,Protected,0.1
P0570,1993,2015,22,20-39,CVA6,256,1,Protected,0.1
P0570,1993,2015,22,20-39,CVA16,512,1,Protected,0.1
P0570,1993,2020,27,20-39,EV-A71,512,1,Protected,0.1
P0570,1993,2020,27,20-39,EV-D68,128,1,Protected,0.1
P0570,1993,2020,27,20-39,CVA6,512,1,Protected,0.1
P0570,1993,2020,27,20-39,CVA16,256,1,Protected,0.1
P0570,1993,2025,32,20-39,EV-A71,512,1,Protected,0.1
P0570,1993,2025,32,20-39,EV-D68,256,1,Protected,0.1
P0570,1993,2025,32,20-39,CVA6,512,1,Protected,0.1
P0570,1993,2025,32,20-39,CVA16,256,1,Protected,0.1
P0571,1998,2005,7,5-9,EV-A71,64,1,Protected,0.1
P0571,1998,2005,7,5-9,EV-D68,32,1,Partially protected,0.5
P0571,1998,2005,7,5-9,CVA6,128,1,Protected,0.1
P0571,1998,2005,7,5-9,CVA16,32,1,Partially protected,0.5
P0571,1998,2010,12,10-14,EV-A71,128,1,Protected,0.1
P0571,1998,2010,12,10-14,EV-D68,64,1,Protected,0.1
P0571,1998,2010,12,10-14,CVA6,64,1,Protected,0.1
P0571,1998,2010,12,10-14,CVA16,64,1,Protected,0.1
P0571,1998,2015,17,15-19,EV-A71,128,1,Protected,0.1
P0571,1998,2015,17,15-19,EV-D68,128,1,Protected,0.1
P0571,1998,2015,17,15-19,CVA6,128,1,Protected,0.1
P0571,1998,2015,17,15-19,CVA16,256,1,Protected,0.1
P0571,1998,2020,22,20-39,EV-A71,256,1,Protected,0.1
P0571,1998,2020,22,20-39,EV-D68,128,1,Protected,0.1
P0571,1998,2020,22,20-39,CVA6,512,1,Protected,0.1
P0571,1998,2020,22,20-39,CVA16,512,1,Protected,0.1
P0571,1998,2025,27,20-39,EV-A71,256,1,Protected,0.1
P0571,1998,2025,27,20-39,EV-D68,128,1,Protected,0.1
P0571,1998,2025,27,20-39,CVA6,512,1,Protected,0.1
P0571,1998,2025,27,20-39,CVA16,256,1,Protected,0.1
P0572,1985,2005,20,20-39,EV-A71,256,1,Protected,0.1
P0572,1985,2005,20,20-39,EV-D68,128,1,Protected,0.1
P0572,1985,2005,20,20-39,CVA6,128,1,Protected,0.1
P0572,1985,2005,20,20-39,CVA16,64,1,Protected,0.1
P0572,1985,2010,25,20-39,EV-A71,256,1,Protected,0.1
P0572,1985,2010,25,20-39,EV-D68,128,1,Protected,0.1
P0572,1985,2010,25,20-39,CVA6,256,1,Protected,0.1
P0572,1985,2010,25,20-39,CVA16,128,1,Protected,0.1
P0572,1985,2015,30,20-39,EV-A71,256,1,Protected,0.1
P0572,1985,2015,30,20-39,EV-D68,256,1,Protected,0.1
P0572,1985,2015,30,20-39,CVA6,256,1,Protected,0.1
P0572,1985,2015,30,20-39,CVA16,256,1,Protected,0.1
P0572,1985,2020,35,20-39,EV-A71,256,1,Protected,0.1
P0572,1985,2020,35,20-39,EV-D68,256,1,Protected,0.1
P0572,1985,2020,35,20-39,CVA6,256,1,Protected,0.1
P0572,1985,2020,35,20-39,CVA16,256,1,Protected,0.1
P0572,1985,2025,40,40-59,EV-A71,512,1,Protected,0.1
P0572,1985,2025,40,40-59,EV-D68,256,1,Protected,0.1
P0572,1985,2025,40,40-59,CVA6,512,1,Protected,0.1
P0572,1985,2025,40,40-59,CVA16,256,1,Protected,0.1
P0573,2003,2005,2,0-4,EV-A71,64,1,Protected,0.1
P0573,2003,2005,2,0-4,EV-D68,32,1,Partially protected,0.5
P0573,2003,2005,2,0-4,CVA6,64,1,Protected,0.1
P0573,2003,2005,2,0-4,CVA16,16,0,Susceptible,1.0
P0573,2003,2010,7,5-9,EV-A71,64,1,Protected,0.1
P0573,2003,2010,7,5-9,EV-D68,64,1,Protected,0.1
P0573,2003,2010,7,5-9,CVA6,128,1,Protected,0.1
P0573,2003,2010,7,5-9,CVA16,16,0,Susceptible,1.0
P0573,2003,2015,12,10-14,EV-A71,128,1,Protected,0.1
P0573,2003,2015,12,10-14,EV-D68,128,1,Protected,0.1
P0573,2003,2015,12,10-14,CVA6,256,1,Protected,0.1
P0573,2003,2015,12,10-14,CVA16,128,1,Protected,0.1
P0573,2003,2020,17,15-19,EV-A71,512,1,Protected,0.1
P0573,2003,2020,17,15-19,EV-D68,256,1,Protected,0.1
P0573,2003,2020,17,15-19,CVA6,512,1,Protected,0.1
P0573,2003,2020,17,15-19,CVA16,64,1,Protected,0.1
P0573,2003,2025,22,20-39,EV-A71,512,1,Protected,0.1
P0573,2003,2025,22,20-39,EV-D68,512,1,Protected,0.1
P0573,2003,2025,22,20-39,CVA6,512,1,Protected,0.1
P0573,2003,2025,22,20-39,CVA16,128,1,Protected,0.1
P0574,1982,2005,23,20-39,EV-A71,256,1,Protected,0.1
P0574,1982,2005,23,20-39,EV-D68,256,1,Protected,0.1
P0574,1982,2005,23,20-39,CVA6,128,1,Protected,0.1
P0574,1982,2005,23,20-39,CVA16,256,1,Protected,0.1
P0574,1982,2010,28,20-39,EV-A71,128,1,Protected,0.1
P0574,1982,2010,28,20-39,EV-D68,256,1,Protected,0.1
P0574,1982,2010,28,20-39,CVA6,512,1,Protected,0.1
P0574,1982,2010,28,20-39,CVA16,128,1,Protected,0.1
P0574,1982,2015,33,20-39,EV-A71,512,1,Protected,0.1
P0574,1982,2015,33,20-39,EV-D68,256,1,Protected,0.1
P0574,1982,2015,33,20-39,CVA6,256,1,Protected,0.1
P0574,1982,2015,33,20-39,CVA16,256,1,Protected,0.1
P0574,1982,2020,38,20-39,EV-A71,256,1,Protected,0.1
P0574,1982,2020,38,20-39,EV-D68,256,1,Protected,0.1
P0574,1982,2020,38,20-39,CVA6,512,1,Protected,0.1
P0574,1982,2020,38,20-39,CVA16,256,1,Protected,0.1
P0574,1982,2025,43,40-59,EV-A71,256,1,Protected,0.1
P0574,1982,2025,43,40-59,EV-D68,256,1,Protected,0.1
P0574,1982,2025,43,40-59,CVA6,512,1,Protected,0.1
P0574,1982,2025,43,40-59,CVA16,256,1,Protected,0.1
P0575,1960,2005,45,40-59,EV-A71,256,1,Protected,0.1
P0575,1960,2005,45,40-59,EV-D68,128,1,Protected,0.1
P0575,1960,2005,45,40-59,CVA6,128,1,Protected,0.1
P0575,1960,2005,45,40-59,CVA16,128,1,Protected,0.1
P0575,1960,2010,50,40-59,EV-A71,512,1,Protected,0.1
P0575,1960,2010,50,40-59,EV-D68,128,1,Protected,0.1
P0575,1960,2010,50,40-59,CVA6,256,1,Protected,0.1
P0575,1960,2010,50,40-59,CVA16,128,1,Protected,0.1
P0575,1960,2015,55,40-59,EV-A71,512,1,Protected,0.1
P0575,1960,2015,55,40-59,EV-D68,512,1,Protected,0.1
P0575,1960,2015,55,40-59,CVA6,512,1,Protected,0.1
P0575,1960,2015,55,40-59,CVA16,256,1,Protected,0.1
P0575,1960,2020,60,60+,EV-A71,512,1,Protected,0.1
P0575,1960,2020,60,60+,EV-D68,256,1,Protected,0.1
P0575,1960,2020,60,60+,CVA6,512,1,Protected,0.1
P0575,1960,2020,60,60+,CVA16,256,1,Protected,0.1
P0575,1960,2025,65,60+,EV-A71,512,1,Protected,0.1
P0575,1960,2025,65,60+,EV-D68,128,1,Protected,0.1
P0575,1960,2025,65,60+,CVA6,512,1,Protected,0.1
P0575,1960,2025,65,60+,CVA16,512,1,Protected,0.1
P0576,2010,2010,0,0-4,EV-A71,64,1,Protected,0.1
P0576,2010,2010,0,0-4,EV-D68,32,1,Partially protected,0.5
P0576,2010,2010,0,0-4,CVA6,64,1,Protected,0.1
P0576,2010,2010,0,0-4,CVA16,32,1,Partially protected,0.5
P0576,2010,2015,5,5-9,EV-A71,128,1,Protected,0.1
P0576,2010,2015,5,5-9,EV-D68,64,1,Protected,0.1
P0576,2010,2015,5,5-9,CVA6,128,1,Protected,0.1
P0576,2010,2015,5,5-9,CVA16,128,1,Protected,0.1
P0576,2010,2020,10,10-14,EV-A71,256,1,Protected,0.1
P0576,2010,2020,10,10-14,EV-D68,128,1,Protected,0.1
P0576,2010,2020,10,10-14,CVA6,512,1,Protected,0.1
P0576,2010,2020,10,10-14,CVA16,64,1,Protected,0.1
P0576,2010,2025,15,15-19,EV-A71,512,1,Protected,0.1
P0576,2010,2025,15,15-19,EV-D68,128,1,Protected,0.1
P0576,2010,2025,15,15-19,CVA6,256,1,Protected,0.1
P0576,2010,2025,15,15-19,CVA16,128,1,Protected,0.1
P0577,1952,2005,53,40-59,EV-A71,512,1,Protected,0.1
P0577,1952,2005,53,40-59,EV-D68,128,1,Protected,0.1
P0577,1952,2005,53,40-59,CVA6,256,1,Protected,0.1
P0577,1952,2005,53,40-59,CVA16,64,1,Protected,0.1
P0577,1952,2010,58,40-59,EV-A71,256,1,Protected,0.1
P0577,1952,2010,58,40-59,EV-D68,128,1,Protected,0.1
P0577,1952,2010,58,40-59,CVA6,128,1,Protected,0.1
P0577,1952,2010,58,40-59,CVA16,256,1,Protected,0.1
P0577,1952,2015,63,60+,EV-A71,512,1,Protected,0.1
P0577,1952,2015,63,60+,EV-D68,512,1,Protected,0.1
P0577,1952,2015,63,60+,CVA6,512,1,Protected,0.1
P0577,1952,2015,63,60+,CVA16,256,1,Protected,0.1
P0577,1952,2020,68,60+,EV-A71,512,1,Protected,0.1
P0577,1952,2020,68,60+,EV-D68,512,1,Protected,0.1
P0577,1952,2020,68,60+,CVA6,512,1,Protected,0.1
P0577,1952,2020,68,60+,CVA16,256,1,Protected,0.1
P0577,1952,2025,73,60+,EV-A71,256,1,Protected,0.1
P0577,1952,2025,73,60+,EV-D68,128,1,Protected,0.1
P0577,1952,2025,73,60+,CVA6,512,1,Protected,0.1
P0577,1952,2025,73,60+,CVA16,256,1,Protected,0.1
P0578,2019,2020,1,0-4,EV-A71,128,1,Protected,0.1
P0578,2019,2020,1,0-4,EV-D68,64,1,Protected,0.1
P0578,2019,2020,1,0-4,CVA6,128,1,Protected,0.1
P0578,2019,2020,1,0-4,CVA16,64,1,Protected,0.1
P0578,2019,2025,6,5-9,EV-A71,64,1,Protected,0.1
P0578,2019,2025,6,5-9,EV-D68,64,1,Protected,0.1
P0578,2019,2025,6,5-9,CVA6,128,1,Protected,0.1
P0578,2019,2025,6,5-9,CVA16,64,1,Protected,0.1
P0579,1956,2005,49,40-59,EV-A71,256,1,Protected,0.1
P0579,1956,2005,49,40-59,EV-D68,128,1,Protected,0.1
P0579,1956,2005,49,40-59,CVA6,128,1,Protected,0.1
P0579,1956,2005,49,40-59,CVA16,64,1,Protected,0.1
P0579,1956,2010,54,40-59,EV-A71,256,1,Protected,0.1
P0579,1956,2010,54,40-59,EV-D68,64,1,Protected,0.1
P0579,1956,2010,54,40-59,CVA6,256,1,Protected,0.1
P0579,1956,2010,54,40-59,CVA16,128,1,Protected,0.1
P0579,1956,2015,59,40-59,EV-A71,512,1,Protected,0.1
P0579,1956,2015,59,40-59,EV-D68,512,1,Protected,0.1
P0579,1956,2015,59,40-59,CVA6,512,1,Protected,0.1
P0579,1956,2015,59,40-59,CVA16,256,1,Protected,0.1
P0579,1956,2020,64,60+,EV-A71,512,1,Protected,0.1
P0579,1956,2020,64,60+,EV-D68,128,1,Protected,0.1
P0579,1956,2020,64,60+,CVA6,512,1,Protected,0.1
P0579,1956,2020,64,60+,CVA16,256,1,Protected,0.1
P0579,1956,2025,69,60+,EV-A71,512,1,Protected,0.1
P0579,1956,2025,69,60+,EV-D68,256,1,Protected,0.1
P0579,1956,2025,69,60+,CVA6,512,1,Protected,0.1
P0579,1956,2025,69,60+,CVA16,256,1,Protected,0.1
P0580,1994,2005,11,10-14,EV-A71,64,1,Protected,0.1
P0580,1994,2005,11,10-14,EV-D68,128,1,Protected,0.1
P0580,1994,2005,11,10-14,CVA6,128,1,Protected,0.1
P0580,1994,2005,11,10-14,CVA16,128,1,Protected,0.1
P0580,1994,2010,16,15-19,EV-A71,64,1,Protected,0.1
P0580,1994,2010,16,15-19,EV-D68,128,1,Protected,0.1
P0580,1994,2010,16,15-19,CVA6,128,1,Protected,0.1
P0580,1994,2010,16,15-19,CVA16,64,1,Protected,0.1
P0580,1994,2015,21,20-39,EV-A71,512,1,Protected,0.1
P0580,1994,2015,21,20-39,EV-D68,256,1,Protected,0.1
P0580,1994,2015,21,20-39,CVA6,512,1,Protected,0.1
P0580,1994,2015,21,20-39,CVA16,256,1,Protected,0.1
P0580,1994,2020,26,20-39,EV-A71,256,1,Protected,0.1
P0580,1994,2020,26,20-39,EV-D68,256,1,Protected,0.1
P0580,1994,2020,26,20-39,CVA6,512,1,Protected,0.1
P0580,1994,2020,26,20-39,CVA16,128,1,Protected,0.1
P0580,1994,2025,31,20-39,EV-A71,512,1,Protected,0.1
P0580,1994,2025,31,20-39,EV-D68,256,1,Protected,0.1
P0580,1994,2025,31,20-39,CVA6,256,1,Protected,0.1
P0580,1994,2025,31,20-39,CVA16,128,1,Protected,0.1
P0581,1978,2005,27,20-39,EV-A71,256,1,Protected,0.1
P0581,1978,2005,27,20-39,EV-D68,128,1,Protected,0.1
P0581,1978,2005,27,20-39,CVA6,512,1,Protected,0.1
P0581,1978,2005,27,20-39,CVA16,128,1,Protected,0.1
P0581,1978,2010,32,20-39,EV-A71,512,1,Protected,0.1
P0581,1978,2010,32,20-39,EV-D68,128,1,Protected,0.1
P0581,1978,2010,32,20-39,CVA6,256,1,Protected,0.1
P0581,1978,2010,32,20-39,CVA16,256,1,Protected,0.1
P0581,1978,2015,37,20-39,EV-A71,256,1,Protected,0.1
P0581,1978,2015,37,20-39,EV-D68,256,1,Protected,0.1
P0581,1978,2015,37,20-39,CVA6,256,1,Protected,0.1
P0581,1978,2015,37,20-39,CVA16,512,1,Protected,0.1
P0581,1978,2020,42,40-59,EV-A71,256,1,Protected,0.1
P0581,1978,2020,42,40-59,EV-D68,256,1,Protected,0.1
P0581,1978,2020,42,40-59,CVA6,512,1,Protected,0.1
P0581,1978,2020,42,40-59,CVA16,256,1,Protected,0.1
P0581,1978,2025,47,40-59,EV-A71,512,1,Protected,0.1
P0581,1978,2025,47,40-59,EV-D68,128,1,Protected,0.1
P0581,1978,2025,47,40-59,CVA6,512,1,Protected,0.1
P0581,1978,2025,47,40-59,CVA16,512,1,Protected,0.1
P0582,1958,2005,47,40-59,EV-A71,128,1,Protected,0.1
P0582,1958,2005,47,40-59,EV-D68,128,1,Protected,0.1
P0582,1958,2005,47,40-59,CVA6,128,1,Protected,0.1
P0582,1958,2005,47,40-59,CVA16,64,1,Protected,0.1
P0582,1958,2010,52,40-59,EV-A71,256,1,Protected,0.1
P0582,1958,2010,52,40-59,EV-D68,64,1,Protected,0.1
P0582,1958,2010,52,40-59,CVA6,256,1,Protected,0.1
P0582,1958,2010,52,40-59,CVA16,128,1,Protected,0.1
P0582,1958,2015,57,40-59,EV-A71,512,1,Protected,0.1
P0582,1958,2015,57,40-59,EV-D68,256,1,Protected,0.1
P0582,1958,2015,57,40-59,CVA6,512,1,Protected,0.1
P0582,1958,2015,57,40-59,CVA16,256,1,Protected,0.1
P0582,1958,2020,62,60+,EV-A71,256,1,Protected,0.1
P0582,1958,2020,62,60+,EV-D68,512,1,Protected,0.1
P0582,1958,2020,62,60+,CVA6,512,1,Protected,0.1
P0582,1958,2020,62,60+,CVA16,256,1,Protected,0.1
P0582,1958,2025,67,60+,EV-A71,512,1,Protected,0.1
P0582,1958,2025,67,60+,EV-D68,128,1,Protected,0.1
P0582,1958,2025,67,60+,CVA6,512,1,Protected,0.1
P0582,1958,2025,67,60+,CVA16,256,1,Protected,0.1
P0583,1955,2005,50,40-59,EV-A71,256,1,Protected,0.1
P0583,1955,2005,50,40-59,EV-D68,128,1,Protected,0.1
P0583,1955,2005,50,40-59,CVA6,128,1,Protected,0.1
P0583,1955,2005,50,40-59,CVA16,128,1,Protected,0.1
P0583,1955,2010,55,40-59,EV-A71,512,1,Protected,0.1
P0583,1955,2010,55,40-59,EV-D68,64,1,Protected,0.1
P0583,1955,2010,55,40-59,CVA6,128,1,Protected,0.1
P0583,1955,2010,55,40-59,CVA16,128,1,Protected,0.1
P0583,1955,2015,60,60+,EV-A71,256,1,Protected,0.1
P0583,1955,2015,60,60+,EV-D68,128,1,Protected,0.1
P0583,1955,2015,60,60+,CVA6,512,1,Protected,0.1
P0583,1955,2015,60,60+,CVA16,128,1,Protected,0.1
P0583,1955,2020,65,60+,EV-A71,512,1,Protected,0.1
P0583,1955,2020,65,60+,EV-D68,256,1,Protected,0.1
P0583,1955,2020,65,60+,CVA6,512,1,Protected,0.1
P0583,1955,2020,65,60+,CVA16,256,1,Protected,0.1
P0583,1955,2025,70,60+,EV-A71,256,1,Protected,0.1
P0583,1955,2025,70,60+,EV-D68,256,1,Protected,0.1
P0583,1955,2025,70,60+,CVA6,512,1,Protected,0.1
P0583,1955,2025,70,60+,CVA16,512,1,Protected,0.1
P0584,1953,2005,52,40-59,EV-A71,128,1,Protected,0.1
P0584,1953,2005,52,40-59,EV-D68,64,1,Protected,0.1
P0584,1953,2005,52,40-59,CVA6,256,1,Protected,0.1
P0584,1953,2005,52,40-59,CVA16,64,1,Protected,0.1
P0584,1953,2010,57,40-59,EV-A71,128,1,Protected,0.1
P0584,1953,2010,57,40-59,EV-D68,64,1,Protected,0.1
P0584,1953,2010,57,40-59,CVA6,256,1,Protected,0.1
P0584,1953,2010,57,40-59,CVA16,64,1,Protected,0.1
P0584,1953,2015,62,60+,EV-A71,512,1,Protected,0.1
P0584,1953,2015,62,60+,EV-D68,256,1,Protected,0.1
P0584,1953,2015,62,60+,CVA6,512,1,Protected,0.1
P0584,1953,2015,62,60+,CVA16,256,1,Protected,0.1
P0584,1953,2020,67,60+,EV-A71,512,1,Protected,0.1
P0584,1953,2020,67,60+,EV-D68,256,1,Protected,0.1
P0584,1953,2020,67,60+,CVA6,512,1,Protected,0.1
P0584,1953,2020,67,60+,CVA16,512,1,Protected,0.1
P0584,1953,2025,72,60+,EV-A71,512,1,Protected,0.1
P0584,1953,2025,72,60+,EV-D68,128,1,Protected,0.1
P0584,1953,2025,72,60+,CVA6,512,1,Protected,0.1
P0584,1953,2025,72,60+,CVA16,256,1,Protected,0.1
P0585,1981,2005,24,20-39,EV-A71,256,1,Protected,0.1
P0585,1981,2005,24,20-39,EV-D68,256,1,Protected,0.1
P0585,1981,2005,24,20-39,CVA6,256,1,Protected,0.1
P0585,1981,2005,24,20-39,CVA16,128,1,Protected,0.1
P0585,1981,2010,29,20-39,EV-A71,128,1,Protected,0.1
P0585,1981,2010,29,20-39,EV-D68,256,1,Protected,0.1
P0585,1981,2010,29,20-39,CVA6,512,1,Protected,0.1
P0585,1981,2010,29,20-39,CVA16,128,1,Protected,0.1
P0585,1981,2015,34,20-39,EV-A71,512,1,Protected,0.1
P0585,1981,2015,34,20-39,EV-D68,256,1,Protected,0.1
P0585,1981,2015,34,20-39,CVA6,512,1,Protected,0.1
P0585,1981,2015,34,20-39,CVA16,256,1,Protected,0.1
P0585,1981,2020,39,20-39,EV-A71,512,1,Protected,0.1
P0585,1981,2020,39,20-39,EV-D68,256,1,Protected,0.1
P0585,1981,2020,39,20-39,CVA6,512,1,Protected,0.1
P0585,1981,2020,39,20-39,CVA16,128,1,Protected,0.1
P0585,1981,2025,44,40-59,EV-A71,512,1,Protected,0.1
P0585,1981,2025,44,40-59,EV-D68,256,1,Protected,0.1
P0585,1981,2025,44,40-59,CVA6,256,1,Protected,0.1
P0585,1981,2025,44,40-59,CVA16,256,1,Protected,0.1
P0586,1975,2005,30,20-39,EV-A71,512,1,Protected,0.1
P0586,1975,2005,30,20-39,EV-D68,128,1,Protected,0.1
P0586,1975,2005,30,20-39,CVA6,256,1,Protected,0.1
P0586,1975,2005,30,20-39,CVA16,64,1,Protected,0.1
P0586,1975,2010,35,20-39,EV-A71,128,1,Protected,0.1
P0586,1975,2010,35,20-39,EV-D68,128,1,Protected,0.1
P0586,1975,2010,35,20-39,CVA6,128,1,Protected,0.1
P0586,1975,2010,35,20-39,CVA16,128,1,Protected,0.1
P0586,1975,2015,40,40-59,EV-A71,256,1,Protected,0.1
P0586,1975,2015,40,40-59,EV-D68,256,1,Protected,0.1
P0586,1975,2015,40,40-59,CVA6,512,1,Protected,0.1
P0586,1975,2015,40,40-59,CVA16,256,1,Protected,0.1
P0586,1975,2020,45,40-59,EV-A71,512,1,Protected,0.1
P0586,1975,2020,45,40-59,EV-D68,256,1,Protected,0.1
P0586,1975,2020,45,40-59,CVA6,256,1,Protected,0.1
P0586,1975,2020,45,40-59,CVA16,256,1,Protected,0.1
P0586,1975,2025,50,40-59,EV-A71,512,1,Protected,0.1
P0586,1975,2025,50,40-59,EV-D68,512,1,Protected,0.1
P0586,1975,2025,50,40-59,CVA6,512,1,Protected,0.1
P0586,1975,2025,50,40-59,CVA16,512,1,Protected,0.1
P0587,1952,2005,53,40-59,EV-A71,256,1,Protected,0.1
P0587,1952,2005,53,40-59,EV-D68,128,1,Protected,0.1
P0587,1952,2005,53,40-59,CVA6,256,1,Protected,0.1
P0587,1952,2005,53,40-59,CVA16,128,1,Protected,0.1
P0587,1952,2010,58,40-59,EV-A71,512,1,Protected,0.1
P0587,1952,2010,58,40-59,EV-D68,64,1,Protected,0.1
P0587,1952,2010,58,40-59,CVA6,256,1,Protected,0.1
P0587,1952,2010,58,40-59,CVA16,128,1,Protected,0.1
P0587,1952,2015,63,60+,EV-A71,512,1,Protected,0.1
P0587,1952,2015,63,60+,EV-D68,256,1,Protected,0.1
P0587,1952,2015,63,60+,CVA6,512,1,Protected,0.1
P0587,1952,2015,63,60+,CVA16,512,1,Protected,0.1
P0587,1952,2020,68,60+,EV-A71,512,1,Protected,0.1
P0587,1952,2020,68,60+,EV-D68,256,1,Protected,0.1
P0587,1952,2020,68,60+,CVA6,512,1,Protected,0.1
P0587,1952,2020,68,60+,CVA16,256,1,Protected,0.1
P0587,1952,2025,73,60+,EV-A71,256,1,Protected,0.1
P0587,1952,2025,73,60+,EV-D68,256,1,Protected,0.1
P0587,1952,2025,73,60+,CVA6,512,1,Protected,0.1
P0587,1952,2025,73,60+,CVA16,256,1,Protected,0.1
P0588,1969,2005,36,20-39,EV-A71,256,1,Protected,0.1
P0588,1969,2005,36,20-39,EV-D68,256,1,Protected,0.1
P0588,1969,2005,36,20-39,CVA6,128,1,Protected,0.1
P0588,1969,2005,36,20-39,CVA16,128,1,Protected,0.1
P0588,1969,2010,41,40-59,EV-A71,256,1,Protected,0.1
P0588,1969,2010,41,40-59,EV-D68,64,1,Protected,0.1
P0588,1969,2010,41,40-59,CVA6,128,1,Protected,0.1
P0588,1969,2010,41,40-59,CVA16,128,1,Protected,0.1
P0588,1969,2015,46,40-59,EV-A71,256,1,Protected,0.1
P0588,1969,2015,46,40-59,EV-D68,256,1,Protected,0.1
P0588,1969,2015,46,40-59,CVA6,512,1,Protected,0.1
P0588,1969,2015,46,40-59,CVA16,256,1,Protected,0.1
P0588,1969,2020,51,40-59,EV-A71,256,1,Protected,0.1
P0588,1969,2020,51,40-59,EV-D68,256,1,Protected,0.1
P0588,1969,2020,51,40-59,CVA6,512,1,Protected,0.1
P0588,1969,2020,51,40-59,CVA16,256,1,Protected,0.1
P0588,1969,2025,56,40-59,EV-A71,512,1,Protected,0.1
P0588,1969,2025,56,40-59,EV-D68,256,1,Protected,0.1
P0588,1969,2025,56,40-59,CVA6,256,1,Protected,0.1
P0588,1969,2025,56,40-59,CVA16,512,1,Protected,0.1
P0589,1980,2005,25,20-39,EV-A71,128,1,Protected,0.1
P0589,1980,2005,25,20-39,EV-D68,128,1,Protected,0.1
P0589,1980,2005,25,20-39,CVA6,256,1,Protected,0.1
P0589,1980,2005,25,20-39,CVA16,128,1,Protected,0.1
P0589,1980,2010,30,20-39,EV-A71,256,1,Protected,0.1
P0589,1980,2010,30,20-39,EV-D68,128,1,Protected,0.1
P0589,1980,2010,30,20-39,CVA6,512,1,Protected,0.1
P0589,1980,2010,30,20-39,CVA16,128,1,Protected,0.1
P0589,1980,2015,35,20-39,EV-A71,512,1,Protected,0.1
P0589,1980,2015,35,20-39,EV-D68,256,1,Protected,0.1
P0589,1980,2015,35,20-39,CVA6,256,1,Protected,0.1
P0589,1980,2015,35,20-39,CVA16,256,1,Protected,0.1
P0589,1980,2020,40,40-59,EV-A71,512,1,Protected,0.1
P0589,1980,2020,40,40-59,EV-D68,256,1,Protected,0.1
P0589,1980,2020,40,40-59,CVA6,256,1,Protected,0.1
P0589,1980,2020,40,40-59,CVA16,128,1,Protected,0.1
P0589,1980,2025,45,40-59,EV-A71,512,1,Protected,0.1
P0589,1980,2025,45,40-59,EV-D68,256,1,Protected,0.1
P0589,1980,2025,45,40-59,CVA6,512,1,Protected,0.1
P0589,1980,2025,45,40-59,CVA16,256,1,Protected,0.1
P0590,1966,2005,39,20-39,EV-A71,256,1,Protected,0.1
P0590,1966,2005,39,20-39,EV-D68,128,1,Protected,0.1
P0590,1966,2005,39,20-39,CVA6,256,1,Protected,0.1
P0590,1966,2005,39,20-39,CVA16,256,1,Protected,0.1
P0590,1966,2010,44,40-59,EV-A71,256,1,Protected,0.1
P0590,1966,2010,44,40-59,EV-D68,256,1,Protected,0.1
P0590,1966,2010,44,40-59,CVA6,512,1,Protected,0.1
P0590,1966,2010,44,40-59,CVA16,128,1,Protected,0.1
P0590,1966,2015,49,40-59,EV-A71,512,1,Protected,0.1
P0590,1966,2015,49,40-59,EV-D68,256,1,Protected,0.1
P0590,1966,2015,49,40-59,CVA6,256,1,Protected,0.1
P0590,1966,2015,49,40-59,CVA16,128,1,Protected,0.1
P0590,1966,2020,54,40-59,EV-A71,512,1,Protected,0.1
P0590,1966,2020,54,40-59,EV-D68,128,1,Protected,0.1
P0590,1966,2020,54,40-59,CVA6,512,1,Protected,0.1
P0590,1966,2020,54,40-59,CVA16,128,1,Protected,0.1
P0590,1966,2025,59,40-59,EV-A71,256,1,Protected,0.1
P0590,1966,2025,59,40-59,EV-D68,128,1,Protected,0.1
P0590,1966,2025,59,40-59,CVA6,512,1,Protected,0.1
P0590,1966,2025,59,40-59,CVA16,256,1,Protected,0.1
P0591,2010,2010,0,0-4,EV-A71,64,1,Protected,0.1
P0591,2010,2010,0,0-4,EV-D68,16,0,Susceptible,1.0
P0591,2010,2010,0,0-4,CVA6,128,1,Protected,0.1
P0591,2010,2010,0,0-4,CVA16,16,0,Susceptible,1.0
P0591,2010,2015,5,5-9,EV-A71,128,1,Protected,0.1
P0591,2010,2015,5,5-9,EV-D68,64,1,Protected,0.1
P0591,2010,2015,5,5-9,CVA6,256,1,Protected,0.1
P0591,2010,2015,5,5-9,CVA16,64,1,Protected,0.1
P0591,2010,2020,10,10-14,EV-A71,256,1,Protected,0.1
P0591,2010,2020,10,10-14,EV-D68,128,1,Protected,0.1
P0591,2010,2020,10,10-14,CVA6,128,1,Protected,0.1
P0591,2010,2020,10,10-14,CVA16,128,1,Protected,0.1
P0591,2010,2025,15,15-19,EV-A71,256,1,Protected,0.1
P0591,2010,2025,15,15-19,EV-D68,128,1,Protected,0.1
P0591,2010,2025,15,15-19,CVA6,256,1,Protected,0.1
P0591,2010,2025,15,15-19,CVA16,128,1,Protected,0.1
P0592,1964,2005,41,40-59,EV-A71,256,1,Protected,0.1
P0592,1964,2005,41,40-59,EV-D68,128,1,Protected,0.1
P0592,1964,2005,41,40-59,CVA6,256,1,Protected,0.1
P0592,1964,2005,41,40-59,CVA16,256,1,Protected,0.1
P0592,1964,2010,46,40-59,EV-A71,256,1,Protected,0.1
P0592,1964,2010,46,40-59,EV-D68,64,1,Protected,0.1
P0592,1964,2010,46,40-59,CVA6,128,1,Protected,0.1
P0592,1964,2010,46,40-59,CVA16,128,1,Protected,0.1
P0592,1964,2015,51,40-59,EV-A71,512,1,Protected,0.1
P0592,1964,2015,51,40-59,EV-D68,512,1,Protected,0.1
P0592,1964,2015,51,40-59,CVA6,512,1,Protected,0.1
P0592,1964,2015,51,40-59,CVA16,256,1,Protected,0.1
P0592,1964,2020,56,40-59,EV-A71,512,1,Protected,0.1
P0592,1964,2020,56,40-59,EV-D68,256,1,Protected,0.1
P0592,1964,2020,56,40-59,CVA6,512,1,Protected,0.1
P0592,1964,2020,56,40-59,CVA16,128,1,Protected,0.1
P0592,1964,2025,61,60+,EV-A71,512,1,Protected,0.1
P0592,1964,2025,61,60+,EV-D68,256,1,Protected,0.1
P0592,1964,2025,61,60+,CVA6,512,1,Protected,0.1
P0592,1964,2025,61,60+,CVA16,256,1,Protected,0.1
P0593,1977,2005,28,20-39,EV-A71,256,1,Protected,0.1
P0593,1977,2005,28,20-39,EV-D68,64,1,Protected,0.1
P0593,1977,2005,28,20-39,CVA6,256,1,Protected,0.1
P0593,1977,2005,28,20-39,CVA16,128,1,Protected,0.1
P0593,1977,2010,33,20-39,EV-A71,256,1,Protected,0.1
P0593,1977,2010,33,20-39,EV-D68,64,1,Protected,0.1
P0593,1977,2010,33,20-39,CVA6,256,1,Protected,0.1
P0593,1977,2010,33,20-39,CVA16,128,1,Protected,0.1
P0593,1977,2015,38,20-39,EV-A71,256,1,Protected,0.1
P0593,1977,2015,38,20-39,EV-D68,256,1,Protected,0.1
P0593,1977,2015,38,20-39,CVA6,256,1,Protected,0.1
P0593,1977,2015,38,20-39,CVA16,512,1,Protected,0.1
P0593,1977,2020,43,40-59,EV-A71,512,1,Protected,0.1
P0593,1977,2020,43,40-59,EV-D68,256,1,Protected,0.1
P0593,1977,2020,43,40-59,CVA6,512,1,Protected,0.1
P0593,1977,2020,43,40-59,CVA16,128,1,Protected,0.1
P0593,1977,2025,48,40-59,EV-A71,512,1,Protected,0.1
P0593,1977,2025,48,40-59,EV-D68,256,1,Protected,0.1
P0593,1977,2025,48,40-59,CVA6,512,1,Protected,0.1
P0593,1977,2025,48,40-59,CVA16,128,1,Protected,0.1
P0594,2009,2010,1,0-4,EV-A71,32,1,Partially protected,0.5
P0594,2009,2010,1,0-4,EV-D68,16,0,Susceptible,1.0
P0594,2009,2010,1,0-4,CVA6,128,1,Protected,0.1
P0594,2009,2010,1,0-4,CVA16,32,1,Partially protected,0.5
P0594,2009,2015,6,5-9,EV-A71,128,1,Protected,0.1
P0594,2009,2015,6,5-9,EV-D68,128,1,Protected,0.1
P0594,2009,2015,6,5-9,CVA6,256,1,Protected,0.1
P0594,2009,2015,6,5-9,CVA16,64,1,Protected,0.1
P0594,2009,2020,11,10-14,EV-A71,256,1,Protected,0.1
P0594,2009,2020,11,10-14,EV-D68,64,1,Protected,0.1
P0594,2009,2020,11,10-14,CVA6,128,1,Protected,0.1
P0594,2009,2020,11,10-14,CVA16,128,1,Protected,0.1
P0594,2009,2025,16,15-19,EV-A71,256,1,Protected,0.1
P0594,2009,2025,16,15-19,EV-D68,128,1,Protected,0.1
P0594,2009,2025,16,15-19,CVA6,256,1,Protected,0.1
P0594,2009,2025,16,15-19,CVA16,128,1,Protected,0.1
P0595,1982,2005,23,20-39,EV-A71,512,1,Protected,0.1
P0595,1982,2005,23,20-39,EV-D68,128,1,Protected,0.1
P0595,1982,2005,23,20-39,CVA6,256,1,Protected,0.1
P0595,1982,2005,23,20-39,CVA16,128,1,Protected,0.1
P0595,1982,2010,28,20-39,EV-A71,256,1,Protected,0.1
P0595,1982,2010,28,20-39,EV-D68,128,1,Protected,0.1
P0595,1982,2010,28,20-39,CVA6,128,1,Protected,0.1
P0595,1982,2010,28,20-39,CVA16,128,1,Protected,0.1
P0595,1982,2015,33,20-39,EV-A71,512,1,Protected,0.1
P0595,1982,2015,33,20-39,EV-D68,256,1,Protected,0.1
P0595,1982,2015,33,20-39,CVA6,512,1,Protected,0.1
P0595,1982,2015,33,20-39,CVA16,512,1,Protected,0.1
P0595,1982,2020,38,20-39,EV-A71,512,1,Protected,0.1
P0595,1982,2020,38,20-39,EV-D68,128,1,Protected,0.1
P0595,1982,2020,38,20-39,CVA6,512,1,Protected,0.1
P0595,1982,2020,38,20-39,CVA16,512,1,Protected,0.1
P0595,1982,2025,43,40-59,EV-A71,256,1,Protected,0.1
P0595,1982,2025,43,40-59,EV-D68,256,1,Protected,0.1
P0595,1982,2025,43,40-59,CVA6,512,1,Protected,0.1
P0595,1982,2025,43,40-59,CVA16,256,1,Protected,0.1
P0596,1997,2005,8,5-9,EV-A71,64,1,Protected,0.1
P0596,1997,2005,8,5-9,EV-D68,32,1,Partially protected,0.5
P0596,1997,2005,8,5-9,CVA6,64,1,Protected,0.1
P0596,1997,2005,8,5-9,CVA16,16,0,Susceptible,1.0
P0596,1997,2010,13,10-14,EV-A71,128,1,Protected,0.1
P0596,1997,2010,13,10-14,EV-D68,128,1,Protected,0.1
P0596,1997,2010,13,10-14,CVA6,128,1,Protected,0.1
P0596,1997,2010,13,10-14,CVA16,64,1,Protected,0.1
P0596,1997,2015,18,15-19,EV-A71,256,1,Protected,0.1
P0596,1997,2015,18,15-19,EV-D68,64,1,Protected,0.1
P0596,1997,2015,18,15-19,CVA6,256,1,Protected,0.1
P0596,1997,2015,18,15-19,CVA16,128,1,Protected,0.1
P0596,1997,2020,23,20-39,EV-A71,256,1,Protected,0.1
P0596,1997,2020,23,20-39,EV-D68,256,1,Protected,0.1
P0596,1997,2020,23,20-39,CVA6,512,1,Protected,0.1
P0596,1997,2020,23,20-39,CVA16,256,1,Protected,0.1
P0596,1997,2025,28,20-39,EV-A71,512,1,Protected,0.1
P0596,1997,2025,28,20-39,EV-D68,256,1,Protected,0.1
P0596,1997,2025,28,20-39,CVA6,512,1,Protected,0.1
P0596,1997,2025,28,20-39,CVA16,256,1,Protected,0.1
P0597,1971,2005,34,20-39,EV-A71,256,1,Protected,0.1
P0597,1971,2005,34,20-39,EV-D68,128,1,Protected,0.1
P0597,1971,2005,34,20-39,CVA6,512,1,Protected,0.1
P0597,1971,2005,34,20-39,CVA16,128,1,Protected,0.1
P0597,1971,2010,39,20-39,EV-A71,256,1,Protected,0.1
P0597,1971,2010,39,20-39,EV-D68,128,1,Protected,0.1
P0597,1971,2010,39,20-39,CVA6,256,1,Protected,0.1
P0597,1971,2010,39,20-39,CVA16,64,1,Protected,0.1
P0597,1971,2015,44,40-59,EV-A71,512,1,Protected,0.1
P0597,1971,2015,44,40-59,EV-D68,512,1,Protected,0.1
P0597,1971,2015,44,40-59,CVA6,512,1,Protected,0.1
P0597,1971,2015,44,40-59,CVA16,512,1,Protected,0.1
P0597,1971,2020,49,40-59,EV-A71,256,1,Protected,0.1
P0597,1971,2020,49,40-59,EV-D68,256,1,Protected,0.1
P0597,1971,2020,49,40-59,CVA6,512,1,Protected,0.1
P0597,1971,2020,49,40-59,CVA16,512,1,Protected,0.1
P0597,1971,2025,54,40-59,EV-A71,512,1,Protected,0.1
P0597,1971,2025,54,40-59,EV-D68,256,1,Protected,0.1
P0597,1971,2025,54,40-59,CVA6,256,1,Protected,0.1
P0597,1971,2025,54,40-59,CVA16,128,1,Protected,0.1
P0598,1964,2005,41,40-59,EV-A71,256,1,Protected,0.1
P0598,1964,2005,41,40-59,EV-D68,128,1,Protected,0.1
P0598,1964,2005,41,40-59,CVA6,256,1,Protected,0.1
P0598,1964,2005,41,40-59,CVA16,128,1,Protected,0.1
P0598,1964,2010,46,40-59,EV-A71,512,1,Protected,0.1
P0598,1964,2010,46,40-59,EV-D68,128,1,Protected,0.1
P0598,1964,2010,46,40-59,CVA6,512,1,Protected,0.1
P0598,1964,2010,46,40-59,CVA16,256,1,Protected,0.1
P0598,1964,2015,51,40-59,EV-A71,512,1,Protected,0.1
P0598,1964,2015,51,40-59,EV-D68,256,1,Protected,0.1
P0598,1964,2015,51,40-59,CVA6,512,1,Protected,0.1
P0598,1964,2015,51,40-59,CVA16,256,1,Protected,0.1
P0598,1964,2020,56,40-59,EV-A71,256,1,Protected,0.1
P0598,1964,2020,56,40-59,EV-D68,256,1,Protected,0.1
P0598,1964,2020,56,40-59,CVA6,256,1,Protected,0.1
P0598,1964,2020,56,40-59,CVA16,256,1,Protected,0.1
P0598,1964,2025,61,60+,EV-A71,256,1,Protected,0.1
P0598,1964,2025,61,60+,EV-D68,256,1,Protected,0.1
P0598,1964,2025,61,60+,CVA6,512,1,Protected,0.1
P0598,1964,2025,61,60+,CVA16,512,1,Protected,0.1
P0599,1970,2005,35,20-39,EV-A71,128,1,Protected,0.1
P0599,1970,2005,35,20-39,EV-D68,64,1,Protected,0.1
P0599,1970,2005,35,20-39,CVA6,256,1,Protected,0.1
P0599,1970,2005,35,20-39,CVA16,128,1,Protected,0.1
P0599,1970,2010,40,40-59,EV-A71,128,1,Protected,0.1
P0599,1970,2010,40,40-59,EV-D68,128,1,Protected,0.1
P0599,1970,2010,40,40-59,CVA6,256,1,Protected,0.1
P0599,1970,2010,40,40-59,CVA16,64,1,Protected,0.1
P0599,1970,2015,45,40-59,EV-A71,256,1,Protected,0.1
P0599,1970,2015,45,40-59,EV-D68,256,1,Protected,0.1
P0599,1970,2015,45,40-59,CVA6,512,1,Protected,0.1
P0599,1970,2015,45,40-59,CVA16,256,1,Protected,0.1
P0599,1970,2020,50,40-59,EV-A71,512,1,Protected,0.1
P0599,1970,2020,50,40-59,EV-D68,512,1,Protected,0.1
P0599,1970,2020,50,40-59,CVA6,512,1,Protected,0.1
P0599,1970,2020,50,40-59,CVA16,256,1,Protected,0.1
P0599,1970,2025,55,40-59,EV-A71,256,1,Protected,0.1
P0599,1970,2025,55,40-59,EV-D68,256,1,Protected,0.1
P0599,1970,2025,55,40-59,CVA6,512,1,Protected,0.1
P0599,1970,2025,55,40-59,CVA16,256,1,Protected,0.1
P0600,1989,2005,16,15-19,EV-A71,128,1,Protected,0.1
P0600,1989,2005,16,15-19,EV-D68,128,1,Protected,0.1
P0600,1989,2005,16,15-19,CVA6,64,1,Protected,0.1
P0600,1989,2005,16,15-19,CVA16,64,1,Protected,0.1
P0600,1989,2010,21,20-39,EV-A71,256,1,Protected,0.1
P0600,1989,2010,21,20-39,EV-D68,64,1,Protected,0.1
P0600,1989,2010,21,20-39,CVA6,256,1,Protected,0.1
P0600,1989,2010,21,20-39,CVA16,128,1,Protected,0.1
P0600,1989,2015,26,20-39,EV-A71,512,1,Protected,0.1
P0600,1989,2015,26,20-39,EV-D68,256,1,Protected,0.1
P0600,1989,2015,26,20-39,CVA6,512,1,Protected,0.1
P0600,1989,2015,26,20-39,CVA16,256,1,Protected,0.1
P0600,1989,2020,31,20-39,EV-A71,256,1,Protected,0.1
P0600,1989,2020,31,20-39,EV-D68,256,1,Protected,0.1
P0600,1989,2020,31,20-39,CVA6,512,1,Protected,0.1
P0600,1989,2020,31,20-39,CVA16,512,1,Protected,0.1
P0600,1989,2025,36,20-39,EV-A71,512,1,Protected,0.1
P0600,1989,2025,36,20-39,EV-D68,256,1,Protected,0.1
P0600,1989,2025,36,20-39,CVA6,512,1,Protected,0.1
P0600,1989,2025,36,20-39,CVA16,256,1,Protected,0.1
P0601,1963,2005,42,40-59,EV-A71,256,1,Protected,0.1
P0601,1963,2005,42,40-59,EV-D68,256,1,Protected,0.1
P0601,1963,2005,42,40-59,CVA6,256,1,Protected,0.1
P0601,1963,2005,42,40-59,CVA16,128,1,Protected,0.1
P0601,1963,2010,47,40-59,EV-A71,256,1,Protected,0.1
P0601,1963,2010,47,40-59,EV-D68,128,1,Protected,0.1
P0601,1963,2010,47,40-59,CVA6,256,1,Protected,0.1
P0601,1963,2010,47,40-59,CVA16,256,1,Protected,0.1
P0601,1963,2015,52,40-59,EV-A71,512,1,Protected,0.1
P0601,1963,2015,52,40-59,EV-D68,256,1,Protected,0.1
P0601,1963,2015,52,40-59,CVA6,512,1,Protected,0.1
P0601,1963,2015,52,40-59,CVA16,128,1,Protected,0.1
P0601,1963,2020,57,40-59,EV-A71,512,1,Protected,0.1
P0601,1963,2020,57,40-59,EV-D68,512,1,Protected,0.1
P0601,1963,2020,57,40-59,CVA6,512,1,Protected,0.1
P0601,1963,2020,57,40-59,CVA16,512,1,Protected,0.1
P0601,1963,2025,62,60+,EV-A71,512,1,Protected,0.1
P0601,1963,2025,62,60+,EV-D68,256,1,Protected,0.1
P0601,1963,2025,62,60+,CVA6,512,1,Protected,0.1
P0601,1963,2025,62,60+,CVA16,128,1,Protected,0.1
P0602,1953,2005,52,40-59,EV-A71,256,1,Protected,0.1
P0602,1953,2005,52,40-59,EV-D68,256,1,Protected,0.1
P0602,1953,2005,52,40-59,CVA6,256,1,Protected,0.1
P0602,1953,2005,52,40-59,CVA16,128,1,Protected,0.1
P0602,1953,2010,57,40-59,EV-A71,512,1,Protected,0.1
P0602,1953,2010,57,40-59,EV-D68,128,1,Protected,0.1
P0602,1953,2010,57,40-59,CVA6,256,1,Protected,0.1
P0602,1953,2010,57,40-59,CVA16,128,1,Protected,0.1
P0602,1953,2015,62,60+,EV-A71,512,1,Protected,0.1
P0602,1953,2015,62,60+,EV-D68,256,1,Protected,0.1
P0602,1953,2015,62,60+,CVA6,512,1,Protected,0.1
P0602,1953,2015,62,60+,CVA16,256,1,Protected,0.1
P0602,1953,2020,67,60+,EV-A71,512,1,Protected,0.1
P0602,1953,2020,67,60+,EV-D68,128,1,Protected,0.1
P0602,1953,2020,67,60+,CVA6,512,1,Protected,0.1
P0602,1953,2020,67,60+,CVA16,128,1,Protected,0.1
P0602,1953,2025,72,60+,EV-A71,512,1,Protected,0.1
P0602,1953,2025,72,60+,EV-D68,128,1,Protected,0.1
P0602,1953,2025,72,60+,CVA6,512,1,Protected,0.1
P0602,1953,2025,72,60+,CVA16,512,1,Protected,0.1
P0603,1989,2005,16,15-19,EV-A71,128,1,Protected,0.1
P0603,1989,2005,16,15-19,EV-D68,64,1,Protected,0.1
P0603,1989,2005,16,15-19,CVA6,256,1,Protected,0.1
P0603,1989,2005,16,15-19,CVA16,128,1,Protected,0.1
P0603,1989,2010,21,20-39,EV-A71,256,1,Protected,0.1
P0603,1989,2010,21,20-39,EV-D68,128,1,Protected,0.1
P0603,1989,2010,21,20-39,CVA6,512,1,Protected,0.1
P0603,1989,2010,21,20-39,CVA16,256,1,Protected,0.1
P0603,1989,2015,26,20-39,EV-A71,512,1,Protected,0.1
P0603,1989,2015,26,20-39,EV-D68,256,1,Protected,0.1
P0603,1989,2015,26,20-39,CVA6,256,1,Protected,0.1
P0603,1989,2015,26,20-39,CVA16,256,1,Protected,0.1
P0603,1989,2020,31,20-39,EV-A71,512,1,Protected,0.1
P0603,1989,2020,31,20-39,EV-D68,256,1,Protected,0.1
P0603,1989,2020,31,20-39,CVA6,256,1,Protected,0.1
P0603,1989,2020,31,20-39,CVA16,256,1,Protected,0.1
P0603,1989,2025,36,20-39,EV-A71,512,1,Protected,0.1
P0603,1989,2025,36,20-39,EV-D68,256,1,Protected,0.1
P0603,1989,2025,36,20-39,CVA6,256,1,Protected,0.1
P0603,1989,2025,36,20-39,CVA16,128,1,Protected,0.1
P0604,1998,2005,7,5-9,EV-A71,32,1,Partially protected,0.5
P0604,1998,2005,7,5-9,EV-D68,32,1,Partially protected,0.5
P0604,1998,2005,7,5-9,CVA6,32,1,Partially protected,0.5
P0604,1998,2005,7,5-9,CVA16,32,1,Partially protected,0.5
P0604,1998,2010,12,10-14,EV-A71,256,1,Protected,0.1
P0604,1998,2010,12,10-14,EV-D68,32,1,Partially protected,0.5
P0604,1998,2010,12,10-14,CVA6,128,1,Protected,0.1
P0604,1998,2010,12,10-14,CVA16,128,1,Protected,0.1
P0604,1998,2015,17,15-19,EV-A71,256,1,Protected,0.1
P0604,1998,2015,17,15-19,EV-D68,128,1,Protected,0.1
P0604,1998,2015,17,15-19,CVA6,128,1,Protected,0.1
P0604,1998,2015,17,15-19,CVA16,64,1,Protected,0.1
P0604,1998,2020,22,20-39,EV-A71,512,1,Protected,0.1
P0604,1998,2020,22,20-39,EV-D68,512,1,Protected,0.1
P0604,1998,2020,22,20-39,CVA6,256,1,Protected,0.1
P0604,1998,2020,22,20-39,CVA16,256,1,Protected,0.1
P0604,1998,2025,27,20-39,EV-A71,512,1,Protected,0.1
P0604,1998,2025,27,20-39,EV-D68,256,1,Protected,0.1
P0604,1998,2025,27,20-39,CVA6,512,1,Protected,0.1
P0604,1998,2025,27,20-39,CVA16,256,1,Protected,0.1
P0605,2000,2005,5,5-9,EV-A71,64,1,Protected,0.1
P0605,2000,2005,5,5-9,EV-D68,32,1,Partially protected,0.5
P0605,2000,2005,5,5-9,CVA6,64,1,Protected,0.1
P0605,2000,2005,5,5-9,CVA16,32,1,Partially protected,0.5
P0605,2000,2010,10,10-14,EV-A71,128,1,Protected,0.1
P0605,2000,2010,10,10-14,EV-D68,32,1,Partially protected,0.5
P0605,2000,2010,10,10-14,CVA6,128,1,Protected,0.1
P0605,2000,2010,10,10-14,CVA16,128,1,Protected,0.1
P0605,2000,2015,15,15-19,EV-A71,256,1,Protected,0.1
P0605,2000,2015,15,15-19,EV-D68,64,1,Protected,0.1
P0605,2000,2015,15,15-19,CVA6,128,1,Protected,0.1
P0605,2000,2015,15,15-19,CVA16,64,1,Protected,0.1
P0605,2000,2020,20,20-39,EV-A71,512,1,Protected,0.1
P0605,2000,2020,20,20-39,EV-D68,512,1,Protected,0.1
P0605,2000,2020,20,20-39,CVA6,256,1,Protected,0.1
P0605,2000,2020,20,20-39,CVA16,512,1,Protected,0.1
P0605,2000,2025,25,20-39,EV-A71,256,1,Protected,0.1
P0605,2000,2025,25,20-39,EV-D68,256,1,Protected,0.1
P0605,2000,2025,25,20-39,CVA6,512,1,Protected,0.1
P0605,2000,2025,25,20-39,CVA16,128,1,Protected,0.1
P0606,1975,2005,30,20-39,EV-A71,256,1,Protected,0.1
P0606,1975,2005,30,20-39,EV-D68,64,1,Protected,0.1
P0606,1975,2005,30,20-39,CVA6,512,1,Protected,0.1
P0606,1975,2005,30,20-39,CVA16,128,1,Protected,0.1
P0606,1975,2010,35,20-39,EV-A71,256,1,Protected,0.1
P0606,1975,2010,35,20-39,EV-D68,64,1,Protected,0.1
P0606,1975,2010,35,20-39,CVA6,128,1,Protected,0.1
P0606,1975,2010,35,20-39,CVA16,128,1,Protected,0.1
P0606,1975,2015,40,40-59,EV-A71,512,1,Protected,0.1
P0606,1975,2015,40,40-59,EV-D68,256,1,Protected,0.1
P0606,1975,2015,40,40-59,CVA6,512,1,Protected,0.1
P0606,1975,2015,40,40-59,CVA16,256,1,Protected,0.1
P0606,1975,2020,45,40-59,EV-A71,512,1,Protected,0.1
P0606,1975,2020,45,40-59,EV-D68,256,1,Protected,0.1
P0606,1975,2020,45,40-59,CVA6,512,1,Protected,0.1
P0606,1975,2020,45,40-59,CVA16,256,1,Protected,0.1
P0606,1975,2025,50,40-59,EV-A71,512,1,Protected,0.1
P0606,1975,2025,50,40-59,EV-D68,128,1,Protected,0.1
P0606,1975,2025,50,40-59,CVA6,512,1,Protected,0.1
P0606,1975,2025,50,40-59,CVA16,256,1,Protected,0.1
P0607,1959,2005,46,40-59,EV-A71,128,1,Protected,0.1
P0607,1959,2005,46,40-59,EV-D68,128,1,Protected,0.1
P0607,1959,2005,46,40-59,CVA6,256,1,Protected,0.1
P0607,1959,2005,46,40-59,CVA16,128,1,Protected,0.1
P0607,1959,2010,51,40-59,EV-A71,256,1,Protected,0.1
P0607,1959,2010,51,40-59,EV-D68,256,1,Protected,0.1
P0607,1959,2010,51,40-59,CVA6,512,1,Protected,0.1
P0607,1959,2010,51,40-59,CVA16,128,1,Protected,0.1
P0607,1959,2015,56,40-59,EV-A71,512,1,Protected,0.1
P0607,1959,2015,56,40-59,EV-D68,256,1,Protected,0.1
P0607,1959,2015,56,40-59,CVA6,512,1,Protected,0.1
P0607,1959,2015,56,40-59,CVA16,256,1,Protected,0.1
P0607,1959,2020,61,60+,EV-A71,256,1,Protected,0.1
P0607,1959,2020,61,60+,EV-D68,512,1,Protected,0.1
P0607,1959,2020,61,60+,CVA6,512,1,Protected,0.1
P0607,1959,2020,61,60+,CVA16,256,1,Protected,0.1
P0607,1959,2025,66,60+,EV-A71,512,1,Protected,0.1
P0607,1959,2025,66,60+,EV-D68,256,1,Protected,0.1
P0607,1959,2025,66,60+,CVA6,512,1,Protected,0.1
P0607,1959,2025,66,60+,CVA16,128,1,Protected,0.1
P0608,1981,2005,24,20-39,EV-A71,256,1,Protected,0.1
P0608,1981,2005,24,20-39,EV-D68,128,1,Protected,0.1
P0608,1981,2005,24,20-39,CVA6,256,1,Protected,0.1
P0608,1981,2005,24,20-39,CVA16,128,1,Protected,0.1
P0608,1981,2010,29,20-39,EV-A71,128,1,Protected,0.1
P0608,1981,2010,29,20-39,EV-D68,128,1,Protected,0.1
P0608,1981,2010,29,20-39,CVA6,256,1,Protected,0.1
P0608,1981,2010,29,20-39,CVA16,64,1,Protected,0.1
P0608,1981,2015,34,20-39,EV-A71,512,1,Protected,0.1
P0608,1981,2015,34,20-39,EV-D68,256,1,Protected,0.1
P0608,1981,2015,34,20-39,CVA6,256,1,Protected,0.1
P0608,1981,2015,34,20-39,CVA16,512,1,Protected,0.1
P0608,1981,2020,39,20-39,EV-A71,512,1,Protected,0.1
P0608,1981,2020,39,20-39,EV-D68,128,1,Protected,0.1
P0608,1981,2020,39,20-39,CVA6,512,1,Protected,0.1
P0608,1981,2020,39,20-39,CVA16,256,1,Protected,0.1
P0608,1981,2025,44,40-59,EV-A71,256,1,Protected,0.1
P0608,1981,2025,44,40-59,EV-D68,256,1,Protected,0.1
P0608,1981,2025,44,40-59,CVA6,512,1,Protected,0.1
P0608,1981,2025,44,40-59,CVA16,256,1,Protected,0.1
P0609,1963,2005,42,40-59,EV-A71,256,1,Protected,0.1
P0609,1963,2005,42,40-59,EV-D68,128,1,Protected,0.1
P0609,1963,2005,42,40-59,CVA6,128,1,Protected,0.1
P0609,1963,2005,42,40-59,CVA16,128,1,Protected,0.1
P0609,1963,2010,47,40-59,EV-A71,256,1,Protected,0.1
P0609,1963,2010,47,40-59,EV-D68,256,1,Protected,0.1
P0609,1963,2010,47,40-59,CVA6,512,1,Protected,0.1
P0609,1963,2010,47,40-59,CVA16,128,1,Protected,0.1
P0609,1963,2015,52,40-59,EV-A71,512,1,Protected,0.1
P0609,1963,2015,52,40-59,EV-D68,512,1,Protected,0.1
P0609,1963,2015,52,40-59,CVA6,512,1,Protected,0.1
P0609,1963,2015,52,40-59,CVA16,512,1,Protected,0.1
P0609,1963,2020,57,40-59,EV-A71,256,1,Protected,0.1
P0609,1963,2020,57,40-59,EV-D68,256,1,Protected,0.1
P0609,1963,2020,57,40-59,CVA6,512,1,Protected,0.1
P0609,1963,2020,57,40-59,CVA16,256,1,Protected,0.1
P0609,1963,2025,62,60+,EV-A71,512,1,Protected,0.1
P0609,1963,2025,62,60+,EV-D68,256,1,Protected,0.1
P0609,1963,2025,62,60+,CVA6,512,1,Protected,0.1
P0609,1963,2025,62,60+,CVA16,256,1,Protected,0.1
P0610,1988,2005,17,15-19,EV-A71,128,1,Protected,0.1
P0610,1988,2005,17,15-19,EV-D68,64,1,Protected,0.1
P0610,1988,2005,17,15-19,CVA6,128,1,Protected,0.1
P0610,1988,2005,17,15-19,CVA16,32,1,Partially protected,0.5
P0610,1988,2010,22,20-39,EV-A71,256,1,Protected,0.1
P0610,1988,2010,22,20-39,EV-D68,128,1,Protected,0.1
P0610,1988,2010,22,20-39,CVA6,256,1,Protected,0.1
P0610,1988,2010,22,20-39,CVA16,256,1,Protected,0.1
P0610,1988,2015,27,20-39,EV-A71,512,1,Protected,0.1
P0610,1988,2015,27,20-39,EV-D68,512,1,Protected,0.1
P0610,1988,2015,27,20-39,CVA6,512,1,Protected,0.1
P0610,1988,2015,27,20-39,CVA16,512,1,Protected,0.1
P0610,1988,2020,32,20-39,EV-A71,512,1,Protected,0.1
P0610,1988,2020,32,20-39,EV-D68,256,1,Protected,0.1
P0610,1988,2020,32,20-39,CVA6,512,1,Protected,0.1
P0610,1988,2020,32,20-39,CVA16,512,1,Protected,0.1
P0610,1988,2025,37,20-39,EV-A71,512,1,Protected,0.1
P0610,1988,2025,37,20-39,EV-D68,256,1,Protected,0.1
P0610,1988,2025,37,20-39,CVA6,512,1,Protected,0.1
P0610,1988,2025,37,20-39,CVA16,512,1,Protected,0.1
P0611,1965,2005,40,40-59,EV-A71,256,1,Protected,0.1
P0611,1965,2005,40,40-59,EV-D68,64,1,Protected,0.1
P0611,1965,2005,40,40-59,CVA6,128,1,Protected,0.1
P0611,1965,2005,40,40-59,CVA16,64,1,Protected,0.1
P0611,1965,2010,45,40-59,EV-A71,256,1,Protected,0.1
P0611,1965,2010,45,40-59,EV-D68,128,1,Protected,0.1
P0611,1965,2010,45,40-59,CVA6,128,1,Protected,0.1
P0611,1965,2010,45,40-59,CVA16,64,1,Protected,0.1
P0611,1965,2015,50,40-59,EV-A71,512,1,Protected,0.1
P0611,1965,2015,50,40-59,EV-D68,256,1,Protected,0.1
P0611,1965,2015,50,40-59,CVA6,512,1,Protected,0.1
P0611,1965,2015,50,40-59,CVA16,256,1,Protected,0.1
P0611,1965,2020,55,40-59,EV-A71,512,1,Protected,0.1
P0611,1965,2020,55,40-59,EV-D68,128,1,Protected,0.1
P0611,1965,2020,55,40-59,CVA6,512,1,Protected,0.1
P0611,1965,2020,55,40-59,CVA16,256,1,Protected,0.1
P0611,1965,2025,60,60+,EV-A71,512,1,Protected,0.1
P0611,1965,2025,60,60+,EV-D68,128,1,Protected,0.1
P0611,1965,2025,60,60+,CVA6,256,1,Protected,0.1
P0611,1965,2025,60,60+,CVA16,512,1,Protected,0.1
P0612,1955,2005,50,40-59,EV-A71,256,1,Protected,0.1
P0612,1955,2005,50,40-59,EV-D68,64,1,Protected,0.1
P0612,1955,2005,50,40-59,CVA6,128,1,Protected,0.1
P0612,1955,2005,50,40-59,CVA16,64,1,Protected,0.1
P0612,1955,2010,55,40-59,EV-A71,256,1,Protected,0.1
P0612,1955,2010,55,40-59,EV-D68,128,1,Protected,0.1
P0612,1955,2010,55,40-59,CVA6,512,1,Protected,0.1
P0612,1955,2010,55,40-59,CVA16,64,1,Protected,0.1
P0612,1955,2015,60,60+,EV-A71,512,1,Protected,0.1
P0612,1955,2015,60,60+,EV-D68,256,1,Protected,0.1
P0612,1955,2015,60,60+,CVA6,256,1,Protected,0.1
P0612,1955,2015,60,60+,CVA16,256,1,Protected,0.1
P0612,1955,2020,65,60+,EV-A71,512,1,Protected,0.1
P0612,1955,2020,65,60+,EV-D68,256,1,Protected,0.1
P0612,1955,2020,65,60+,CVA6,512,1,Protected,0.1
P0612,1955,2020,65,60+,CVA16,512,1,Protected,0.1
P0612,1955,2025,70,60+,EV-A71,512,1,Protected,0.1
P0612,1955,2025,70,60+,EV-D68,256,1,Protected,0.1
P0612,1955,2025,70,60+,CVA6,512,1,Protected,0.1
P0612,1955,2025,70,60+,CVA16,256,1,Protected,0.1
P0613,1994,2005,11,10-14,EV-A71,128,1,Protected,0.1
P0613,1994,2005,11,10-14,EV-D68,64,1,Protected,0.1
P0613,1994,2005,11,10-14,CVA6,128,1,Protected,0.1
P0613,1994,2005,11,10-14,CVA16,64,1,Protected,0.1
P0613,1994,2010,16,15-19,EV-A71,128,1,Protected,0.1
P0613,1994,2010,16,15-19,EV-D68,64,1,Protected,0.1
P0613,1994,2010,16,15-19,CVA6,256,1,Protected,0.1
P0613,1994,2010,16,15-19,CVA16,64,1,Protected,0.1
P0613,1994,2015,21,20-39,EV-A71,256,1,Protected,0.1
P0613,1994,2015,21,20-39,EV-D68,512,1,Protected,0.1
P0613,1994,2015,21,20-39,CVA6,256,1,Protected,0.1
P0613,1994,2015,21,20-39,CVA16,128,1,Protected,0.1
P0613,1994,2020,26,20-39,EV-A71,512,1,Protected,0.1
P0613,1994,2020,26,20-39,EV-D68,128,1,Protected,0.1
P0613,1994,2020,26,20-39,CVA6,512,1,Protected,0.1
P0613,1994,2020,26,20-39,CVA16,128,1,Protected,0.1
P0613,1994,2025,31,20-39,EV-A71,512,1,Protected,0.1
P0613,1994,2025,31,20-39,EV-D68,256,1,Protected,0.1
P0613,1994,2025,31,20-39,CVA6,512,1,Protected,0.1
P0613,1994,2025,31,20-39,CVA16,512,1,Protected,0.1
P0614,2018,2020,2,0-4,EV-A71,64,1,Protected,0.1
P0614,2018,2020,2,0-4,EV-D68,64,1,Protected,0.1
P0614,2018,2020,2,0-4,CVA6,128,1,Protected,0.1
P0614,2018,2020,2,0-4,CVA16,128,1,Protected,0.1
P0614,2018,2025,7,5-9,EV-A71,128,1,Protected,0.1
P0614,2018,2025,7,5-9,EV-D68,64,1,Protected,0.1
P0614,2018,2025,7,5-9,CVA6,128,1,Protected,0.1
P0614,2018,2025,7,5-9,CVA16,128,1,Protected,0.1
P0615,2004,2005,1,0-4,EV-A71,64,1,Protected,0.1
P0615,2004,2005,1,0-4,EV-D68,64,1,Protected,0.1
P0615,2004,2005,1,0-4,CVA6,64,1,Protected,0.1
P0615,2004,2005,1,0-4,CVA16,32,1,Partially protected,0.5
P0615,2004,2010,6,5-9,EV-A71,128,1,Protected,0.1
P0615,2004,2010,6,5-9,EV-D68,64,1,Protected,0.1
P0615,2004,2010,6,5-9,CVA6,64,1,Protected,0.1
P0615,2004,2010,6,5-9,CVA16,16,0,Susceptible,1.0
P0615,2004,2015,11,10-14,EV-A71,256,1,Protected,0.1
P0615,2004,2015,11,10-14,EV-D68,128,1,Protected,0.1
P0615,2004,2015,11,10-14,CVA6,256,1,Protected,0.1
P0615,2004,2015,11,10-14,CVA16,64,1,Protected,0.1
P0615,2004,2020,16,15-19,EV-A71,512,1,Protected,0.1
P0615,2004,2020,16,15-19,EV-D68,64,1,Protected,0.1
P0615,2004,2020,16,15-19,CVA6,256,1,Protected,0.1
P0615,2004,2020,16,15-19,CVA16,256,1,Protected,0.1
P0615,2004,2025,21,20-39,EV-A71,512,1,Protected,0.1
P0615,2004,2025,21,20-39,EV-D68,128,1,Protected,0.1
P0615,2004,2025,21,20-39,CVA6,256,1,Protected,0.1
P0615,2004,2025,21,20-39,CVA16,256,1,Protected,0.1
P0616,1997,2005,8,5-9,EV-A71,64,1,Protected,0.1
P0616,1997,2005,8,5-9,EV-D68,16,0,Susceptible,1.0
P0616,1997,2005,8,5-9,CVA6,128,1,Protected,0.1
P0616,1997,2005,8,5-9,CVA16,64,1,Protected,0.1
P0616,1997,2010,13,10-14,EV-A71,128,1,Protected,0.1
P0616,1997,2010,13,10-14,EV-D68,32,1,Partially protected,0.5
P0616,1997,2010,13,10-14,CVA6,128,1,Protected,0.1
P0616,1997,2010,13,10-14,CVA16,64,1,Protected,0.1
P0616,1997,2015,18,15-19,EV-A71,256,1,Protected,0.1
P0616,1997,2015,18,15-19,EV-D68,128,1,Protected,0.1
P0616,1997,2015,18,15-19,CVA6,256,1,Protected,0.1
P0616,1997,2015,18,15-19,CVA16,64,1,Protected,0.1
P0616,1997,2020,23,20-39,EV-A71,512,1,Protected,0.1
P0616,1997,2020,23,20-39,EV-D68,256,1,Protected,0.1
P0616,1997,2020,23,20-39,CVA6,256,1,Protected,0.1
P0616,1997,2020,23,20-39,CVA16,512,1,Protected,0.1
P0616,1997,2025,28,20-39,EV-A71,512,1,Protected,0.1
P0616,1997,2025,28,20-39,EV-D68,256,1,Protected,0.1
P0616,1997,2025,28,20-39,CVA6,512,1,Protected,0.1
P0616,1997,2025,28,20-39,CVA16,512,1,Protected,0.1
P0617,1958,2005,47,40-59,EV-A71,512,1,Protected,0.1
P0617,1958,2005,47,40-59,EV-D68,128,1,Protected,0.1
P0617,1958,2005,47,40-59,CVA6,256,1,Protected,0.1
P0617,1958,2005,47,40-59,CVA16,256,1,Protected,0.1
P0617,1958,2010,52,40-59,EV-A71,128,1,Protected,0.1
P0617,1958,2010,52,40-59,EV-D68,256,1,Protected,0.1
P0617,1958,2010,52,40-59,CVA6,128,1,Protected,0.1
P0617,1958,2010,52,40-59,CVA16,256,1,Protected,0.1
P0617,1958,2015,57,40-59,EV-A71,512,1,Protected,0.1
P0617,1958,2015,57,40-59,EV-D68,256,1,Protected,0.1
P0617,1958,2015,57,40-59,CVA6,256,1,Protected,0.1
P0617,1958,2015,57,40-59,CVA16,128,1,Protected,0.1
P0617,1958,2020,62,60+,EV-A71,512,1,Protected,0.1
P0617,1958,2020,62,60+,EV-D68,256,1,Protected,0.1
P0617,1958,2020,62,60+,CVA6,512,1,Protected,0.1
P0617,1958,2020,62,60+,CVA16,256,1,Protected,0.1
P0617,1958,2025,67,60+,EV-A71,512,1,Protected,0.1
P0617,1958,2025,67,60+,EV-D68,128,1,Protected,0.1
P0617,1958,2025,67,60+,CVA6,512,1,Protected,0.1
P0617,1958,2025,67,60+,CVA16,256,1,Protected,0.1
P0618,2014,2015,1,0-4,EV-A71,256,1,Protected,0.1
P0618,2014,2015,1,0-4,EV-D68,64,1,Protected,0.1
P0618,2014,2015,1,0-4,CVA6,64,1,Protected,0.1
P0618,2014,2015,1,0-4,CVA16,64,1,Protected,0.1
P0618,2014,2020,6,5-9,EV-A71,128,1,Protected,0.1
P0618,2014,2020,6,5-9,EV-D68,32,1,Partially protected,0.5
P0618,2014,2020,6,5-9,CVA6,256,1,Protected,0.1
P0618,2014,2020,6,5-9,CVA16,128,1,Protected,0.1
P0618,2014,2025,11,10-14,EV-A71,128,1,Protected,0.1
P0618,2014,2025,11,10-14,EV-D68,128,1,Protected,0.1
P0618,2014,2025,11,10-14,CVA6,128,1,Protected,0.1
P0618,2014,2025,11,10-14,CVA16,128,1,Protected,0.1
P0619,1993,2005,12,10-14,EV-A71,256,1,Protected,0.1
P0619,1993,2005,12,10-14,EV-D68,128,1,Protected,0.1
P0619,1993,2005,12,10-14,CVA6,64,1,Protected,0.1
P0619,1993,2005,12,10-14,CVA16,128,1,Protected,0.1
P0619,1993,2010,17,15-19,EV-A71,128,1,Protected,0.1
P0619,1993,2010,17,15-19,EV-D68,64,1,Protected,0.1
P0619,1993,2010,17,15-19,CVA6,128,1,Protected,0.1
P0619,1993,2010,17,15-19,CVA16,32,1,Partially protected,0.5
P0619,1993,2015,22,20-39,EV-A71,256,1,Protected,0.1
P0619,1993,2015,22,20-39,EV-D68,128,1,Protected,0.1
P0619,1993,2015,22,20-39,CVA6,512,1,Protected,0.1
P0619,1993,2015,22,20-39,CVA16,512,1,Protected,0.1
P0619,1993,2020,27,20-39,EV-A71,512,1,Protected,0.1
P0619,1993,2020,27,20-39,EV-D68,256,1,Protected,0.1
P0619,1993,2020,27,20-39,CVA6,512,1,Protected,0.1
P0619,1993,2020,27,20-39,CVA16,256,1,Protected,0.1
P0619,1993,2025,32,20-39,EV-A71,512,1,Protected,0.1
P0619,1993,2025,32,20-39,EV-D68,256,1,Protected,0.1
P0619,1993,2025,32,20-39,CVA6,256,1,Protected,0.1
P0619,1993,2025,32,20-39,CVA16,128,1,Protected,0.1
P0620,1951,2005,54,40-59,EV-A71,128,1,Protected,0.1
P0620,1951,2005,54,40-59,EV-D68,128,1,Protected,0.1
P0620,1951,2005,54,40-59,CVA6,512,1,Protected,0.1
P0620,1951,2005,54,40-59,CVA16,256,1,Protected,0.1
P0620,1951,2010,59,40-59,EV-A71,256,1,Protected,0.1
P0620,1951,2010,59,40-59,EV-D68,64,1,Protected,0.1
P0620,1951,2010,59,40-59,CVA6,512,1,Protected,0.1
P0620,1951,2010,59,40-59,CVA16,128,1,Protected,0.1
P0620,1951,2015,64,60+,EV-A71,256,1,Protected,0.1
P0620,1951,2015,64,60+,EV-D68,256,1,Protected,0.1
P0620,1951,2015,64,60+,CVA6,512,1,Protected,0.1
P0620,1951,2015,64,60+,CVA16,256,1,Protected,0.1
P0620,1951,2020,69,60+,EV-A71,512,1,Protected,0.1
P0620,1951,2020,69,60+,EV-D68,256,1,Protected,0.1
P0620,1951,2020,69,60+,CVA6,512,1,Protected,0.1
P0620,1951,2020,69,60+,CVA16,256,1,Protected,0.1
P0620,1951,2025,74,60+,EV-A71,256,1,Protected,0.1
P0620,1951,2025,74,60+,EV-D68,256,1,Protected,0.1
P0620,1951,2025,74,60+,CVA6,256,1,Protected,0.1
P0620,1951,2025,74,60+,CVA16,512,1,Protected,0.1
P0621,2003,2005,2,0-4,EV-A71,64,1,Protected,0.1
P0621,2003,2005,2,0-4,EV-D68,32,1,Partially protected,0.5
P0621,2003,2005,2,0-4,CVA6,64,1,Protected,0.1
P0621,2003,2005,2,0-4,CVA16,32,1,Partially protected,0.5
P0621,2003,2010,7,5-9,EV-A71,64,1,Protected,0.1
P0621,2003,2010,7,5-9,EV-D68,16,0,Susceptible,1.0
P0621,2003,2010,7,5-9,CVA6,64,1,Protected,0.1
P0621,2003,2010,7,5-9,CVA16,32,1,Partially protected,0.5
P0621,2003,2015,12,10-14,EV-A71,128,1,Protected,0.1
P0621,2003,2015,12,10-14,EV-D68,256,1,Protected,0.1
P0621,2003,2015,12,10-14,CVA6,128,1,Protected,0.1
P0621,2003,2015,12,10-14,CVA16,128,1,Protected,0.1
P0621,2003,2020,17,15-19,EV-A71,256,1,Protected,0.1
P0621,2003,2020,17,15-19,EV-D68,256,1,Protected,0.1
P0621,2003,2020,17,15-19,CVA6,512,1,Protected,0.1
P0621,2003,2020,17,15-19,CVA16,64,1,Protected,0.1
P0621,2003,2025,22,20-39,EV-A71,256,1,Protected,0.1
P0621,2003,2025,22,20-39,EV-D68,256,1,Protected,0.1
P0621,2003,2025,22,20-39,CVA6,256,1,Protected,0.1
P0621,2003,2025,22,20-39,CVA16,128,1,Protected,0.1
P0622,2012,2015,3,0-4,EV-A71,64,1,Protected,0.1
P0622,2012,2015,3,0-4,EV-D68,64,1,Protected,0.1
P0622,2012,2015,3,0-4,CVA6,128,1,Protected,0.1
P0622,2012,2015,3,0-4,CVA16,64,1,Protected,0.1
P0622,2012,2020,8,5-9,EV-A71,128,1,Protected,0.1
P0622,2012,2020,8,5-9,EV-D68,32,1,Partially protected,0.5
P0622,2012,2020,8,5-9,CVA6,128,1,Protected,0.1
P0622,2012,2020,8,5-9,CVA16,64,1,Protected,0.1
P0622,2012,2025,13,10-14,EV-A71,512,1,Protected,0.1
P0622,2012,2025,13,10-14,EV-D68,128,1,Protected,0.1
P0622,2012,2025,13,10-14,CVA6,256,1,Protected,0.1
P0622,2012,2025,13,10-14,CVA16,128,1,Protected,0.1
P0623,1963,2005,42,40-59,EV-A71,512,1,Protected,0.1
P0623,1963,2005,42,40-59,EV-D68,128,1,Protected,0.1
P0623,1963,2005,42,40-59,CVA6,256,1,Protected,0.1
P0623,1963,2005,42,40-59,CVA16,64,1,Protected,0.1
P0623,1963,2010,47,40-59,EV-A71,128,1,Protected,0.1
P0623,1963,2010,47,40-59,EV-D68,64,1,Protected,0.1
P0623,1963,2010,47,40-59,CVA6,256,1,Protected,0.1
P0623,1963,2010,47,40-59,CVA16,256,1,Protected,0.1
P0623,1963,2015,52,40-59,EV-A71,512,1,Protected,0.1
P0623,1963,2015,52,40-59,EV-D68,256,1,Protected,0.1
P0623,1963,2015,52,40-59,CVA6,512,1,Protected,0.1
P0623,1963,2015,52,40-59,CVA16,256,1,Protected,0.1
P0623,1963,2020,57,40-59,EV-A71,512,1,Protected,0.1
P0623,1963,2020,57,40-59,EV-D68,256,1,Protected,0.1
P0623,1963,2020,57,40-59,CVA6,512,1,Protected,0.1
P0623,1963,2020,57,40-59,CVA16,512,1,Protected,0.1
P0623,1963,2025,62,60+,EV-A71,512,1,Protected,0.1
P0623,1963,2025,62,60+,EV-D68,256,1,Protected,0.1
P0623,1963,2025,62,60+,CVA6,512,1,Protected,0.1
P0623,1963,2025,62,60+,CVA16,256,1,Protected,0.1
P0624,2005,2005,0,0-4,EV-A71,64,1,Protected,0.1
P0624,2005,2005,0,0-4,EV-D68,64,1,Protected,0.1
P0624,2005,2005,0,0-4,CVA6,128,1,Protected,0.1
P0624,2005,2005,0,0-4,CVA16,16,0,Susceptible,1.0
P0624,2005,2010,5,5-9,EV-A71,32,1,Partially protected,0.5
P0624,2005,2010,5,5-9,EV-D68,32,1,Partially protected,0.5
P0624,2005,2010,5,5-9,CVA6,64,1,Protected,0.1
P0624,2005,2010,5,5-9,CVA16,64,1,Protected,0.1
P0624,2005,2015,10,10-14,EV-A71,256,1,Protected,0.1
P0624,2005,2015,10,10-14,EV-D68,128,1,Protected,0.1
P0624,2005,2015,10,10-14,CVA6,128,1,Protected,0.1
P0624,2005,2015,10,10-14,CVA16,128,1,Protected,0.1
P0624,2005,2020,15,15-19,EV-A71,256,1,Protected,0.1
P0624,2005,2020,15,15-19,EV-D68,256,1,Protected,0.1
P0624,2005,2020,15,15-19,CVA6,256,1,Protected,0.1
P0624,2005,2020,15,15-19,CVA16,128,1,Protected,0.1
P0624,2005,2025,20,20-39,EV-A71,512,1,Protected,0.1
P0624,2005,2025,20,20-39,EV-D68,256,1,Protected,0.1
P0624,2005,2025,20,20-39,CVA6,256,1,Protected,0.1
P0624,2005,2025,20,20-39,CVA16,256,1,Protected,0.1
P0625,1996,2005,9,5-9,EV-A71,64,1,Protected,0.1
P0625,1996,2005,9,5-9,EV-D68,16,0,Susceptible,1.0
P0625,1996,2005,9,5-9,CVA6,64,1,Protected,0.1
P0625,1996,2005,9,5-9,CVA16,32,1,Partially protected,0.5
P0625,1996,2010,14,10-14,EV-A71,128,1,Protected,0.1
P0625,1996,2010,14,10-14,EV-D68,32,1,Partially protected,0.5
P0625,1996,2010,14,10-14,CVA6,64,1,Protected,0.1
P0625,1996,2010,14,10-14,CVA16,64,1,Protected,0.1
P0625,1996,2015,19,15-19,EV-A71,128,1,Protected,0.1
P0625,1996,2015,19,15-19,EV-D68,128,1,Protected,0.1
P0625,1996,2015,19,15-19,CVA6,256,1,Protected,0.1
P0625,1996,2015,19,15-19,CVA16,256,1,Protected,0.1
P0625,1996,2020,24,20-39,EV-A71,512,1,Protected,0.1
P0625,1996,2020,24,20-39,EV-D68,256,1,Protected,0.1
P0625,1996,2020,24,20-39,CVA6,256,1,Protected,0.1
P0625,1996,2020,24,20-39,CVA16,128,1,Protected,0.1
P0625,1996,2025,29,20-39,EV-A71,512,1,Protected,0.1
P0625,1996,2025,29,20-39,EV-D68,512,1,Protected,0.1
P0625,1996,2025,29,20-39,CVA6,512,1,Protected,0.1
P0625,1996,2025,29,20-39,CVA16,256,1,Protected,0.1
P0626,2008,2010,2,0-4,EV-A71,32,1,Partially protected,0.5
P0626,2008,2010,2,0-4,EV-D68,32,1,Partially protected,0.5
P0626,2008,2010,2,0-4,CVA6,64,1,Protected,0.1
P0626,2008,2010,2,0-4,CVA16,32,1,Partially protected,0.5
P0626,2008,2015,7,5-9,EV-A71,64,1,Protected,0.1
P0626,2008,2015,7,5-9,EV-D68,64,1,Protected,0.1
P0626,2008,2015,7,5-9,CVA6,128,1,Protected,0.1
P0626,2008,2015,7,5-9,CVA16,64,1,Protected,0.1
P0626,2008,2020,12,10-14,EV-A71,256,1,Protected,0.1
P0626,2008,2020,12,10-14,EV-D68,128,1,Protected,0.1
P0626,2008,2020,12,10-14,CVA6,512,1,Protected,0.1
P0626,2008,2020,12,10-14,CVA16,64,1,Protected,0.1
P0626,2008,2025,17,15-19,EV-A71,256,1,Protected,0.1
P0626,2008,2025,17,15-19,EV-D68,64,1,Protected,0.1
P0626,2008,2025,17,15-19,CVA6,512,1,Protected,0.1
P0626,2008,2025,17,15-19,CVA16,128,1,Protected,0.1
P0627,1969,2005,36,20-39,EV-A71,128,1,Protected,0.1
P0627,1969,2005,36,20-39,EV-D68,256,1,Protected,0.1
P0627,1969,2005,36,20-39,CVA6,256,1,Protected,0.1
P0627,1969,2005,36,20-39,CVA16,128,1,Protected,0.1
P0627,1969,2010,41,40-59,EV-A71,512,1,Protected,0.1
P0627,1969,2010,41,40-59,EV-D68,128,1,Protected,0.1
P0627,1969,2010,41,40-59,CVA6,128,1,Protected,0.1
P0627,1969,2010,41,40-59,CVA16,128,1,Protected,0.1
P0627,1969,2015,46,40-59,EV-A71,512,1,Protected,0.1
P0627,1969,2015,46,40-59,EV-D68,256,1,Protected,0.1
P0627,1969,2015,46,40-59,CVA6,512,1,Protected,0.1
P0627,1969,2015,46,40-59,CVA16,128,1,Protected,0.1
P0627,1969,2020,51,40-59,EV-A71,256,1,Protected,0.1
P0627,1969,2020,51,40-59,EV-D68,512,1,Protected,0.1
P0627,1969,2020,51,40-59,CVA6,512,1,Protected,0.1
P0627,1969,2020,51,40-59,CVA16,256,1,Protected,0.1
P0627,1969,2025,56,40-59,EV-A71,512,1,Protected,0.1
P0627,1969,2025,56,40-59,EV-D68,256,1,Protected,0.1
P0627,1969,2025,56,40-59,CVA6,512,1,Protected,0.1
P0627,1969,2025,56,40-59,CVA16,512,1,Protected,0.1
P0628,2005,2005,0,0-4,EV-A71,128,1,Protected,0.1
P0628,2005,2005,0,0-4,EV-D68,64,1,Protected,0.1
P0628,2005,2005,0,0-4,CVA6,64,1,Protected,0.1
P0628,2005,2005,0,0-4,CVA16,32,1,Partially protected,0.5
P0628,2005,2010,5,5-9,EV-A71,64,1,Protected,0.1
P0628,2005,2010,5,5-9,EV-D68,32,1,Partially protected,0.5
P0628,2005,2010,5,5-9,CVA6,64,1,Protected,0.1
P0628,2005,2010,5,5-9,CVA16,32,1,Partially protected,0.5
P0628,2005,2015,10,10-14,EV-A71,128,1,Protected,0.1
P0628,2005,2015,10,10-14,EV-D68,128,1,Protected,0.1
P0628,2005,2015,10,10-14,CVA6,256,1,Protected,0.1
P0628,2005,2015,10,10-14,CVA16,64,1,Protected,0.1
P0628,2005,2020,15,15-19,EV-A71,256,1,Protected,0.1
P0628,2005,2020,15,15-19,EV-D68,256,1,Protected,0.1
P0628,2005,2020,15,15-19,CVA6,256,1,Protected,0.1
P0628,2005,2020,15,15-19,CVA16,128,1,Protected,0.1
P0628,2005,2025,20,20-39,EV-A71,512,1,Protected,0.1
P0628,2005,2025,20,20-39,EV-D68,256,1,Protected,0.1
P0628,2005,2025,20,20-39,CVA6,256,1,Protected,0.1
P0628,2005,2025,20,20-39,CVA16,512,1,Protected,0.1
P0629,1972,2005,33,20-39,EV-A71,256,1,Protected,0.1
P0629,1972,2005,33,20-39,EV-D68,128,1,Protected,0.1
P0629,1972,2005,33,20-39,CVA6,256,1,Protected,0.1
P0629,1972,2005,33,20-39,CVA16,128,1,Protected,0.1
P0629,1972,2010,38,20-39,EV-A71,512,1,Protected,0.1
P0629,1972,2010,38,20-39,EV-D68,64,1,Protected,0.1
P0629,1972,2010,38,20-39,CVA6,128,1,Protected,0.1
P0629,1972,2010,38,20-39,CVA16,128,1,Protected,0.1
P0629,1972,2015,43,40-59,EV-A71,512,1,Protected,0.1
P0629,1972,2015,43,40-59,EV-D68,256,1,Protected,0.1
P0629,1972,2015,43,40-59,CVA6,512,1,Protected,0.1
P0629,1972,2015,43,40-59,CVA16,256,1,Protected,0.1
P0629,1972,2020,48,40-59,EV-A71,512,1,Protected,0.1
P0629,1972,2020,48,40-59,EV-D68,256,1,Protected,0.1
P0629,1972,2020,48,40-59,CVA6,256,1,Protected,0.1
P0629,1972,2020,48,40-59,CVA16,256,1,Protected,0.1
P0629,1972,2025,53,40-59,EV-A71,256,1,Protected,0.1
P0629,1972,2025,53,40-59,EV-D68,256,1,Protected,0.1
P0629,1972,2025,53,40-59,CVA6,256,1,Protected,0.1
P0629,1972,2025,53,40-59,CVA16,256,1,Protected,0.1
P0630,2016,2020,4,0-4,EV-A71,128,1,Protected,0.1
P0630,2016,2020,4,0-4,EV-D68,128,1,Protected,0.1
P0630,2016,2020,4,0-4,CVA6,128,1,Protected,0.1
P0630,2016,2020,4,0-4,CVA16,64,1,Protected,0.1
P0630,2016,2025,9,5-9,EV-A71,64,1,Protected,0.1
P0630,2016,2025,9,5-9,EV-D68,128,1,Protected,0.1
P0630,2016,2025,9,5-9,CVA6,64,1,Protected,0.1
P0630,2016,2025,9,5-9,CVA16,64,1,Protected,0.1
P0631,1984,2005,21,20-39,EV-A71,512,1,Protected,0.1
P0631,1984,2005,21,20-39,EV-D68,256,1,Protected,0.1
P0631,1984,2005,21,20-39,CVA6,256,1,Protected,0.1
P0631,1984,2005,21,20-39,CVA16,64,1,Protected,0.1
P0631,1984,2010,26,20-39,EV-A71,256,1,Protected,0.1
P0631,1984,2010,26,20-39,EV-D68,128,1,Protected,0.1
P0631,1984,2010,26,20-39,CVA6,256,1,Protected,0.1
P0631,1984,2010,26,20-39,CVA16,128,1,Protected,0.1
P0631,1984,2015,31,20-39,EV-A71,512,1,Protected,0.1
P0631,1984,2015,31,20-39,EV-D68,256,1,Protected,0.1
P0631,1984,2015,31,20-39,CVA6,512,1,Protected,0.1
P0631,1984,2015,31,20-39,CVA16,256,1,Protected,0.1
P0631,1984,2020,36,20-39,EV-A71,512,1,Protected,0.1
P0631,1984,2020,36,20-39,EV-D68,256,1,Protected,0.1
P0631,1984,2020,36,20-39,CVA6,512,1,Protected,0.1
P0631,1984,2020,36,20-39,CVA16,128,1,Protected,0.1
P0631,1984,2025,41,40-59,EV-A71,512,1,Protected,0.1
P0631,1984,2025,41,40-59,EV-D68,128,1,Protected,0.1
P0631,1984,2025,41,40-59,CVA6,256,1,Protected,0.1
P0631,1984,2025,41,40-59,CVA16,256,1,Protected,0.1
P0632,2018,2020,2,0-4,EV-A71,256,1,Protected,0.1
P0632,2018,2020,2,0-4,EV-D68,64,1,Protected,0.1
P0632,2018,2020,2,0-4,CVA6,256,1,Protected,0.1
P0632,2018,2020,2,0-4,CVA16,64,1,Protected,0.1
P0632,2018,2025,7,5-9,EV-A71,64,1,Protected,0.1
P0632,2018,2025,7,5-9,EV-D68,128,1,Protected,0.1
P0632,2018,2025,7,5-9,CVA6,128,1,Protected,0.1
P0632,2018,2025,7,5-9,CVA16,32,1,Partially protected,0.5
P0633,2011,2015,4,0-4,EV-A71,128,1,Protected,0.1
P0633,2011,2015,4,0-4,EV-D68,64,1,Protected,0.1
P0633,2011,2015,4,0-4,CVA6,64,1,Protected,0.1
P0633,2011,2015,4,0-4,CVA16,64,1,Protected,0.1
P0633,2011,2020,9,5-9,EV-A71,256,1,Protected,0.1
P0633,2011,2020,9,5-9,EV-D68,32,1,Partially protected,0.5
P0633,2011,2020,9,5-9,CVA6,256,1,Protected,0.1
P0633,2011,2020,9,5-9,CVA16,64,1,Protected,0.1
P0633,2011,2025,14,10-14,EV-A71,256,1,Protected,0.1
P0633,2011,2025,14,10-14,EV-D68,64,1,Protected,0.1
P0633,2011,2025,14,10-14,CVA6,128,1,Protected,0.1
P0633,2011,2025,14,10-14,CVA16,256,1,Protected,0.1
P0634,2009,2010,1,0-4,EV-A71,64,1,Protected,0.1
P0634,2009,2010,1,0-4,EV-D68,16,0,Susceptible,1.0
P0634,2009,2010,1,0-4,CVA6,128,1,Protected,0.1
P0634,2009,2010,1,0-4,CVA16,16,0,Susceptible,1.0
P0634,2009,2015,6,5-9,EV-A71,128,1,Protected,0.1
P0634,2009,2015,6,5-9,EV-D68,64,1,Protected,0.1
P0634,2009,2015,6,5-9,CVA6,128,1,Protected,0.1
P0634,2009,2015,6,5-9,CVA16,128,1,Protected,0.1
P0634,2009,2020,11,10-14,EV-A71,256,1,Protected,0.1
P0634,2009,2020,11,10-14,EV-D68,128,1,Protected,0.1
P0634,2009,2020,11,10-14,CVA6,128,1,Protected,0.1
P0634,2009,2020,11,10-14,CVA16,128,1,Protected,0.1
P0634,2009,2025,16,15-19,EV-A71,256,1,Protected,0.1
P0634,2009,2025,16,15-19,EV-D68,128,1,Protected,0.1
P0634,2009,2025,16,15-19,CVA6,128,1,Protected,0.1
P0634,2009,2025,16,15-19,CVA16,128,1,Protected,0.1
P0635,2005,2005,0,0-4,EV-A71,128,1,Protected,0.1
P0635,2005,2005,0,0-4,EV-D68,32,1,Partially protected,0.5
P0635,2005,2005,0,0-4,CVA6,64,1,Protected,0.1
P0635,2005,2005,0,0-4,CVA16,32,1,Partially protected,0.5
P0635,2005,2010,5,5-9,EV-A71,64,1,Protected,0.1
P0635,2005,2010,5,5-9,EV-D68,32,1,Partially protected,0.5
P0635,2005,2010,5,5-9,CVA6,64,1,Protected,0.1
P0635,2005,2010,5,5-9,CVA16,64,1,Protected,0.1
P0635,2005,2015,10,10-14,EV-A71,128,1,Protected,0.1
P0635,2005,2015,10,10-14,EV-D68,128,1,Protected,0.1
P0635,2005,2015,10,10-14,CVA6,256,1,Protected,0.1
P0635,2005,2015,10,10-14,CVA16,64,1,Protected,0.1
P0635,2005,2020,15,15-19,EV-A71,256,1,Protected,0.1
P0635,2005,2020,15,15-19,EV-D68,128,1,Protected,0.1
P0635,2005,2020,15,15-19,CVA6,512,1,Protected,0.1
P0635,2005,2020,15,15-19,CVA16,64,1,Protected,0.1
P0635,2005,2025,20,20-39,EV-A71,256,1,Protected,0.1
P0635,2005,2025,20,20-39,EV-D68,512,1,Protected,0.1
P0635,2005,2025,20,20-39,CVA6,512,1,Protected,0.1
P0635,2005,2025,20,20-39,CVA16,256,1,Protected,0.1
P0636,1984,2005,21,20-39,EV-A71,512,1,Protected,0.1
P0636,1984,2005,21,20-39,EV-D68,256,1,Protected,0.1
P0636,1984,2005,21,20-39,CVA6,512,1,Protected,0.1
P0636,1984,2005,21,20-39,CVA16,128,1,Protected,0.1
P0636,1984,2010,26,20-39,EV-A71,256,1,Protected,0.1
P0636,1984,2010,26,20-39,EV-D68,128,1,Protected,0.1
P0636,1984,2010,26,20-39,CVA6,512,1,Protected,0.1
P0636,1984,2010,26,20-39,CVA16,64,1,Protected,0.1
P0636,1984,2015,31,20-39,EV-A71,512,1,Protected,0.1
P0636,1984,2015,31,20-39,EV-D68,256,1,Protected,0.1
P0636,1984,2015,31,20-39,CVA6,256,1,Protected,0.1
P0636,1984,2015,31,20-39,CVA16,128,1,Protected,0.1
P0636,1984,2020,36,20-39,EV-A71,512,1,Protected,0.1
P0636,1984,2020,36,20-39,EV-D68,512,1,Protected,0.1
P0636,1984,2020,36,20-39,CVA6,512,1,Protected,0.1
P0636,1984,2020,36,20-39,CVA16,512,1,Protected,0.1
P0636,1984,2025,41,40-59,EV-A71,512,1,Protected,0.1
P0636,1984,2025,41,40-59,EV-D68,256,1,Protected,0.1
P0636,1984,2025,41,40-59,CVA6,512,1,Protected,0.1
P0636,1984,2025,41,40-59,CVA16,128,1,Protected,0.1
P0637,1991,2005,14,10-14,EV-A71,256,1,Protected,0.1
P0637,1991,2005,14,10-14,EV-D68,32,1,Partially protected,0.5
P0637,1991,2005,14,10-14,CVA6,256,1,Protected,0.1
P0637,1991,2005,14,10-14,CVA16,64,1,Protected,0.1
P0637,1991,2010,19,15-19,EV-A71,256,1,Protected,0.1
P0637,1991,2010,19,15-19,EV-D68,128,1,Protected,0.1
P0637,1991,2010,19,15-19,CVA6,128,1,Protected,0.1
P0637,1991,2010,19,15-19,CVA16,64,1,Protected,0.1
P0637,1991,2015,24,20-39,EV-A71,512,1,Protected,0.1
P0637,1991,2015,24,20-39,EV-D68,256,1,Protected,0.1
P0637,1991,2015,24,20-39,CVA6,512,1,Protected,0.1
P0637,1991,2015,24,20-39,CVA16,256,1,Protected,0.1
P0637,1991,2020,29,20-39,EV-A71,512,1,Protected,0.1
P0637,1991,2020,29,20-39,EV-D68,256,1,Protected,0.1
P0637,1991,2020,29,20-39,CVA6,512,1,Protected,0.1
P0637,1991,2020,29,20-39,CVA16,256,1,Protected,0.1
P0637,1991,2025,34,20-39,EV-A71,512,1,Protected,0.1
P0637,1991,2025,34,20-39,EV-D68,256,1,Protected,0.1
P0637,1991,2025,34,20-39,CVA6,512,1,Protected,0.1
P0637,1991,2025,34,20-39,CVA16,128,1,Protected,0.1
P0638,1981,2005,24,20-39,EV-A71,256,1,Protected,0.1
P0638,1981,2005,24,20-39,EV-D68,128,1,Protected,0.1
P0638,1981,2005,24,20-39,CVA6,256,1,Protected,0.1
P0638,1981,2005,24,20-39,CVA16,128,1,Protected,0.1
P0638,1981,2010,29,20-39,EV-A71,128,1,Protected,0.1
P0638,1981,2010,29,20-39,EV-D68,128,1,Protected,0.1
P0638,1981,2010,29,20-39,CVA6,512,1,Protected,0.1
P0638,1981,2010,29,20-39,CVA16,256,1,Protected,0.1
P0638,1981,2015,34,20-39,EV-A71,256,1,Protected,0.1
P0638,1981,2015,34,20-39,EV-D68,256,1,Protected,0.1
P0638,1981,2015,34,20-39,CVA6,512,1,Protected,0.1
P0638,1981,2015,34,20-39,CVA16,512,1,Protected,0.1
P0638,1981,2020,39,20-39,EV-A71,512,1,Protected,0.1
P0638,1981,2020,39,20-39,EV-D68,256,1,Protected,0.1
P0638,1981,2020,39,20-39,CVA6,512,1,Protected,0.1
P0638,1981,2020,39,20-39,CVA16,256,1,Protected,0.1
P0638,1981,2025,44,40-59,EV-A71,512,1,Protected,0.1
P0638,1981,2025,44,40-59,EV-D68,256,1,Protected,0.1
P0638,1981,2025,44,40-59,CVA6,512,1,Protected,0.1
P0638,1981,2025,44,40-59,CVA16,256,1,Protected,0.1
P0639,1961,2005,44,40-59,EV-A71,256,1,Protected,0.1
P0639,1961,2005,44,40-59,EV-D68,256,1,Protected,0.1
P0639,1961,2005,44,40-59,CVA6,256,1,Protected,0.1
P0639,1961,2005,44,40-59,CVA16,256,1,Protected,0.1
P0639,1961,2010,49,40-59,EV-A71,256,1,Protected,0.1
P0639,1961,2010,49,40-59,EV-D68,128,1,Protected,0.1
P0639,1961,2010,49,40-59,CVA6,256,1,Protected,0.1
P0639,1961,2010,49,40-59,CVA16,128,1,Protected,0.1
P0639,1961,2015,54,40-59,EV-A71,256,1,Protected,0.1
P0639,1961,2015,54,40-59,EV-D68,128,1,Protected,0.1
P0639,1961,2015,54,40-59,CVA6,512,1,Protected,0.1
P0639,1961,2015,54,40-59,CVA16,256,1,Protected,0.1
P0639,1961,2020,59,40-59,EV-A71,512,1,Protected,0.1
P0639,1961,2020,59,40-59,EV-D68,256,1,Protected,0.1
P0639,1961,2020,59,40-59,CVA6,512,1,Protected,0.1
P0639,1961,2020,59,40-59,CVA16,256,1,Protected,0.1
P0639,1961,2025,64,60+,EV-A71,512,1,Protected,0.1
P0639,1961,2025,64,60+,EV-D68,256,1,Protected,0.1
P0639,1961,2025,64,60+,CVA6,512,1,Protected,0.1
P0639,1961,2025,64,60+,CVA16,128,1,Protected,0.1
P0640,1985,2005,20,20-39,EV-A71,256,1,Protected,0.1
P0640,1985,2005,20,20-39,EV-D68,64,1,Protected,0.1
P0640,1985,2005,20,20-39,CVA6,256,1,Protected,0.1
P0640,1985,2005,20,20-39,CVA16,128,1,Protected,0.1
P0640,1985,2010,25,20-39,EV-A71,512,1,Protected,0.1
P0640,1985,2010,25,20-39,EV-D68,128,1,Protected,0.1
P0640,1985,2010,25,20-39,CVA6,128,1,Protected,0.1
P0640,1985,2010,25,20-39,CVA16,128,1,Protected,0.1
P0640,1985,2015,30,20-39,EV-A71,256,1,Protected,0.1
P0640,1985,2015,30,20-39,EV-D68,256,1,Protected,0.1
P0640,1985,2015,30,20-39,CVA6,256,1,Protected,0.1
P0640,1985,2015,30,20-39,CVA16,256,1,Protected,0.1
P0640,1985,2020,35,20-39,EV-A71,256,1,Protected,0.1
P0640,1985,2020,35,20-39,EV-D68,256,1,Protected,0.1
P0640,1985,2020,35,20-39,CVA6,512,1,Protected,0.1
P0640,1985,2020,35,20-39,CVA16,512,1,Protected,0.1
P0640,1985,2025,40,40-59,EV-A71,512,1,Protected,0.1
P0640,1985,2025,40,40-59,EV-D68,256,1,Protected,0.1
P0640,1985,2025,40,40-59,CVA6,512,1,Protected,0.1
P0640,1985,2025,40,40-59,CVA16,256,1,Protected,0.1
P0641,2007,2010,3,0-4,EV-A71,64,1,Protected,0.1
P0641,2007,2010,3,0-4,EV-D68,64,1,Protected,0.1
P0641,2007,2010,3,0-4,CVA6,64,1,Protected,0.1
P0641,2007,2010,3,0-4,CVA16,32,1,Partially protected,0.5
P0641,2007,2015,8,5-9,EV-A71,64,1,Protected,0.1
P0641,2007,2015,8,5-9,EV-D68,64,1,Protected,0.1
P0641,2007,2015,8,5-9,CVA6,128,1,Protected,0.1
P0641,2007,2015,8,5-9,CVA16,128,1,Protected,0.1
P0641,2007,2020,13,10-14,EV-A71,512,1,Protected,0.1
P0641,2007,2020,13,10-14,EV-D68,256,1,Protected,0.1
P0641,2007,2020,13,10-14,CVA6,128,1,Protected,0.1
P0641,2007,2020,13,10-14,CVA16,64,1,Protected,0.1
P0641,2007,2025,18,15-19,EV-A71,128,1,Protected,0.1
P0641,2007,2025,18,15-19,EV-D68,128,1,Protected,0.1
P0641,2007,2025,18,15-19,CVA6,256,1,Protected,0.1
P0641,2007,2025,18,15-19,CVA16,128,1,Protected,0.1
P0642,1981,2005,24,20-39,EV-A71,256,1,Protected,0.1
P0642,1981,2005,24,20-39,EV-D68,128,1,Protected,0.1
P0642,1981,2005,24,20-39,CVA6,256,1,Protected,0.1
P0642,1981,2005,24,20-39,CVA16,128,1,Protected,0.1
P0642,1981,2010,29,20-39,EV-A71,256,1,Protected,0.1
P0642,1981,2010,29,20-39,EV-D68,128,1,Protected,0.1
P0642,1981,2010,29,20-39,CVA6,512,1,Protected,0.1
P0642,1981,2010,29,20-39,CVA16,256,1,Protected,0.1
P0642,1981,2015,34,20-39,EV-A71,256,1,Protected,0.1
P0642,1981,2015,34,20-39,EV-D68,256,1,Protected,0.1
P0642,1981,2015,34,20-39,CVA6,256,1,Protected,0.1
P0642,1981,2015,34,20-39,CVA16,512,1,Protected,0.1
P0642,1981,2020,39,20-39,EV-A71,512,1,Protected,0.1
P0642,1981,2020,39,20-39,EV-D68,256,1,Protected,0.1
P0642,1981,2020,39,20-39,CVA6,512,1,Protected,0.1
P0642,1981,2020,39,20-39,CVA16,256,1,Protected,0.1
P0642,1981,2025,44,40-59,EV-A71,512,1,Protected,0.1
P0642,1981,2025,44,40-59,EV-D68,256,1,Protected,0.1
P0642,1981,2025,44,40-59,CVA6,512,1,Protected,0.1
P0642,1981,2025,44,40-59,CVA16,512,1,Protected,0.1
P0643,2009,2010,1,0-4,EV-A71,128,1,Protected,0.1
P0643,2009,2010,1,0-4,EV-D68,32,1,Partially protected,0.5
P0643,2009,2010,1,0-4,CVA6,32,1,Partially protected,0.5
P0643,2009,2010,1,0-4,CVA16,32,1,Partially protected,0.5
P0643,2009,2015,6,5-9,EV-A71,128,1,Protected,0.1
P0643,2009,2015,6,5-9,EV-D68,64,1,Protected,0.1
P0643,2009,2015,6,5-9,CVA6,128,1,Protected,0.1
P0643,2009,2015,6,5-9,CVA16,32,1,Partially protected,0.5
P0643,2009,2020,11,10-14,EV-A71,512,1,Protected,0.1
P0643,2009,2020,11,10-14,EV-D68,256,1,Protected,0.1
P0643,2009,2020,11,10-14,CVA6,512,1,Protected,0.1
P0643,2009,2020,11,10-14,CVA16,256,1,Protected,0.1
P0643,2009,2025,16,15-19,EV-A71,512,1,Protected,0.1
P0643,2009,2025,16,15-19,EV-D68,128,1,Protected,0.1
P0643,2009,2025,16,15-19,CVA6,256,1,Protected,0.1
P0643,2009,2025,16,15-19,CVA16,128,1,Protected,0.1
P0644,1998,2005,7,5-9,EV-A71,64,1,Protected,0.1
P0644,1998,2005,7,5-9,EV-D68,32,1,Partially protected,0.5
P0644,1998,2005,7,5-9,CVA6,64,1,Protected,0.1
P0644,1998,2005,7,5-9,CVA16,32,1,Partially protected,0.5
P0644,1998,2010,12,10-14,EV-A71,64,1,Protected,0.1
P0644,1998,2010,12,10-14,EV-D68,64,1,Protected,0.1
P0644,1998,2010,12,10-14,CVA6,128,1,Protected,0.1
P0644,1998,2010,12,10-14,CVA16,128,1,Protected,0.1
P0644,1998,2015,17,15-19,EV-A71,256,1,Protected,0.1
P0644,1998,2015,17,15-19,EV-D68,256,1,Protected,0.1
P0644,1998,2015,17,15-19,CVA6,512,1,Protected,0.1
P0644,1998,2015,17,15-19,CVA16,128,1,Protected,0.1
P0644,1998,2020,22,20-39,EV-A71,256,1,Protected,0.1
P0644,1998,2020,22,20-39,EV-D68,256,1,Protected,0.1
P0644,1998,2020,22,20-39,CVA6,512,1,Protected,0.1
P0644,1998,2020,22,20-39,CVA16,256,1,Protected,0.1
P0644,1998,2025,27,20-39,EV-A71,256,1,Protected,0.1
P0644,1998,2025,27,20-39,EV-D68,256,1,Protected,0.1
P0644,1998,2025,27,20-39,CVA6,512,1,Protected,0.1
P0644,1998,2025,27,20-39,CVA16,256,1,Protected,0.1
P0645,1993,2005,12,10-14,EV-A71,128,1,Protected,0.1
P0645,1993,2005,12,10-14,EV-D68,64,1,Protected,0.1
P0645,1993,2005,12,10-14,CVA6,128,1,Protected,0.1
P0645,1993,2005,12,10-14,CVA16,64,1,Protected,0.1
P0645,1993,2010,17,15-19,EV-A71,128,1,Protected,0.1
P0645,1993,2010,17,15-19,EV-D68,128,1,Protected,0.1
P0645,1993,2010,17,15-19,CVA6,64,1,Protected,0.1
P0645,1993,2010,17,15-19,CVA16,64,1,Protected,0.1
P0645,1993,2015,22,20-39,EV-A71,512,1,Protected,0.1
P0645,1993,2015,22,20-39,EV-D68,256,1,Protected,0.1
P0645,1993,2015,22,20-39,CVA6,256,1,Protected,0.1
P0645,1993,2015,22,20-39,CVA16,256,1,Protected,0.1
P0645,1993,2020,27,20-39,EV-A71,512,1,Protected,0.1
P0645,1993,2020,27,20-39,EV-D68,512,1,Protected,0.1
P0645,1993,2020,27,20-39,CVA6,512,1,Protected,0.1
P0645,1993,2020,27,20-39,CVA16,128,1,Protected,0.1
P0645,1993,2025,32,20-39,EV-A71,512,1,Protected,0.1
P0645,1993,2025,32,20-39,EV-D68,128,1,Protected,0.1
P0645,1993,2025,32,20-39,CVA6,512,1,Protected,0.1
P0645,1993,2025,32,20-39,CVA16,512,1,Protected,0.1
P0646,1953,2005,52,40-59,EV-A71,256,1,Protected,0.1
P0646,1953,2005,52,40-59,EV-D68,64,1,Protected,0.1
P0646,1953,2005,52,40-59,CVA6,256,1,Protected,0.1
P0646,1953,2005,52,40-59,CVA16,64,1,Protected,0.1
P0646,1953,2010,57,40-59,EV-A71,256,1,Protected,0.1
P0646,1953,2010,57,40-59,EV-D68,128,1,Protected,0.1
P0646,1953,2010,57,40-59,CVA6,256,1,Protected,0.1
P0646,1953,2010,57,40-59,CVA16,256,1,Protected,0.1
P0646,1953,2015,62,60+,EV-A71,512,1,Protected,0.1
P0646,1953,2015,62,60+,EV-D68,256,1,Protected,0.1
P0646,1953,2015,62,60+,CVA6,512,1,Protected,0.1
P0646,1953,2015,62,60+,CVA16,256,1,Protected,0.1
P0646,1953,2020,67,60+,EV-A71,512,1,Protected,0.1
P0646,1953,2020,67,60+,EV-D68,256,1,Protected,0.1
P0646,1953,2020,67,60+,CVA6,256,1,Protected,0.1
P0646,1953,2020,67,60+,CVA16,128,1,Protected,0.1
P0646,1953,2025,72,60+,EV-A71,512,1,Protected,0.1
P0646,1953,2025,72,60+,EV-D68,256,1,Protected,0.1
P0646,1953,2025,72,60+,CVA6,512,1,Protected,0.1
P0646,1953,2025,72,60+,CVA16,256,1,Protected,0.1
P0647,2013,2015,2,0-4,EV-A71,64,1,Protected,0.1
P0647,2013,2015,2,0-4,EV-D68,64,1,Protected,0.1
P0647,2013,2015,2,0-4,CVA6,128,1,Protected,0.1
P0647,2013,2015,2,0-4,CVA16,32,1,Partially protected,0.5
P0647,2013,2020,7,5-9,EV-A71,128,1,Protected,0.1
P0647,2013,2020,7,5-9,EV-D68,32,1,Partially protected,0.5
P0647,2013,2020,7,5-9,CVA6,128,1,Protected,0.1
P0647,2013,2020,7,5-9,CVA16,32,1,Partially protected,0.5
P0647,2013,2025,12,10-14,EV-A71,256,1,Protected,0.1
P0647,2013,2025,12,10-14,EV-D68,128,1,Protected,0.1
P0647,2013,2025,12,10-14,CVA6,512,1,Protected,0.1
P0647,2013,2025,12,10-14,CVA16,128,1,Protected,0.1
P0648,1991,2005,14,10-14,EV-A71,128,1,Protected,0.1
P0648,1991,2005,14,10-14,EV-D68,64,1,Protected,0.1
P0648,1991,2005,14,10-14,CVA6,256,1,Protected,0.1
P0648,1991,2005,14,10-14,CVA16,32,1,Partially protected,0.5
P0648,1991,2010,19,15-19,EV-A71,128,1,Protected,0.1
P0648,1991,2010,19,15-19,EV-D68,32,1,Partially protected,0.5
P0648,1991,2010,19,15-19,CVA6,128,1,Protected,0.1
P0648,1991,2010,19,15-19,CVA16,32,1,Partially protected,0.5
P0648,1991,2015,24,20-39,EV-A71,512,1,Protected,0.1
P0648,1991,2015,24,20-39,EV-D68,256,1,Protected,0.1
P0648,1991,2015,24,20-39,CVA6,512,1,Protected,0.1
P0648,1991,2015,24,20-39,CVA16,512,1,Protected,0.1
P0648,1991,2020,29,20-39,EV-A71,256,1,Protected,0.1
P0648,1991,2020,29,20-39,EV-D68,128,1,Protected,0.1
P0648,1991,2020,29,20-39,CVA6,512,1,Protected,0.1
P0648,1991,2020,29,20-39,CVA16,256,1,Protected,0.1
P0648,1991,2025,34,20-39,EV-A71,512,1,Protected,0.1
P0648,1991,2025,34,20-39,EV-D68,256,1,Protected,0.1
P0648,1991,2025,34,20-39,CVA6,512,1,Protected,0.1
P0648,1991,2025,34,20-39,CVA16,256,1,Protected,0.1
P0649,1973,2005,32,20-39,EV-A71,256,1,Protected,0.1
P0649,1973,2005,32,20-39,EV-D68,128,1,Protected,0.1
P0649,1973,2005,32,20-39,CVA6,256,1,Protected,0.1
P0649,1973,2005,32,20-39,CVA16,128,1,Protected,0.1
P0649,1973,2010,37,20-39,EV-A71,256,1,Protected,0.1
P0649,1973,2010,37,20-39,EV-D68,128,1,Protected,0.1
P0649,1973,2010,37,20-39,CVA6,256,1,Protected,0.1
P0649,1973,2010,37,20-39,CVA16,128,1,Protected,0.1
P0649,1973,2015,42,40-59,EV-A71,512,1,Protected,0.1
P0649,1973,2015,42,40-59,EV-D68,128,1,Protected,0.1
P0649,1973,2015,42,40-59,CVA6,512,1,Protected,0.1
P0649,1973,2015,42,40-59,CVA16,256,1,Protected,0.1
P0649,1973,2020,47,40-59,EV-A71,256,1,Protected,0.1
P0649,1973,2020,47,40-59,EV-D68,256,1,Protected,0.1
P0649,1973,2020,47,40-59,CVA6,256,1,Protected,0.1
P0649,1973,2020,47,40-59,CVA16,256,1,Protected,0.1
P0649,1973,2025,52,40-59,EV-A71,512,1,Protected,0.1
P0649,1973,2025,52,40-59,EV-D68,512,1,Protected,0.1
P0649,1973,2025,52,40-59,CVA6,512,1,Protected,0.1
P0649,1973,2025,52,40-59,CVA16,256,1,Protected,0.1
P0650,2012,2015,3,0-4,EV-A71,64,1,Protected,0.1
P0650,2012,2015,3,0-4,EV-D68,64,1,Protected,0.1
P0650,2012,2015,3,0-4,CVA6,128,1,Protected,0.1
P0650,2012,2015,3,0-4,CVA16,128,1,Protected,0.1
P0650,2012,2020,8,5-9,EV-A71,128,1,Protected,0.1
P0650,2012,2020,8,5-9,EV-D68,128,1,Protected,0.1
P0650,2012,2020,8,5-9,CVA6,128,1,Protected,0.1
P0650,2012,2020,8,5-9,CVA16,64,1,Protected,0.1
P0650,2012,2025,13,10-14,EV-A71,256,1,Protected,0.1
P0650,2012,2025,13,10-14,EV-D68,256,1,Protected,0.1
P0650,2012,2025,13,10-14,CVA6,256,1,Protected,0.1
P0650,2012,2025,13,10-14,CVA16,128,1,Protected,0.1
P0651,1977,2005,28,20-39,EV-A71,256,1,Protected,0.1
P0651,1977,2005,28,20-39,EV-D68,128,1,Protected,0.1
P0651,1977,2005,28,20-39,CVA6,256,1,Protected,0.1
P0651,1977,2005,28,20-39,CVA16,128,1,Protected,0.1
P0651,1977,2010,33,20-39,EV-A71,256,1,Protected,0.1
P0651,1977,2010,33,20-39,EV-D68,256,1,Protected,0.1
P0651,1977,2010,33,20-39,CVA6,256,1,Protected,0.1
P0651,1977,2010,33,20-39,CVA16,256,1,Protected,0.1
P0651,1977,2015,38,20-39,EV-A71,512,1,Protected,0.1
P0651,1977,2015,38,20-39,EV-D68,256,1,Protected,0.1
P0651,1977,2015,38,20-39,CVA6,256,1,Protected,0.1
P0651,1977,2015,38,20-39,CVA16,256,1,Protected,0.1
P0651,1977,2020,43,40-59,EV-A71,256,1,Protected,0.1
P0651,1977,2020,43,40-59,EV-D68,256,1,Protected,0.1
P0651,1977,2020,43,40-59,CVA6,512,1,Protected,0.1
P0651,1977,2020,43,40-59,CVA16,256,1,Protected,0.1
P0651,1977,2025,48,40-59,EV-A71,512,1,Protected,0.1
P0651,1977,2025,48,40-59,EV-D68,256,1,Protected,0.1
P0651,1977,2025,48,40-59,CVA6,512,1,Protected,0.1
P0651,1977,2025,48,40-59,CVA16,128,1,Protected,0.1
P0652,1995,2005,10,10-14,EV-A71,128,1,Protected,0.1
P0652,1995,2005,10,10-14,EV-D68,64,1,Protected,0.1
P0652,1995,2005,10,10-14,CVA6,128,1,Protected,0.1
P0652,1995,2005,10,10-14,CVA16,32,1,Partially protected,0.5
P0652,1995,2010,15,15-19,EV-A71,128,1,Protected,0.1
P0652,1995,2010,15,15-19,EV-D68,64,1,Protected,0.1
P0652,1995,2010,15,15-19,CVA6,128,1,Protected,0.1
P0652,1995,2010,15,15-19,CVA16,64,1,Protected,0.1
P0652,1995,2015,20,20-39,EV-A71,512,1,Protected,0.1
P0652,1995,2015,20,20-39,EV-D68,512,1,Protected,0.1
P0652,1995,2015,20,20-39,CVA6,512,1,Protected,0.1
P0652,1995,2015,20,20-39,CVA16,256,1,Protected,0.1
P0652,1995,2020,25,20-39,EV-A71,256,1,Protected,0.1
P0652,1995,2020,25,20-39,EV-D68,256,1,Protected,0.1
P0652,1995,2020,25,20-39,CVA6,512,1,Protected,0.1
P0652,1995,2020,25,20-39,CVA16,512,1,Protected,0.1
P0652,1995,2025,30,20-39,EV-A71,512,1,Protected,0.1
P0652,1995,2025,30,20-39,EV-D68,256,1,Protected,0.1
P0652,1995,2025,30,20-39,CVA6,256,1,Protected,0.1
P0652,1995,2025,30,20-39,CVA16,512,1,Protected,0.1
P0653,1983,2005,22,20-39,EV-A71,256,1,Protected,0.1
P0653,1983,2005,22,20-39,EV-D68,128,1,Protected,0.1
P0653,1983,2005,22,20-39,CVA6,256,1,Protected,0.1
P0653,1983,2005,22,20-39,CVA16,128,1,Protected,0.1
P0653,1983,2010,27,20-39,EV-A71,256,1,Protected,0.1
P0653,1983,2010,27,20-39,EV-D68,128,1,Protected,0.1
P0653,1983,2010,27,20-39,CVA6,256,1,Protected,0.1
P0653,1983,2010,27,20-39,CVA16,128,1,Protected,0.1
P0653,1983,2015,32,20-39,EV-A71,512,1,Protected,0.1
P0653,1983,2015,32,20-39,EV-D68,128,1,Protected,0.1
P0653,1983,2015,32,20-39,CVA6,512,1,Protected,0.1
P0653,1983,2015,32,20-39,CVA16,256,1,Protected,0.1
P0653,1983,2020,37,20-39,EV-A71,512,1,Protected,0.1
P0653,1983,2020,37,20-39,EV-D68,256,1,Protected,0.1
P0653,1983,2020,37,20-39,CVA6,256,1,Protected,0.1
P0653,1983,2020,37,20-39,CVA16,256,1,Protected,0.1
P0653,1983,2025,42,40-59,EV-A71,512,1,Protected,0.1
P0653,1983,2025,42,40-59,EV-D68,256,1,Protected,0.1
P0653,1983,2025,42,40-59,CVA6,512,1,Protected,0.1
P0653,1983,2025,42,40-59,CVA16,512,1,Protected,0.1
P0654,1993,2005,12,10-14,EV-A71,128,1,Protected,0.1
P0654,1993,2005,12,10-14,EV-D68,128,1,Protected,0.1
P0654,1993,2005,12,10-14,CVA6,128,1,Protected,0.1
P0654,1993,2005,12,10-14,CVA16,32,1,Partially protected,0.5
P0654,1993,2010,17,15-19,EV-A71,256,1,Protected,0.1
P0654,1993,2010,17,15-19,EV-D68,128,1,Protected,0.1
P0654,1993,2010,17,15-19,CVA6,128,1,Protected,0.1
P0654,1993,2010,17,15-19,CVA16,64,1,Protected,0.1
P0654,1993,2015,22,20-39,EV-A71,512,1,Protected,0.1
P0654,1993,2015,22,20-39,EV-D68,512,1,Protected,0.1
P0654,1993,2015,22,20-39,CVA6,256,1,Protected,0.1
P0654,1993,2015,22,20-39,CVA16,128,1,Protected,0.1
P0654,1993,2020,27,20-39,EV-A71,512,1,Protected,0.1
P0654,1993,2020,27,20-39,EV-D68,128,1,Protected,0.1
P0654,1993,2020,27,20-39,CVA6,512,1,Protected,0.1
P0654,1993,2020,27,20-39,CVA16,256,1,Protected,0.1
P0654,1993,2025,32,20-39,EV-A71,512,1,Protected,0.1
P0654,1993,2025,32,20-39,EV-D68,128,1,Protected,0.1
P0654,1993,2025,32,20-39,CVA6,256,1,Protected,0.1
P0654,1993,2025,32,20-39,CVA16,512,1,Protected,0.1
P0655,1985,2005,20,20-39,EV-A71,256,1,Protected,0.1
P0655,1985,2005,20,20-39,EV-D68,128,1,Protected,0.1
P0655,1985,2005,20,20-39,CVA6,512,1,Protected,0.1
P0655,1985,2005,20,20-39,CVA16,128,1,Protected,0.1
P0655,1985,2010,25,20-39,EV-A71,256,1,Protected,0.1
P0655,1985,2010,25,20-39,EV-D68,256,1,Protected,0.1
P0655,1985,2010,25,20-39,CVA6,256,1,Protected,0.1
P0655,1985,2010,25,20-39,CVA16,128,1,Protected,0.1
P0655,1985,2015,30,20-39,EV-A71,512,1,Protected,0.1
P0655,1985,2015,30,20-39,EV-D68,256,1,Protected,0.1
P0655,1985,2015,30,20-39,CVA6,512,1,Protected,0.1
P0655,1985,2015,30,20-39,CVA16,256,1,Protected,0.1
P0655,1985,2020,35,20-39,EV-A71,512,1,Protected,0.1
P0655,1985,2020,35,20-39,EV-D68,256,1,Protected,0.1
P0655,1985,2020,35,20-39,CVA6,512,1,Protected,0.1
P0655,1985,2020,35,20-39,CVA16,256,1,Protected,0.1
P0655,1985,2025,40,40-59,EV-A71,256,1,Protected,0.1
P0655,1985,2025,40,40-59,EV-D68,128,1,Protected,0.1
P0655,1985,2025,40,40-59,CVA6,256,1,Protected,0.1
P0655,1985,2025,40,40-59,CVA16,512,1,Protected,0.1
P0656,1985,2005,20,20-39,EV-A71,128,1,Protected,0.1
P0656,1985,2005,20,20-39,EV-D68,256,1,Protected,0.1
P0656,1985,2005,20,20-39,CVA6,256,1,Protected,0.1
P0656,1985,2005,20,20-39,CVA16,128,1,Protected,0.1
P0656,1985,2010,25,20-39,EV-A71,128,1,Protected,0.1
P0656,1985,2010,25,20-39,EV-D68,128,1,Protected,0.1
P0656,1985,2010,25,20-39,CVA6,256,1,Protected,0.1
P0656,1985,2010,25,20-39,CVA16,128,1,Protected,0.1
P0656,1985,2015,30,20-39,EV-A71,256,1,Protected,0.1
P0656,1985,2015,30,20-39,EV-D68,256,1,Protected,0.1
P0656,1985,2015,30,20-39,CVA6,512,1,Protected,0.1
P0656,1985,2015,30,20-39,CVA16,128,1,Protected,0.1
P0656,1985,2020,35,20-39,EV-A71,512,1,Protected,0.1
P0656,1985,2020,35,20-39,EV-D68,128,1,Protected,0.1
P0656,1985,2020,35,20-39,CVA6,512,1,Protected,0.1
P0656,1985,2020,35,20-39,CVA16,256,1,Protected,0.1
P0656,1985,2025,40,40-59,EV-A71,512,1,Protected,0.1
P0656,1985,2025,40,40-59,EV-D68,256,1,Protected,0.1
P0656,1985,2025,40,40-59,CVA6,256,1,Protected,0.1
P0656,1985,2025,40,40-59,CVA16,128,1,Protected,0.1
P0657,1951,2005,54,40-59,EV-A71,128,1,Protected,0.1
P0657,1951,2005,54,40-59,EV-D68,256,1,Protected,0.1
P0657,1951,2005,54,40-59,CVA6,256,1,Protected,0.1
P0657,1951,2005,54,40-59,CVA16,64,1,Protected,0.1
P0657,1951,2010,59,40-59,EV-A71,128,1,Protected,0.1
P0657,1951,2010,59,40-59,EV-D68,256,1,Protected,0.1
P0657,1951,2010,59,40-59,CVA6,512,1,Protected,0.1
P0657,1951,2010,59,40-59,CVA16,128,1,Protected,0.1
P0657,1951,2015,64,60+,EV-A71,256,1,Protected,0.1
P0657,1951,2015,64,60+,EV-D68,512,1,Protected,0.1
P0657,1951,2015,64,60+,CVA6,512,1,Protected,0.1
P0657,1951,2015,64,60+,CVA16,256,1,Protected,0.1
P0657,1951,2020,69,60+,EV-A71,512,1,Protected,0.1
P0657,1951,2020,69,60+,EV-D68,256,1,Protected,0.1
P0657,1951,2020,69,60+,CVA6,512,1,Protected,0.1
P0657,1951,2020,69,60+,CVA16,256,1,Protected,0.1
P0657,1951,2025,74,60+,EV-A71,512,1,Protected,0.1
P0657,1951,2025,74,60+,EV-D68,128,1,Protected,0.1
P0657,1951,2025,74,60+,CVA6,512,1,Protected,0.1
P0657,1951,2025,74,60+,CVA16,256,1,Protected,0.1
P0658,2016,2020,4,0-4,EV-A71,128,1,Protected,0.1
P0658,2016,2020,4,0-4,EV-D68,64,1,Protected,0.1
P0658,2016,2020,4,0-4,CVA6,64,1,Protected,0.1
P0658,2016,2020,4,0-4,CVA16,64,1,Protected,0.1
P0658,2016,2025,9,5-9,EV-A71,256,1,Protected,0.1
P0658,2016,2025,9,5-9,EV-D68,64,1,Protected,0.1
P0658,2016,2025,9,5-9,CVA6,128,1,Protected,0.1
P0658,2016,2025,9,5-9,CVA16,64,1,Protected,0.1
P0659,1974,2005,31,20-39,EV-A71,256,1,Protected,0.1
P0659,1974,2005,31,20-39,EV-D68,64,1,Protected,0.1
P0659,1974,2005,31,20-39,CVA6,256,1,Protected,0.1
P0659,1974,2005,31,20-39,CVA16,128,1,Protected,0.1
P0659,1974,2010,36,20-39,EV-A71,512,1,Protected,0.1
P0659,1974,2010,36,20-39,EV-D68,128,1,Protected,0.1
P0659,1974,2010,36,20-39,CVA6,256,1,Protected,0.1
P0659,1974,2010,36,20-39,CVA16,128,1,Protected,0.1
P0659,1974,2015,41,40-59,EV-A71,512,1,Protected,0.1
P0659,1974,2015,41,40-59,EV-D68,512,1,Protected,0.1
P0659,1974,2015,41,40-59,CVA6,512,1,Protected,0.1
P0659,1974,2015,41,40-59,CVA16,256,1,Protected,0.1
P0659,1974,2020,46,40-59,EV-A71,256,1,Protected,0.1
P0659,1974,2020,46,40-59,EV-D68,256,1,Protected,0.1
P0659,1974,2020,46,40-59,CVA6,512,1,Protected,0.1
P0659,1974,2020,46,40-59,CVA16,256,1,Protected,0.1
P0659,1974,2025,51,40-59,EV-A71,512,1,Protected,0.1
P0659,1974,2025,51,40-59,EV-D68,128,1,Protected,0.1
P0659,1974,2025,51,40-59,CVA6,512,1,Protected,0.1
P0659,1974,2025,51,40-59,CVA16,256,1,Protected,0.1
P0660,1960,2005,45,40-59,EV-A71,512,1,Protected,0.1
P0660,1960,2005,45,40-59,EV-D68,64,1,Protected,0.1
P0660,1960,2005,45,40-59,CVA6,256,1,Protected,0.1
P0660,1960,2005,45,40-59,CVA16,128,1,Protected,0.1
P0660,1960,2010,50,40-59,EV-A71,256,1,Protected,0.1
P0660,1960,2010,50,40-59,EV-D68,128,1,Protected,0.1
P0660,1960,2010,50,40-59,CVA6,256,1,Protected,0.1
P0660,1960,2010,50,40-59,CVA16,256,1,Protected,0.1
P0660,1960,2015,55,40-59,EV-A71,256,1,Protected,0.1
P0660,1960,2015,55,40-59,EV-D68,256,1,Protected,0.1
P0660,1960,2015,55,40-59,CVA6,512,1,Protected,0.1
P0660,1960,2015,55,40-59,CVA16,256,1,Protected,0.1
P0660,1960,2020,60,60+,EV-A71,256,1,Protected,0.1
P0660,1960,2020,60,60+,EV-D68,128,1,Protected,0.1
P0660,1960,2020,60,60+,CVA6,512,1,Protected,0.1
P0660,1960,2020,60,60+,CVA16,256,1,Protected,0.1
P0660,1960,2025,65,60+,EV-A71,512,1,Protected,0.1
P0660,1960,2025,65,60+,EV-D68,256,1,Protected,0.1
P0660,1960,2025,65,60+,CVA6,512,1,Protected,0.1
P0660,1960,2025,65,60+,CVA16,256,1,Protected,0.1
P0661,1980,2005,25,20-39,EV-A71,128,1,Protected,0.1
P0661,1980,2005,25,20-39,EV-D68,128,1,Protected,0.1
P0661,1980,2005,25,20-39,CVA6,256,1,Protected,0.1
P0661,1980,2005,25,20-39,CVA16,256,1,Protected,0.1
P0661,1980,2010,30,20-39,EV-A71,256,1,Protected,0.1
P0661,1980,2010,30,20-39,EV-D68,256,1,Protected,0.1
P0661,1980,2010,30,20-39,CVA6,512,1,Protected,0.1
P0661,1980,2010,30,20-39,CVA16,128,1,Protected,0.1
P0661,1980,2015,35,20-39,EV-A71,256,1,Protected,0.1
P0661,1980,2015,35,20-39,EV-D68,256,1,Protected,0.1
P0661,1980,2015,35,20-39,CVA6,512,1,Protected,0.1
P0661,1980,2015,35,20-39,CVA16,256,1,Protected,0.1
P0661,1980,2020,40,40-59,EV-A71,512,1,Protected,0.1
P0661,1980,2020,40,40-59,EV-D68,256,1,Protected,0.1
P0661,1980,2020,40,40-59,CVA6,512,1,Protected,0.1
P0661,1980,2020,40,40-59,CVA16,128,1,Protected,0.1
P0661,1980,2025,45,40-59,EV-A71,512,1,Protected,0.1
P0661,1980,2025,45,40-59,EV-D68,512,1,Protected,0.1
P0661,1980,2025,45,40-59,CVA6,512,1,Protected,0.1
P0661,1980,2025,45,40-59,CVA16,256,1,Protected,0.1
P0662,2002,2005,3,0-4,EV-A71,32,1,Partially protected,0.5
P0662,2002,2005,3,0-4,EV-D68,32,1,Partially protected,0.5
P0662,2002,2005,3,0-4,CVA6,64,1,Protected,0.1
P0662,2002,2005,3,0-4,CVA16,64,1,Protected,0.1
P0662,2002,2010,8,5-9,EV-A71,64,1,Protected,0.1
P0662,2002,2010,8,5-9,EV-D68,64,1,Protected,0.1
P0662,2002,2010,8,5-9,CVA6,64,1,Protected,0.1
P0662,2002,2010,8,5-9,CVA16,32,1,Partially protected,0.5
P0662,2002,2015,13,10-14,EV-A71,256,1,Protected,0.1
P0662,2002,2015,13,10-14,EV-D68,128,1,Protected,0.1
P0662,2002,2015,13,10-14,CVA6,256,1,Protected,0.1
P0662,2002,2015,13,10-14,CVA16,128,1,Protected,0.1
P0662,2002,2020,18,15-19,EV-A71,512,1,Protected,0.1
P0662,2002,2020,18,15-19,EV-D68,256,1,Protected,0.1
P0662,2002,2020,18,15-19,CVA6,128,1,Protected,0.1
P0662,2002,2020,18,15-19,CVA16,64,1,Protected,0.1
P0662,2002,2025,23,20-39,EV-A71,512,1,Protected,0.1
P0662,2002,2025,23,20-39,EV-D68,128,1,Protected,0.1
P0662,2002,2025,23,20-39,CVA6,512,1,Protected,0.1
P0662,2002,2025,23,20-39,CVA16,256,1,Protected,0.1
P0663,2012,2015,3,0-4,EV-A71,64,1,Protected,0.1
P0663,2012,2015,3,0-4,EV-D68,64,1,Protected,0.1
P0663,2012,2015,3,0-4,CVA6,256,1,Protected,0.1
P0663,2012,2015,3,0-4,CVA16,32,1,Partially protected,0.5
P0663,2012,2020,8,5-9,EV-A71,128,1,Protected,0.1
P0663,2012,2020,8,5-9,EV-D68,64,1,Protected,0.1
P0663,2012,2020,8,5-9,CVA6,128,1,Protected,0.1
P0663,2012,2020,8,5-9,CVA16,32,1,Partially protected,0.5
P0663,2012,2025,13,10-14,EV-A71,128,1,Protected,0.1
P0663,2012,2025,13,10-14,EV-D68,128,1,Protected,0.1
P0663,2012,2025,13,10-14,CVA6,256,1,Protected,0.1
P0663,2012,2025,13,10-14,CVA16,128,1,Protected,0.1
P0664,1980,2005,25,20-39,EV-A71,512,1,Protected,0.1
P0664,1980,2005,25,20-39,EV-D68,128,1,Protected,0.1
P0664,1980,2005,25,20-39,CVA6,256,1,Protected,0.1
P0664,1980,2005,25,20-39,CVA16,256,1,Protected,0.1
P0664,1980,2010,30,20-39,EV-A71,256,1,Protected,0.1
P0664,1980,2010,30,20-39,EV-D68,128,1,Protected,0.1
P0664,1980,2010,30,20-39,CVA6,128,1,Protected,0.1
P0664,1980,2010,30,20-39,CVA16,128,1,Protected,0.1
P0664,1980,2015,35,20-39,EV-A71,256,1,Protected,0.1
P0664,1980,2015,35,20-39,EV-D68,256,1,Protected,0.1
P0664,1980,2015,35,20-39,CVA6,512,1,Protected,0.1
P0664,1980,2015,35,20-39,CVA16,256,1,Protected,0.1
P0664,1980,2020,40,40-59,EV-A71,512,1,Protected,0.1
P0664,1980,2020,40,40-59,EV-D68,256,1,Protected,0.1
P0664,1980,2020,40,40-59,CVA6,512,1,Protected,0.1
P0664,1980,2020,40,40-59,CVA16,256,1,Protected,0.1
P0664,1980,2025,45,40-59,EV-A71,512,1,Protected,0.1
P0664,1980,2025,45,40-59,EV-D68,256,1,Protected,0.1
P0664,1980,2025,45,40-59,CVA6,512,1,Protected,0.1
P0664,1980,2025,45,40-59,CVA16,256,1,Protected,0.1
P0665,2010,2010,0,0-4,EV-A71,128,1,Protected,0.1
P0665,2010,2010,0,0-4,EV-D68,32,1,Partially protected,0.5
P0665,2010,2010,0,0-4,CVA6,128,1,Protected,0.1
P0665,2010,2010,0,0-4,CVA16,32,1,Partially protected,0.5
P0665,2010,2015,5,5-9,EV-A71,256,1,Protected,0.1
P0665,2010,2015,5,5-9,EV-D68,128,1,Protected,0.1
P0665,2010,2015,5,5-9,CVA6,128,1,Protected,0.1
P0665,2010,2015,5,5-9,CVA16,64,1,Protected,0.1
P0665,2010,2020,10,10-14,EV-A71,256,1,Protected,0.1
P0665,2010,2020,10,10-14,EV-D68,128,1,Protected,0.1
P0665,2010,2020,10,10-14,CVA6,256,1,Protected,0.1
P0665,2010,2020,10,10-14,CVA16,128,1,Protected,0.1
P0665,2010,2025,15,15-19,EV-A71,256,1,Protected,0.1
P0665,2010,2025,15,15-19,EV-D68,256,1,Protected,0.1
P0665,2010,2025,15,15-19,CVA6,256,1,Protected,0.1
P0665,2010,2025,15,15-19,CVA16,64,1,Protected,0.1
P0666,2012,2015,3,0-4,EV-A71,128,1,Protected,0.1
P0666,2012,2015,3,0-4,EV-D68,64,1,Protected,0.1
P0666,2012,2015,3,0-4,CVA6,128,1,Protected,0.1
P0666,2012,2015,3,0-4,CVA16,64,1,Protected,0.1
P0666,2012,2020,8,5-9,EV-A71,128,1,Protected,0.1
P0666,2012,2020,8,5-9,EV-D68,32,1,Partially protected,0.5
P0666,2012,2020,8,5-9,CVA6,64,1,Protected,0.1
P0666,2012,2020,8,5-9,CVA16,64,1,Protected,0.1
P0666,2012,2025,13,10-14,EV-A71,256,1,Protected,0.1
P0666,2012,2025,13,10-14,EV-D68,128,1,Protected,0.1
P0666,2012,2025,13,10-14,CVA6,128,1,Protected,0.1
P0666,2012,2025,13,10-14,CVA16,256,1,Protected,0.1
P0667,2007,2010,3,0-4,EV-A71,64,1,Protected,0.1
P0667,2007,2010,3,0-4,EV-D68,32,1,Partially protected,0.5
P0667,2007,2010,3,0-4,CVA6,32,1,Partially protected,0.5
P0667,2007,2010,3,0-4,CVA16,16,0,Susceptible,1.0
P0667,2007,2015,8,5-9,EV-A71,256,1,Protected,0.1
P0667,2007,2015,8,5-9,EV-D68,64,1,Protected,0.1
P0667,2007,2015,8,5-9,CVA6,256,1,Protected,0.1
P0667,2007,2015,8,5-9,CVA16,64,1,Protected,0.1
P0667,2007,2020,13,10-14,EV-A71,128,1,Protected,0.1
P0667,2007,2020,13,10-14,EV-D68,128,1,Protected,0.1
P0667,2007,2020,13,10-14,CVA6,512,1,Protected,0.1
P0667,2007,2020,13,10-14,CVA16,128,1,Protected,0.1
P0667,2007,2025,18,15-19,EV-A71,256,1,Protected,0.1
P0667,2007,2025,18,15-19,EV-D68,64,1,Protected,0.1
P0667,2007,2025,18,15-19,CVA6,256,1,Protected,0.1
P0667,2007,2025,18,15-19,CVA16,128,1,Protected,0.1
P0668,1952,2005,53,40-59,EV-A71,256,1,Protected,0.1
P0668,1952,2005,53,40-59,EV-D68,128,1,Protected,0.1
P0668,1952,2005,53,40-59,CVA6,512,1,Protected,0.1
P0668,1952,2005,53,40-59,CVA16,128,1,Protected,0.1
P0668,1952,2010,58,40-59,EV-A71,256,1,Protected,0.1
P0668,1952,2010,58,40-59,EV-D68,256,1,Protected,0.1
P0668,1952,2010,58,40-59,CVA6,256,1,Protected,0.1
P0668,1952,2010,58,40-59,CVA16,128,1,Protected,0.1
P0668,1952,2015,63,60+,EV-A71,512,1,Protected,0.1
P0668,1952,2015,63,60+,EV-D68,512,1,Protected,0.1
P0668,1952,2015,63,60+,CVA6,512,1,Protected,0.1
P0668,1952,2015,63,60+,CVA16,128,1,Protected,0.1
P0668,1952,2020,68,60+,EV-A71,512,1,Protected,0.1
P0668,1952,2020,68,60+,EV-D68,256,1,Protected,0.1
P0668,1952,2020,68,60+,CVA6,256,1,Protected,0.1
P0668,1952,2020,68,60+,CVA16,256,1,Protected,0.1
P0668,1952,2025,73,60+,EV-A71,512,1,Protected,0.1
P0668,1952,2025,73,60+,EV-D68,256,1,Protected,0.1
P0668,1952,2025,73,60+,CVA6,512,1,Protected,0.1
P0668,1952,2025,73,60+,CVA16,512,1,Protected,0.1
P0669,1961,2005,44,40-59,EV-A71,128,1,Protected,0.1
P0669,1961,2005,44,40-59,EV-D68,128,1,Protected,0.1
P0669,1961,2005,44,40-59,CVA6,512,1,Protected,0.1
P0669,1961,2005,44,40-59,CVA16,256,1,Protected,0.1
P0669,1961,2010,49,40-59,EV-A71,256,1,Protected,0.1
P0669,1961,2010,49,40-59,EV-D68,128,1,Protected,0.1
P0669,1961,2010,49,40-59,CVA6,512,1,Protected,0.1
P0669,1961,2010,49,40-59,CVA16,256,1,Protected,0.1
P0669,1961,2015,54,40-59,EV-A71,512,1,Protected,0.1
P0669,1961,2015,54,40-59,EV-D68,256,1,Protected,0.1
P0669,1961,2015,54,40-59,CVA6,512,1,Protected,0.1
P0669,1961,2015,54,40-59,CVA16,256,1,Protected,0.1
P0669,1961,2020,59,40-59,EV-A71,512,1,Protected,0.1
P0669,1961,2020,59,40-59,EV-D68,256,1,Protected,0.1
P0669,1961,2020,59,40-59,CVA6,256,1,Protected,0.1
P0669,1961,2020,59,40-59,CVA16,256,1,Protected,0.1
P0669,1961,2025,64,60+,EV-A71,512,1,Protected,0.1
P0669,1961,2025,64,60+,EV-D68,128,1,Protected,0.1
P0669,1961,2025,64,60+,CVA6,512,1,Protected,0.1
P0669,1961,2025,64,60+,CVA16,256,1,Protected,0.1
P0670,1987,2005,18,15-19,EV-A71,128,1,Protected,0.1
P0670,1987,2005,18,15-19,EV-D68,64,1,Protected,0.1
P0670,1987,2005,18,15-19,CVA6,128,1,Protected,0.1
P0670,1987,2005,18,15-19,CVA16,32,1,Partially protected,0.5
P0670,1987,2010,23,20-39,EV-A71,256,1,Protected,0.1
P0670,1987,2010,23,20-39,EV-D68,64,1,Protected,0.1
P0670,1987,2010,23,20-39,CVA6,128,1,Protected,0.1
P0670,1987,2010,23,20-39,CVA16,128,1,Protected,0.1
P0670,1987,2015,28,20-39,EV-A71,512,1,Protected,0.1
P0670,1987,2015,28,20-39,EV-D68,256,1,Protected,0.1
P0670,1987,2015,28,20-39,CVA6,512,1,Protected,0.1
P0670,1987,2015,28,20-39,CVA16,256,1,Protected,0.1
P0670,1987,2020,33,20-39,EV-A71,512,1,Protected,0.1
P0670,1987,2020,33,20-39,EV-D68,256,1,Protected,0.1
P0670,1987,2020,33,20-39,CVA6,512,1,Protected,0.1
P0670,1987,2020,33,20-39,CVA16,128,1,Protected,0.1
P0670,1987,2025,38,20-39,EV-A71,512,1,Protected,0.1
P0670,1987,2025,38,20-39,EV-D68,512,1,Protected,0.1
P0670,1987,2025,38,20-39,CVA6,512,1,Protected,0.1
P0670,1987,2025,38,20-39,CVA16,256,1,Protected,0.1
P0671,1978,2005,27,20-39,EV-A71,256,1,Protected,0.1
P0671,1978,2005,27,20-39,EV-D68,128,1,Protected,0.1
P0671,1978,2005,27,20-39,CVA6,256,1,Protected,0.1
P0671,1978,2005,27,20-39,CVA16,128,1,Protected,0.1
P0671,1978,2010,32,20-39,EV-A71,512,1,Protected,0.1
P0671,1978,2010,32,20-39,EV-D68,128,1,Protected,0.1
P0671,1978,2010,32,20-39,CVA6,512,1,Protected,0.1
P0671,1978,2010,32,20-39,CVA16,64,1,Protected,0.1
P0671,1978,2015,37,20-39,EV-A71,512,1,Protected,0.1
P0671,1978,2015,37,20-39,EV-D68,256,1,Protected,0.1
P0671,1978,2015,37,20-39,CVA6,512,1,Protected,0.1
P0671,1978,2015,37,20-39,CVA16,256,1,Protected,0.1
P0671,1978,2020,42,40-59,EV-A71,512,1,Protected,0.1
P0671,1978,2020,42,40-59,EV-D68,256,1,Protected,0.1
P0671,1978,2020,42,40-59,CVA6,512,1,Protected,0.1
P0671,1978,2020,42,40-59,CVA16,256,1,Protected,0.1
P0671,1978,2025,47,40-59,EV-A71,512,1,Protected,0.1
P0671,1978,2025,47,40-59,EV-D68,256,1,Protected,0.1
P0671,1978,2025,47,40-59,CVA6,256,1,Protected,0.1
P0671,1978,2025,47,40-59,CVA16,512,1,Protected,0.1
P0672,2001,2005,4,0-4,EV-A71,64,1,Protected,0.1
P0672,2001,2005,4,0-4,EV-D68,32,1,Partially protected,0.5
P0672,2001,2005,4,0-4,CVA6,64,1,Protected,0.1
P0672,2001,2005,4,0-4,CVA16,16,0,Susceptible,1.0
P0672,2001,2010,9,5-9,EV-A71,64,1,Protected,0.1
P0672,2001,2010,9,5-9,EV-D68,32,1,Partially protected,0.5
P0672,2001,2010,9,5-9,CVA6,64,1,Protected,0.1
P0672,2001,2010,9,5-9,CVA16,32,1,Partially protected,0.5
P0672,2001,2015,14,10-14,EV-A71,256,1,Protected,0.1
P0672,2001,2015,14,10-14,EV-D68,256,1,Protected,0.1
P0672,2001,2015,14,10-14,CVA6,512,1,Protected,0.1
P0672,2001,2015,14,10-14,CVA16,128,1,Protected,0.1
P0672,2001,2020,19,15-19,EV-A71,256,1,Protected,0.1
P0672,2001,2020,19,15-19,EV-D68,128,1,Protected,0.1
P0672,2001,2020,19,15-19,CVA6,256,1,Protected,0.1
P0672,2001,2020,19,15-19,CVA16,64,1,Protected,0.1
P0672,2001,2025,24,20-39,EV-A71,512,1,Protected,0.1
P0672,2001,2025,24,20-39,EV-D68,256,1,Protected,0.1
P0672,2001,2025,24,20-39,CVA6,512,1,Protected,0.1
P0672,2001,2025,24,20-39,CVA16,512,1,Protected,0.1
P0673,1981,2005,24,20-39,EV-A71,256,1,Protected,0.1
P0673,1981,2005,24,20-39,EV-D68,64,1,Protected,0.1
P0673,1981,2005,24,20-39,CVA6,512,1,Protected,0.1
P0673,1981,2005,24,20-39,CVA16,128,1,Protected,0.1
P0673,1981,2010,29,20-39,EV-A71,256,1,Protected,0.1
P0673,1981,2010,29,20-39,EV-D68,64,1,Protected,0.1
P0673,1981,2010,29,20-39,CVA6,256,1,Protected,0.1
P0673,1981,2010,29,20-39,CVA16,128,1,Protected,0.1
P0673,1981,2015,34,20-39,EV-A71,512,1,Protected,0.1
P0673,1981,2015,34,20-39,EV-D68,128,1,Protected,0.1
P0673,1981,2015,34,20-39,CVA6,512,1,Protected,0.1
P0673,1981,2015,34,20-39,CVA16,256,1,Protected,0.1
P0673,1981,2020,39,20-39,EV-A71,256,1,Protected,0.1
P0673,1981,2020,39,20-39,EV-D68,256,1,Protected,0.1
P0673,1981,2020,39,20-39,CVA6,512,1,Protected,0.1
P0673,1981,2020,39,20-39,CVA16,256,1,Protected,0.1
P0673,1981,2025,44,40-59,EV-A71,256,1,Protected,0.1
P0673,1981,2025,44,40-59,EV-D68,256,1,Protected,0.1
P0673,1981,2025,44,40-59,CVA6,512,1,Protected,0.1
P0673,1981,2025,44,40-59,CVA16,128,1,Protected,0.1
P0674,1989,2005,16,15-19,EV-A71,256,1,Protected,0.1
P0674,1989,2005,16,15-19,EV-D68,32,1,Partially protected,0.5
P0674,1989,2005,16,15-19,CVA6,128,1,Protected,0.1
P0674,1989,2005,16,15-19,CVA16,128,1,Protected,0.1
P0674,1989,2010,21,20-39,EV-A71,256,1,Protected,0.1
P0674,1989,2010,21,20-39,EV-D68,128,1,Protected,0.1
P0674,1989,2010,21,20-39,CVA6,256,1,Protected,0.1
P0674,1989,2010,21,20-39,CVA16,128,1,Protected,0.1
P0674,1989,2015,26,20-39,EV-A71,512,1,Protected,0.1
P0674,1989,2015,26,20-39,EV-D68,128,1,Protected,0.1
P0674,1989,2015,26,20-39,CVA6,256,1,Protected,0.1
P0674,1989,2015,26,20-39,CVA16,256,1,Protected,0.1
P0674,1989,2020,31,20-39,EV-A71,256,1,Protected,0.1
P0674,1989,2020,31,20-39,EV-D68,512,1,Protected,0.1
P0674,1989,2020,31,20-39,CVA6,512,1,Protected,0.1
P0674,1989,2020,31,20-39,CVA16,256,1,Protected,0.1
P0674,1989,2025,36,20-39,EV-A71,512,1,Protected,0.1
P0674,1989,2025,36,20-39,EV-D68,128,1,Protected,0.1
P0674,1989,2025,36,20-39,CVA6,512,1,Protected,0.1
P0674,1989,2025,36,20-39,CVA16,128,1,Protected,0.1
P0675,1997,2005,8,5-9,EV-A71,32,1,Partially protected,0.5
P0675,1997,2005,8,5-9,EV-D68,32,1,Partially protected,0.5
P0675,1997,2005,8,5-9,CVA6,32,1,Partially protected,0.5
P0675,1997,2005,8,5-9,CVA16,32,1,Partially protected,0.5
P0675,1997,2010,13,10-14,EV-A71,64,1,Protected,0.1
P0675,1997,2010,13,10-14,EV-D68,128,1,Protected,0.1
P0675,1997,2010,13,10-14,CVA6,128,1,Protected,0.1
P0675,1997,2010,13,10-14,CVA16,64,1,Protected,0.1
P0675,1997,2015,18,15-19,EV-A71,512,1,Protected,0.1
P0675,1997,2015,18,15-19,EV-D68,64,1,Protected,0.1
P0675,1997,2015,18,15-19,CVA6,256,1,Protected,0.1
P0675,1997,2015,18,15-19,CVA16,128,1,Protected,0.1
P0675,1997,2020,23,20-39,EV-A71,512,1,Protected,0.1
P0675,1997,2020,23,20-39,EV-D68,512,1,Protected,0.1
P0675,1997,2020,23,20-39,CVA6,512,1,Protected,0.1
P0675,1997,2020,23,20-39,CVA16,512,1,Protected,0.1
P0675,1997,2025,28,20-39,EV-A71,256,1,Protected,0.1
P0675,1997,2025,28,20-39,EV-D68,256,1,Protected,0.1
P0675,1997,2025,28,20-39,CVA6,512,1,Protected,0.1
P0675,1997,2025,28,20-39,CVA16,128,1,Protected,0.1
P0676,2010,2010,0,0-4,EV-A71,32,1,Partially protected,0.5
P0676,2010,2010,0,0-4,EV-D68,32,1,Partially protected,0.5
P0676,2010,2010,0,0-4,CVA6,128,1,Protected,0.1
P0676,2010,2010,0,0-4,CVA16,32,1,Partially protected,0.5
P0676,2010,2015,5,5-9,EV-A71,128,1,Protected,0.1
P0676,2010,2015,5,5-9,EV-D68,32,1,Partially protected,0.5
P0676,2010,2015,5,5-9,CVA6,128,1,Protected,0.1
P0676,2010,2015,5,5-9,CVA16,64,1,Protected,0.1
P0676,2010,2020,10,10-14,EV-A71,128,1,Protected,0.1
P0676,2010,2020,10,10-14,EV-D68,128,1,Protected,0.1
P0676,2010,2020,10,10-14,CVA6,512,1,Protected,0.1
P0676,2010,2020,10,10-14,CVA16,128,1,Protected,0.1
P0676,2010,2025,15,15-19,EV-A71,512,1,Protected,0.1
P0676,2010,2025,15,15-19,EV-D68,128,1,Protected,0.1
P0676,2010,2025,15,15-19,CVA6,256,1,Protected,0.1
P0676,2010,2025,15,15-19,CVA16,64,1,Protected,0.1
P0677,2020,2020,0,0-4,EV-A71,128,1,Protected,0.1
P0677,2020,2020,0,0-4,EV-D68,64,1,Protected,0.1
P0677,2020,2020,0,0-4,CVA6,256,1,Protected,0.1
P0677,2020,2020,0,0-4,CVA16,64,1,Protected,0.1
P0677,2020,2025,5,5-9,EV-A71,64,1,Protected,0.1
P0677,2020,2025,5,5-9,EV-D68,64,1,Protected,0.1
P0677,2020,2025,5,5-9,CVA6,128,1,Protected,0.1
P0677,2020,2025,5,5-9,CVA16,128,1,Protected,0.1
P0678,2017,2020,3,0-4,EV-A71,64,1,Protected,0.1
P0678,2017,2020,3,0-4,EV-D68,128,1,Protected,0.1
P0678,2017,2020,3,0-4,CVA6,128,1,Protected,0.1
P0678,2017,2020,3,0-4,CVA16,32,1,Partially protected,0.5
P0678,2017,2025,8,5-9,EV-A71,64,1,Protected,0.1
P0678,2017,2025,8,5-9,EV-D68,32,1,Partially protected,0.5
P0678,2017,2025,8,5-9,CVA6,128,1,Protected,0.1
P0678,2017,2025,8,5-9,CVA16,32,1,Partially protected,0.5
P0679,1994,2005,11,10-14,EV-A71,128,1,Protected,0.1
P0679,1994,2005,11,10-14,EV-D68,64,1,Protected,0.1
P0679,1994,2005,11,10-14,CVA6,256,1,Protected,0.1
P0679,1994,2005,11,10-14,CVA16,32,1,Partially protected,0.5
P0679,1994,2010,16,15-19,EV-A71,128,1,Protected,0.1
P0679,1994,2010,16,15-19,EV-D68,32,1,Partially protected,0.5
P0679,1994,2010,16,15-19,CVA6,128,1,Protected,0.1
P0679,1994,2010,16,15-19,CVA16,64,1,Protected,0.1
P0679,1994,2015,21,20-39,EV-A71,512,1,Protected,0.1
P0679,1994,2015,21,20-39,EV-D68,128,1,Protected,0.1
P0679,1994,2015,21,20-39,CVA6,512,1,Protected,0.1
P0679,1994,2015,21,20-39,CVA16,256,1,Protected,0.1
P0679,1994,2020,26,20-39,EV-A71,512,1,Protected,0.1
P0679,1994,2020,26,20-39,EV-D68,256,1,Protected,0.1
P0679,1994,2020,26,20-39,CVA6,512,1,Protected,0.1
P0679,1994,2020,26,20-39,CVA16,128,1,Protected,0.1
P0679,1994,2025,31,20-39,EV-A71,512,1,Protected,0.1
P0679,1994,2025,31,20-39,EV-D68,256,1,Protected,0.1
P0679,1994,2025,31,20-39,CVA6,512,1,Protected,0.1
P0679,1994,2025,31,20-39,CVA16,256,1,Protected,0.1
P0680,2004,2005,1,0-4,EV-A71,64,1,Protected,0.1
P0680,2004,2005,1,0-4,EV-D68,64,1,Protected,0.1
P0680,2004,2005,1,0-4,CVA6,64,1,Protected,0.1
P0680,2004,2005,1,0-4,CVA16,32,1,Partially protected,0.5
P0680,2004,2010,6,5-9,EV-A71,64,1,Protected,0.1
P0680,2004,2010,6,5-9,EV-D68,32,1,Partially protected,0.5
P0680,2004,2010,6,5-9,CVA6,64,1,Protected,0.1
P0680,2004,2010,6,5-9,CVA16,32,1,Partially protected,0.5
P0680,2004,2015,11,10-14,EV-A71,256,1,Protected,0.1
P0680,2004,2015,11,10-14,EV-D68,128,1,Protected,0.1
P0680,2004,2015,11,10-14,CVA6,256,1,Protected,0.1
P0680,2004,2015,11,10-14,CVA16,128,1,Protected,0.1
P0680,2004,2020,16,15-19,EV-A71,256,1,Protected,0.1
P0680,2004,2020,16,15-19,EV-D68,64,1,Protected,0.1
P0680,2004,2020,16,15-19,CVA6,256,1,Protected,0.1
P0680,2004,2020,16,15-19,CVA16,128,1,Protected,0.1
P0680,2004,2025,21,20-39,EV-A71,512,1,Protected,0.1
P0680,2004,2025,21,20-39,EV-D68,256,1,Protected,0.1
P0680,2004,2025,21,20-39,CVA6,512,1,Protected,0.1
P0680,2004,2025,21,20-39,CVA16,512,1,Protected,0.1
P0681,2020,2020,0,0-4,EV-A71,128,1,Protected,0.1
P0681,2020,2020,0,0-4,EV-D68,64,1,Protected,0.1
P0681,2020,2020,0,0-4,CVA6,64,1,Protected,0.1
P0681,2020,2020,0,0-4,CVA16,128,1,Protected,0.1
P0681,2020,2025,5,5-9,EV-A71,128,1,Protected,0.1
P0681,2020,2025,5,5-9,EV-D68,64,1,Protected,0.1
P0681,2020,2025,5,5-9,CVA6,256,1,Protected,0.1
P0681,2020,2025,5,5-9,CVA16,128,1,Protected,0.1
P0682,1992,2005,13,10-14,EV-A71,128,1,Protected,0.1
P0682,1992,2005,13,10-14,EV-D68,64,1,Protected,0.1
P0682,1992,2005,13,10-14,CVA6,128,1,Protected,0.1
P0682,1992,2005,13,10-14,CVA16,64,1,Protected,0.1
P0682,1992,2010,18,15-19,EV-A71,128,1,Protected,0.1
P0682,1992,2010,18,15-19,EV-D68,64,1,Protected,0.1
P0682,1992,2010,18,15-19,CVA6,256,1,Protected,0.1
P0682,1992,2010,18,15-19,CVA16,128,1,Protected,0.1
P0682,1992,2015,23,20-39,EV-A71,512,1,Protected,0.1
P0682,1992,2015,23,20-39,EV-D68,128,1,Protected,0.1
P0682,1992,2015,23,20-39,CVA6,512,1,Protected,0.1
P0682,1992,2015,23,20-39,CVA16,256,1,Protected,0.1
P0682,1992,2020,28,20-39,EV-A71,512,1,Protected,0.1
P0682,1992,2020,28,20-39,EV-D68,256,1,Protected,0.1
P0682,1992,2020,28,20-39,CVA6,512,1,Protected,0.1
P0682,1992,2020,28,20-39,CVA16,256,1,Protected,0.1
P0682,1992,2025,33,20-39,EV-A71,256,1,Protected,0.1
P0682,1992,2025,33,20-39,EV-D68,128,1,Protected,0.1
P0682,1992,2025,33,20-39,CVA6,512,1,Protected,0.1
P0682,1992,2025,33,20-39,CVA16,256,1,Protected,0.1
P0683,1995,2005,10,10-14,EV-A71,128,1,Protected,0.1
P0683,1995,2005,10,10-14,EV-D68,64,1,Protected,0.1
P0683,1995,2005,10,10-14,CVA6,128,1,Protected,0.1
P0683,1995,2005,10,10-14,CVA16,128,1,Protected,0.1
P0683,1995,2010,15,15-19,EV-A71,128,1,Protected,0.1
P0683,1995,2010,15,15-19,EV-D68,64,1,Protected,0.1
P0683,1995,2010,15,15-19,CVA6,256,1,Protected,0.1
P0683,1995,2010,15,15-19,CVA16,64,1,Protected,0.1
P0683,1995,2015,20,20-39,EV-A71,512,1,Protected,0.1
P0683,1995,2015,20,20-39,EV-D68,128,1,Protected,0.1
P0683,1995,2015,20,20-39,CVA6,512,1,Protected,0.1
P0683,1995,2015,20,20-39,CVA16,128,1,Protected,0.1
P0683,1995,2020,25,20-39,EV-A71,512,1,Protected,0.1
P0683,1995,2020,25,20-39,EV-D68,128,1,Protected,0.1
P0683,1995,2020,25,20-39,CVA6,512,1,Protected,0.1
P0683,1995,2020,25,20-39,CVA16,256,1,Protected,0.1
P0683,1995,2025,30,20-39,EV-A71,512,1,Protected,0.1
P0683,1995,2025,30,20-39,EV-D68,256,1,Protected,0.1
P0683,1995,2025,30,20-39,CVA6,512,1,Protected,0.1
P0683,1995,2025,30,20-39,CVA16,128,1,Protected,0.1
P0684,2008,2010,2,0-4,EV-A71,64,1,Protected,0.1
P0684,2008,2010,2,0-4,EV-D68,32,1,Partially protected,0.5
P0684,2008,2010,2,0-4,CVA6,64,1,Protected,0.1
P0684,2008,2010,2,0-4,CVA16,32,1,Partially protected,0.5
P0684,2008,2015,7,5-9,EV-A71,128,1,Protected,0.1
P0684,2008,2015,7,5-9,EV-D68,128,1,Protected,0.1
P0684,2008,2015,7,5-9,CVA6,128,1,Protected,0.1
P0684,2008,2015,7,5-9,CVA16,32,1,Partially protected,0.5
P0684,2008,2020,12,10-14,EV-A71,256,1,Protected,0.1
P0684,2008,2020,12,10-14,EV-D68,256,1,Protected,0.1
P0684,2008,2020,12,10-14,CVA6,256,1,Protected,0.1
P0684,2008,2020,12,10-14,CVA16,256,1,Protected,0.1
P0684,2008,2025,17,15-19,EV-A71,512,1,Protected,0.1
P0684,2008,2025,17,15-19,EV-D68,128,1,Protected,0.1
P0684,2008,2025,17,15-19,CVA6,256,1,Protected,0.1
P0684,2008,2025,17,15-19,CVA16,128,1,Protected,0.1
P0685,1984,2005,21,20-39,EV-A71,256,1,Protected,0.1
P0685,1984,2005,21,20-39,EV-D68,128,1,Protected,0.1
P0685,1984,2005,21,20-39,CVA6,256,1,Protected,0.1
P0685,1984,2005,21,20-39,CVA16,256,1,Protected,0.1
P0685,1984,2010,26,20-39,EV-A71,256,1,Protected,0.1
P0685,1984,2010,26,20-39,EV-D68,128,1,Protected,0.1
P0685,1984,2010,26,20-39,CVA6,256,1,Protected,0.1
P0685,1984,2010,26,20-39,CVA16,128,1,Protected,0.1
P0685,1984,2015,31,20-39,EV-A71,256,1,Protected,0.1
P0685,1984,2015,31,20-39,EV-D68,256,1,Protected,0.1
P0685,1984,2015,31,20-39,CVA6,512,1,Protected,0.1
P0685,1984,2015,31,20-39,CVA16,128,1,Protected,0.1
P0685,1984,2020,36,20-39,EV-A71,512,1,Protected,0.1
P0685,1984,2020,36,20-39,EV-D68,256,1,Protected,0.1
P0685,1984,2020,36,20-39,CVA6,512,1,Protected,0.1
P0685,1984,2020,36,20-39,CVA16,512,1,Protected,0.1
P0685,1984,2025,41,40-59,EV-A71,512,1,Protected,0.1
P0685,1984,2025,41,40-59,EV-D68,512,1,Protected,0.1
P0685,1984,2025,41,40-59,CVA6,256,1,Protected,0.1
P0685,1984,2025,41,40-59,CVA16,256,1,Protected,0.1
P0686,1989,2005,16,15-19,EV-A71,256,1,Protected,0.1
P0686,1989,2005,16,15-19,EV-D68,64,1,Protected,0.1
P0686,1989,2005,16,15-19,CVA6,128,1,Protected,0.1
P0686,1989,2005,16,15-19,CVA16,128,1,Protected,0.1
P0686,1989,2010,21,20-39,EV-A71,512,1,Protected,0.1
P0686,1989,2010,21,20-39,EV-D68,128,1,Protected,0.1
P0686,1989,2010,21,20-39,CVA6,512,1,Protected,0.1
P0686,1989,2010,21,20-39,CVA16,128,1,Protected,0.1
P0686,1989,2015,26,20-39,EV-A71,512,1,Protected,0.1
P0686,1989,2015,26,20-39,EV-D68,256,1,Protected,0.1
P0686,1989,2015,26,20-39,CVA6,256,1,Protected,0.1
P0686,1989,2015,26,20-39,CVA16,128,1,Protected,0.1
P0686,1989,2020,31,20-39,EV-A71,512,1,Protected,0.1
P0686,1989,2020,31,20-39,EV-D68,256,1,Protected,0.1
P0686,1989,2020,31,20-39,CVA6,512,1,Protected,0.1
P0686,1989,2020,31,20-39,CVA16,256,1,Protected,0.1
P0686,1989,2025,36,20-39,EV-A71,512,1,Protected,0.1
P0686,1989,2025,36,20-39,EV-D68,256,1,Protected,0.1
P0686,1989,2025,36,20-39,CVA6,512,1,Protected,0.1
P0686,1989,2025,36,20-39,CVA16,128,1,Protected,0.1
P0687,1982,2005,23,20-39,EV-A71,256,1,Protected,0.1
P0687,1982,2005,23,20-39,EV-D68,128,1,Protected,0.1
P0687,1982,2005,23,20-39,CVA6,256,1,Protected,0.1
P0687,1982,2005,23,20-39,CVA16,128,1,Protected,0.1
P0687,1982,2010,28,20-39,EV-A71,256,1,Protected,0.1
P0687,1982,2010,28,20-39,EV-D68,64,1,Protected,0.1
P0687,1982,2010,28,20-39,CVA6,256,1,Protected,0.1
P0687,1982,2010,28,20-39,CVA16,128,1,Protected,0.1
P0687,1982,2015,33,20-39,EV-A71,512,1,Protected,0.1
P0687,1982,2015,33,20-39,EV-D68,256,1,Protected,0.1
P0687,1982,2015,33,20-39,CVA6,256,1,Protected,0.1
P0687,1982,2015,33,20-39,CVA16,256,1,Protected,0.1
P0687,1982,2020,38,20-39,EV-A71,512,1,Protected,0.1
P0687,1982,2020,38,20-39,EV-D68,512,1,Protected,0.1
P0687,1982,2020,38,20-39,CVA6,512,1,Protected,0.1
P0687,1982,2020,38,20-39,CVA16,128,1,Protected,0.1
P0687,1982,2025,43,40-59,EV-A71,512,1,Protected,0.1
P0687,1982,2025,43,40-59,EV-D68,256,1,Protected,0.1
P0687,1982,2025,43,40-59,CVA6,512,1,Protected,0.1
P0687,1982,2025,43,40-59,CVA16,128,1,Protected,0.1
P0688,1979,2005,26,20-39,EV-A71,256,1,Protected,0.1
P0688,1979,2005,26,20-39,EV-D68,256,1,Protected,0.1
P0688,1979,2005,26,20-39,CVA6,256,1,Protected,0.1
P0688,1979,2005,26,20-39,CVA16,128,1,Protected,0.1
P0688,1979,2010,31,20-39,EV-A71,256,1,Protected,0.1
P0688,1979,2010,31,20-39,EV-D68,128,1,Protected,0.1
P0688,1979,2010,31,20-39,CVA6,256,1,Protected,0.1
P0688,1979,2010,31,20-39,CVA16,128,1,Protected,0.1
P0688,1979,2015,36,20-39,EV-A71,256,1,Protected,0.1
P0688,1979,2015,36,20-39,EV-D68,256,1,Protected,0.1
P0688,1979,2015,36,20-39,CVA6,512,1,Protected,0.1
P0688,1979,2015,36,20-39,CVA16,256,1,Protected,0.1
P0688,1979,2020,41,40-59,EV-A71,512,1,Protected,0.1
P0688,1979,2020,41,40-59,EV-D68,256,1,Protected,0.1
P0688,1979,2020,41,40-59,CVA6,512,1,Protected,0.1
P0688,1979,2020,41,40-59,CVA16,256,1,Protected,0.1
P0688,1979,2025,46,40-59,EV-A71,512,1,Protected,0.1
P0688,1979,2025,46,40-59,EV-D68,512,1,Protected,0.1
P0688,1979,2025,46,40-59,CVA6,512,1,Protected,0.1
P0688,1979,2025,46,40-59,CVA16,512,1,Protected,0.1
P0689,1965,2005,40,40-59,EV-A71,128,1,Protected,0.1
P0689,1965,2005,40,40-59,EV-D68,128,1,Protected,0.1
P0689,1965,2005,40,40-59,CVA6,256,1,Protected,0.1
P0689,1965,2005,40,40-59,CVA16,256,1,Protected,0.1
P0689,1965,2010,45,40-59,EV-A71,128,1,Protected,0.1
P0689,1965,2010,45,40-59,EV-D68,128,1,Protected,0.1
P0689,1965,2010,45,40-59,CVA6,512,1,Protected,0.1
P0689,1965,2010,45,40-59,CVA16,128,1,Protected,0.1
P0689,1965,2015,50,40-59,EV-A71,512,1,Protected,0.1
P0689,1965,2015,50,40-59,EV-D68,256,1,Protected,0.1
P0689,1965,2015,50,40-59,CVA6,512,1,Protected,0.1
P0689,1965,2015,50,40-59,CVA16,256,1,Protected,0.1
P0689,1965,2020,55,40-59,EV-A71,512,1,Protected,0.1
P0689,1965,2020,55,40-59,EV-D68,128,1,Protected,0.1
P0689,1965,2020,55,40-59,CVA6,512,1,Protected,0.1
P0689,1965,2020,55,40-59,CVA16,512,1,Protected,0.1
P0689,1965,2025,60,60+,EV-A71,512,1,Protected,0.1
P0689,1965,2025,60,60+,EV-D68,128,1,Protected,0.1
P0689,1965,2025,60,60+,CVA6,512,1,Protected,0.1
P0689,1965,2025,60,60+,CVA16,256,1,Protected,0.1
P0690,1974,2005,31,20-39,EV-A71,256,1,Protected,0.1
P0690,1974,2005,31,20-39,EV-D68,128,1,Protected,0.1
P0690,1974,2005,31,20-39,CVA6,128,1,Protected,0.1
P0690,1974,2005,31,20-39,CVA16,128,1,Protected,0.1
P0690,1974,2010,36,20-39,EV-A71,256,1,Protected,0.1
P0690,1974,2010,36,20-39,EV-D68,128,1,Protected,0.1
P0690,1974,2010,36,20-39,CVA6,128,1,Protected,0.1
P0690,1974,2010,36,20-39,CVA16,128,1,Protected,0.1
P0690,1974,2015,41,40-59,EV-A71,512,1,Protected,0.1
P0690,1974,2015,41,40-59,EV-D68,256,1,Protected,0.1
P0690,1974,2015,41,40-59,CVA6,512,1,Protected,0.1
P0690,1974,2015,41,40-59,CVA16,256,1,Protected,0.1
P0690,1974,2020,46,40-59,EV-A71,512,1,Protected,0.1
P0690,1974,2020,46,40-59,EV-D68,256,1,Protected,0.1
P0690,1974,2020,46,40-59,CVA6,512,1,Protected,0.1
P0690,1974,2020,46,40-59,CVA16,256,1,Protected,0.1
P0690,1974,2025,51,40-59,EV-A71,256,1,Protected,0.1
P0690,1974,2025,51,40-59,EV-D68,256,1,Protected,0.1
P0690,1974,2025,51,40-59,CVA6,512,1,Protected,0.1
P0690,1974,2025,51,40-59,CVA16,256,1,Protected,0.1
P0691,1990,2005,15,15-19,EV-A71,128,1,Protected,0.1
P0691,1990,2005,15,15-19,EV-D68,64,1,Protected,0.1
P0691,1990,2005,15,15-19,CVA6,256,1,Protected,0.1
P0691,1990,2005,15,15-19,CVA16,32,1,Partially protected,0.5
P0691,1990,2010,20,20-39,EV-A71,256,1,Protected,0.1
P0691,1990,2010,20,20-39,EV-D68,64,1,Protected,0.1
P0691,1990,2010,20,20-39,CVA6,256,1,Protected,0.1
P0691,1990,2010,20,20-39,CVA16,64,1,Protected,0.1
P0691,1990,2015,25,20-39,EV-A71,512,1,Protected,0.1
P0691,1990,2015,25,20-39,EV-D68,128,1,Protected,0.1
P0691,1990,2015,25,20-39,CVA6,512,1,Protected,0.1
P0691,1990,2015,25,20-39,CVA16,256,1,Protected,0.1
P0691,1990,2020,30,20-39,EV-A71,512,1,Protected,0.1
P0691,1990,2020,30,20-39,EV-D68,512,1,Protected,0.1
P0691,1990,2020,30,20-39,CVA6,512,1,Protected,0.1
P0691,1990,2020,30,20-39,CVA16,256,1,Protected,0.1
P0691,1990,2025,35,20-39,EV-A71,512,1,Protected,0.1
P0691,1990,2025,35,20-39,EV-D68,128,1,Protected,0.1
P0691,1990,2025,35,20-39,CVA6,512,1,Protected,0.1
P0691,1990,2025,35,20-39,CVA16,256,1,Protected,0.1
P0692,1965,2005,40,40-59,EV-A71,256,1,Protected,0.1
P0692,1965,2005,40,40-59,EV-D68,64,1,Protected,0.1
P0692,1965,2005,40,40-59,CVA6,256,1,Protected,0.1
P0692,1965,2005,40,40-59,CVA16,128,1,Protected,0.1
P0692,1965,2010,45,40-59,EV-A71,256,1,Protected,0.1
P0692,1965,2010,45,40-59,EV-D68,64,1,Protected,0.1
P0692,1965,2010,45,40-59,CVA6,512,1,Protected,0.1
P0692,1965,2010,45,40-59,CVA16,128,1,Protected,0.1
P0692,1965,2015,50,40-59,EV-A71,512,1,Protected,0.1
P0692,1965,2015,50,40-59,EV-D68,256,1,Protected,0.1
P0692,1965,2015,50,40-59,CVA6,512,1,Protected,0.1
P0692,1965,2015,50,40-59,CVA16,256,1,Protected,0.1
P0692,1965,2020,55,40-59,EV-A71,512,1,Protected,0.1
P0692,1965,2020,55,40-59,EV-D68,256,1,Protected,0.1
P0692,1965,2020,55,40-59,CVA6,256,1,Protected,0.1
P0692,1965,2020,55,40-59,CVA16,256,1,Protected,0.1
P0692,1965,2025,60,60+,EV-A71,512,1,Protected,0.1
P0692,1965,2025,60,60+,EV-D68,512,1,Protected,0.1
P0692,1965,2025,60,60+,CVA6,512,1,Protected,0.1
P0692,1965,2025,60,60+,CVA16,128,1,Protected,0.1
P0693,2018,2020,2,0-4,EV-A71,128,1,Protected,0.1
P0693,2018,2020,2,0-4,EV-D68,32,1,Partially protected,0.5
P0693,2018,2020,2,0-4,CVA6,128,1,Protected,0.1
P0693,2018,2020,2,0-4,CVA16,128,1,Protected,0.1
P0693,2018,2025,7,5-9,EV-A71,128,1,Protected,0.1
P0693,2018,2025,7,5-9,EV-D68,64,1,Protected,0.1
P0693,2018,2025,7,5-9,CVA6,256,1,Protected,0.1
P0693,2018,2025,7,5-9,CVA16,128,1,Protected,0.1
P0694,1973,2005,32,20-39,EV-A71,256,1,Protected,0.1
P0694,1973,2005,32,20-39,EV-D68,128,1,Protected,0.1
P0694,1973,2005,32,20-39,CVA6,128,1,Protected,0.1
P0694,1973,2005,32,20-39,CVA16,128,1,Protected,0.1
P0694,1973,2010,37,20-39,EV-A71,256,1,Protected,0.1
P0694,1973,2010,37,20-39,EV-D68,64,1,Protected,0.1
P0694,1973,2010,37,20-39,CVA6,128,1,Protected,0.1
P0694,1973,2010,37,20-39,CVA16,128,1,Protected,0.1
P0694,1973,2015,42,40-59,EV-A71,512,1,Protected,0.1
P0694,1973,2015,42,40-59,EV-D68,256,1,Protected,0.1
P0694,1973,2015,42,40-59,CVA6,256,1,Protected,0.1
P0694,1973,2015,42,40-59,CVA16,512,1,Protected,0.1
P0694,1973,2020,47,40-59,EV-A71,512,1,Protected,0.1
P0694,1973,2020,47,40-59,EV-D68,256,1,Protected,0.1
P0694,1973,2020,47,40-59,CVA6,512,1,Protected,0.1
P0694,1973,2020,47,40-59,CVA16,256,1,Protected,0.1
P0694,1973,2025,52,40-59,EV-A71,512,1,Protected,0.1
P0694,1973,2025,52,40-59,EV-D68,128,1,Protected,0.1
P0694,1973,2025,52,40-59,CVA6,512,1,Protected,0.1
P0694,1973,2025,52,40-59,CVA16,256,1,Protected,0.1
P0695,1974,2005,31,20-39,EV-A71,256,1,Protected,0.1
P0695,1974,2005,31,20-39,EV-D68,128,1,Protected,0.1
P0695,1974,2005,31,20-39,CVA6,256,1,Protected,0.1
P0695,1974,2005,31,20-39,CVA16,128,1,Protected,0.1
P0695,1974,2010,36,20-39,EV-A71,128,1,Protected,0.1
P0695,1974,2010,36,20-39,EV-D68,128,1,Protected,0.1
P0695,1974,2010,36,20-39,CVA6,256,1,Protected,0.1
P0695,1974,2010,36,20-39,CVA16,128,1,Protected,0.1
P0695,1974,2015,41,40-59,EV-A71,256,1,Protected,0.1
P0695,1974,2015,41,40-59,EV-D68,512,1,Protected,0.1
P0695,1974,2015,41,40-59,CVA6,256,1,Protected,0.1
P0695,1974,2015,41,40-59,CVA16,256,1,Protected,0.1
P0695,1974,2020,46,40-59,EV-A71,256,1,Protected,0.1
P0695,1974,2020,46,40-59,EV-D68,512,1,Protected,0.1
P0695,1974,2020,46,40-59,CVA6,512,1,Protected,0.1
P0695,1974,2020,46,40-59,CVA16,256,1,Protected,0.1
P0695,1974,2025,51,40-59,EV-A71,512,1,Protected,0.1
P0695,1974,2025,51,40-59,EV-D68,128,1,Protected,0.1
P0695,1974,2025,51,40-59,CVA6,512,1,Protected,0.1
P0695,1974,2025,51,40-59,CVA16,128,1,Protected,0.1
P0696,1977,2005,28,20-39,EV-A71,256,1,Protected,0.1
P0696,1977,2005,28,20-39,EV-D68,128,1,Protected,0.1
P0696,1977,2005,28,20-39,CVA6,256,1,Protected,0.1
P0696,1977,2005,28,20-39,CVA16,128,1,Protected,0.1
P0696,1977,2010,33,20-39,EV-A71,256,1,Protected,0.1
P0696,1977,2010,33,20-39,EV-D68,128,1,Protected,0.1
P0696,1977,2010,33,20-39,CVA6,256,1,Protected,0.1
P0696,1977,2010,33,20-39,CVA16,256,1,Protected,0.1
P0696,1977,2015,38,20-39,EV-A71,512,1,Protected,0.1
P0696,1977,2015,38,20-39,EV-D68,512,1,Protected,0.1
P0696,1977,2015,38,20-39,CVA6,512,1,Protected,0.1
P0696,1977,2015,38,20-39,CVA16,256,1,Protected,0.1
P0696,1977,2020,43,40-59,EV-A71,256,1,Protected,0.1
P0696,1977,2020,43,40-59,EV-D68,128,1,Protected,0.1
P0696,1977,2020,43,40-59,CVA6,512,1,Protected,0.1
P0696,1977,2020,43,40-59,CVA16,256,1,Protected,0.1
P0696,1977,2025,48,40-59,EV-A71,256,1,Protected,0.1
P0696,1977,2025,48,40-59,EV-D68,256,1,Protected,0.1
P0696,1977,2025,48,40-59,CVA6,512,1,Protected,0.1
P0696,1977,2025,48,40-59,CVA16,128,1,Protected,0.1
P0697,2011,2015,4,0-4,EV-A71,128,1,Protected,0.1
P0697,2011,2015,4,0-4,EV-D68,128,1,Protected,0.1
P0697,2011,2015,4,0-4,CVA6,64,1,Protected,0.1
P0697,2011,2015,4,0-4,CVA16,64,1,Protected,0.1
P0697,2011,2020,9,5-9,EV-A71,128,1,Protected,0.1
P0697,2011,2020,9,5-9,EV-D68,64,1,Protected,0.1
P0697,2011,2020,9,5-9,CVA6,128,1,Protected,0.1
P0697,2011,2020,9,5-9,CVA16,32,1,Partially protected,0.5
P0697,2011,2025,14,10-14,EV-A71,256,1,Protected,0.1
P0697,2011,2025,14,10-14,EV-D68,128,1,Protected,0.1
P0697,2011,2025,14,10-14,CVA6,128,1,Protected,0.1
P0697,2011,2025,14,10-14,CVA16,128,1,Protected,0.1
P0698,1985,2005,20,20-39,EV-A71,128,1,Protected,0.1
P0698,1985,2005,20,20-39,EV-D68,128,1,Protected,0.1
P0698,1985,2005,20,20-39,CVA6,512,1,Protected,0.1
P0698,1985,2005,20,20-39,CVA16,128,1,Protected,0.1
P0698,1985,2010,25,20-39,EV-A71,256,1,Protected,0.1
P0698,1985,2010,25,20-39,EV-D68,256,1,Protected,0.1
P0698,1985,2010,25,20-39,CVA6,512,1,Protected,0.1
P0698,1985,2010,25,20-39,CVA16,256,1,Protected,0.1
P0698,1985,2015,30,20-39,EV-A71,512,1,Protected,0.1
P0698,1985,2015,30,20-39,EV-D68,128,1,Protected,0.1
P0698,1985,2015,30,20-39,CVA6,512,1,Protected,0.1
P0698,1985,2015,30,20-39,CVA16,512,1,Protected,0.1
P0698,1985,2020,35,20-39,EV-A71,512,1,Protected,0.1
P0698,1985,2020,35,20-39,EV-D68,256,1,Protected,0.1
P0698,1985,2020,35,20-39,CVA6,512,1,Protected,0.1
P0698,1985,2020,35,20-39,CVA16,256,1,Protected,0.1
P0698,1985,2025,40,40-59,EV-A71,512,1,Protected,0.1
P0698,1985,2025,40,40-59,EV-D68,256,1,Protected,0.1
P0698,1985,2025,40,40-59,CVA6,512,1,Protected,0.1
P0698,1985,2025,40,40-59,CVA16,128,1,Protected,0.1
P0699,2017,2020,3,0-4,EV-A71,256,1,Protected,0.1
P0699,2017,2020,3,0-4,EV-D68,64,1,Protected,0.1
P0699,2017,2020,3,0-4,CVA6,128,1,Protected,0.1
P0699,2017,2020,3,0-4,CVA16,64,1,Protected,0.1
P0699,2017,2025,8,5-9,EV-A71,128,1,Protected,0.1
P0699,2017,2025,8,5-9,EV-D68,32,1,Partially protected,0.5
P0699,2017,2025,8,5-9,CVA6,128,1,Protected,0.1
P0699,2017,2025,8,5-9,CVA16,64,1,Protected,0.1
P0700,1986,2005,19,15-19,EV-A71,64,1,Protected,0.1
P0700,1986,2005,19,15-19,EV-D68,64,1,Protected,0.1
P0700,1986,2005,19,15-19,CVA6,128,1,Protected,0.1
P0700,1986,2005,19,15-19,CVA16,64,1,Protected,0.1
P0700,1986,2010,24,20-39,EV-A71,256,1,Protected,0.1
P0700,1986,2010,24,20-39,EV-D68,128,1,Protected,0.1
P0700,1986,2010,24,20-39,CVA6,512,1,Protected,0.1
P0700,1986,2010,24,20-39,CVA16,128,1,Protected,0.1
P0700,1986,2015,29,20-39,EV-A71,256,1,Protected,0.1
P0700,1986,2015,29,20-39,EV-D68,256,1,Protected,0.1
P0700,1986,2015,29,20-39,CVA6,512,1,Protected,0.1
P0700,1986,2015,29,20-39,CVA16,128,1,Protected,0.1
P0700,1986,2020,34,20-39,EV-A71,512,1,Protected,0.1
P0700,1986,2020,34,20-39,EV-D68,256,1,Protected,0.1
P0700,1986,2020,34,20-39,CVA6,256,1,Protected,0.1
P0700,1986,2020,34,20-39,CVA16,512,1,Protected,0.1
P0700,1986,2025,39,20-39,EV-A71,512,1,Protected,0.1
P0700,1986,2025,39,20-39,EV-D68,512,1,Protected,0.1
P0700,1986,2025,39,20-39,CVA6,512,1,Protected,0.1
P0700,1986,2025,39,20-39,CVA16,512,1,Protected,0.1
P0701,1962,2005,43,40-59,EV-A71,256,1,Protected,0.1
P0701,1962,2005,43,40-59,EV-D68,256,1,Protected,0.1
P0701,1962,2005,43,40-59,CVA6,256,1,Protected,0.1
P0701,1962,2005,43,40-59,CVA16,256,1,Protected,0.1
P0701,1962,2010,48,40-59,EV-A71,256,1,Protected,0.1
P0701,1962,2010,48,40-59,EV-D68,128,1,Protected,0.1
P0701,1962,2010,48,40-59,CVA6,512,1,Protected,0.1
P0701,1962,2010,48,40-59,CVA16,64,1,Protected,0.1
P0701,1962,2015,53,40-59,EV-A71,512,1,Protected,0.1
P0701,1962,2015,53,40-59,EV-D68,256,1,Protected,0.1
P0701,1962,2015,53,40-59,CVA6,512,1,Protected,0.1
P0701,1962,2015,53,40-59,CVA16,256,1,Protected,0.1
P0701,1962,2020,58,40-59,EV-A71,512,1,Protected,0.1
P0701,1962,2020,58,40-59,EV-D68,256,1,Protected,0.1
P0701,1962,2020,58,40-59,CVA6,512,1,Protected,0.1
P0701,1962,2020,58,40-59,CVA16,256,1,Protected,0.1
P0701,1962,2025,63,60+,EV-A71,512,1,Protected,0.1
P0701,1962,2025,63,60+,EV-D68,512,1,Protected,0.1
P0701,1962,2025,63,60+,CVA6,512,1,Protected,0.1
P0701,1962,2025,63,60+,CVA16,256,1,Protected,0.1
P0702,1974,2005,31,20-39,EV-A71,256,1,Protected,0.1
P0702,1974,2005,31,20-39,EV-D68,128,1,Protected,0.1
P0702,1974,2005,31,20-39,CVA6,128,1,Protected,0.1
P0702,1974,2005,31,20-39,CVA16,256,1,Protected,0.1
P0702,1974,2010,36,20-39,EV-A71,128,1,Protected,0.1
P0702,1974,2010,36,20-39,EV-D68,128,1,Protected,0.1
P0702,1974,2010,36,20-39,CVA6,512,1,Protected,0.1
P0702,1974,2010,36,20-39,CVA16,128,1,Protected,0.1
P0702,1974,2015,41,40-59,EV-A71,256,1,Protected,0.1
P0702,1974,2015,41,40-59,EV-D68,256,1,Protected,0.1
P0702,1974,2015,41,40-59,CVA6,512,1,Protected,0.1
P0702,1974,2015,41,40-59,CVA16,256,1,Protected,0.1
P0702,1974,2020,46,40-59,EV-A71,512,1,Protected,0.1
P0702,1974,2020,46,40-59,EV-D68,256,1,Protected,0.1
P0702,1974,2020,46,40-59,CVA6,512,1,Protected,0.1
P0702,1974,2020,46,40-59,CVA16,256,1,Protected,0.1
P0702,1974,2025,51,40-59,EV-A71,512,1,Protected,0.1
P0702,1974,2025,51,40-59,EV-D68,128,1,Protected,0.1
P0702,1974,2025,51,40-59,CVA6,512,1,Protected,0.1
P0702,1974,2025,51,40-59,CVA16,512,1,Protected,0.1
P0703,1987,2005,18,15-19,EV-A71,256,1,Protected,0.1
P0703,1987,2005,18,15-19,EV-D68,64,1,Protected,0.1
P0703,1987,2005,18,15-19,CVA6,256,1,Protected,0.1
P0703,1987,2005,18,15-19,CVA16,64,1,Protected,0.1
P0703,1987,2010,23,20-39,EV-A71,512,1,Protected,0.1
P0703,1987,2010,23,20-39,EV-D68,128,1,Protected,0.1
P0703,1987,2010,23,20-39,CVA6,256,1,Protected,0.1
P0703,1987,2010,23,20-39,CVA16,64,1,Protected,0.1
P0703,1987,2015,28,20-39,EV-A71,512,1,Protected,0.1
P0703,1987,2015,28,20-39,EV-D68,512,1,Protected,0.1
P0703,1987,2015,28,20-39,CVA6,512,1,Protected,0.1
P0703,1987,2015,28,20-39,CVA16,256,1,Protected,0.1
P0703,1987,2020,33,20-39,EV-A71,512,1,Protected,0.1
P0703,1987,2020,33,20-39,EV-D68,512,1,Protected,0.1
P0703,1987,2020,33,20-39,CVA6,512,1,Protected,0.1
P0703,1987,2020,33,20-39,CVA16,256,1,Protected,0.1
P0703,1987,2025,38,20-39,EV-A71,512,1,Protected,0.1
P0703,1987,2025,38,20-39,EV-D68,128,1,Protected,0.1
P0703,1987,2025,38,20-39,CVA6,256,1,Protected,0.1
P0703,1987,2025,38,20-39,CVA16,256,1,Protected,0.1
P0704,1979,2005,26,20-39,EV-A71,256,1,Protected,0.1
P0704,1979,2005,26,20-39,EV-D68,128,1,Protected,0.1
P0704,1979,2005,26,20-39,CVA6,128,1,Protected,0.1
P0704,1979,2005,26,20-39,CVA16,256,1,Protected,0.1
P0704,1979,2010,31,20-39,EV-A71,256,1,Protected,0.1
P0704,1979,2010,31,20-39,EV-D68,128,1,Protected,0.1
P0704,1979,2010,31,20-39,CVA6,256,1,Protected,0.1
P0704,1979,2010,31,20-39,CVA16,128,1,Protected,0.1
P0704,1979,2015,36,20-39,EV-A71,512,1,Protected,0.1
P0704,1979,2015,36,20-39,EV-D68,256,1,Protected,0.1
P0704,1979,2015,36,20-39,CVA6,512,1,Protected,0.1
P0704,1979,2015,36,20-39,CVA16,256,1,Protected,0.1
P0704,1979,2020,41,40-59,EV-A71,512,1,Protected,0.1
P0704,1979,2020,41,40-59,EV-D68,512,1,Protected,0.1
P0704,1979,2020,41,40-59,CVA6,512,1,Protected,0.1
P0704,1979,2020,41,40-59,CVA16,256,1,Protected,0.1
P0704,1979,2025,46,40-59,EV-A71,512,1,Protected,0.1
P0704,1979,2025,46,40-59,EV-D68,128,1,Protected,0.1
P0704,1979,2025,46,40-59,CVA6,512,1,Protected,0.1
P0704,1979,2025,46,40-59,CVA16,512,1,Protected,0.1
P0705,1996,2005,9,5-9,EV-A71,128,1,Protected,0.1
P0705,1996,2005,9,5-9,EV-D68,64,1,Protected,0.1
P0705,1996,2005,9,5-9,CVA6,64,1,Protected,0.1
P0705,1996,2005,9,5-9,CVA16,32,1,Partially protected,0.5
P0705,1996,2010,14,10-14,EV-A71,128,1,Protected,0.1
P0705,1996,2010,14,10-14,EV-D68,64,1,Protected,0.1
P0705,1996,2010,14,10-14,CVA6,128,1,Protected,0.1
P0705,1996,2010,14,10-14,CVA16,64,1,Protected,0.1
P0705,1996,2015,19,15-19,EV-A71,256,1,Protected,0.1
P0705,1996,2015,19,15-19,EV-D68,128,1,Protected,0.1
P0705,1996,2015,19,15-19,CVA6,256,1,Protected,0.1
P0705,1996,2015,19,15-19,CVA16,128,1,Protected,0.1
P0705,1996,2020,24,20-39,EV-A71,512,1,Protected,0.1
P0705,1996,2020,24,20-39,EV-D68,128,1,Protected,0.1
P0705,1996,2020,24,20-39,CVA6,512,1,Protected,0.1
P0705,1996,2020,24,20-39,CVA16,256,1,Protected,0.1
P0705,1996,2025,29,20-39,EV-A71,512,1,Protected,0.1
P0705,1996,2025,29,20-39,EV-D68,256,1,Protected,0.1
P0705,1996,2025,29,20-39,CVA6,256,1,Protected,0.1
P0705,1996,2025,29,20-39,CVA16,256,1,Protected,0.1
P0706,1972,2005,33,20-39,EV-A71,512,1,Protected,0.1
P0706,1972,2005,33,20-39,EV-D68,128,1,Protected,0.1
P0706,1972,2005,33,20-39,CVA6,256,1,Protected,0.1
P0706,1972,2005,33,20-39,CVA16,128,1,Protected,0.1
P0706,1972,2010,38,20-39,EV-A71,256,1,Protected,0.1
P0706,1972,2010,38,20-39,EV-D68,64,1,Protected,0.1
P0706,1972,2010,38,20-39,CVA6,512,1,Protected,0.1
P0706,1972,2010,38,20-39,CVA16,128,1,Protected,0.1
P0706,1972,2015,43,40-59,EV-A71,512,1,Protected,0.1
P0706,1972,2015,43,40-59,EV-D68,512,1,Protected,0.1
P0706,1972,2015,43,40-59,CVA6,512,1,Protected,0.1
P0706,1972,2015,43,40-59,CVA16,512,1,Protected,0.1
P0706,1972,2020,48,40-59,EV-A71,256,1,Protected,0.1
P0706,1972,2020,48,40-59,EV-D68,512,1,Protected,0.1
P0706,1972,2020,48,40-59,CVA6,512,1,Protected,0.1
P0706,1972,2020,48,40-59,CVA16,256,1,Protected,0.1
P0706,1972,2025,53,40-59,EV-A71,256,1,Protected,0.1
P0706,1972,2025,53,40-59,EV-D68,256,1,Protected,0.1
P0706,1972,2025,53,40-59,CVA6,512,1,Protected,0.1
P0706,1972,2025,53,40-59,CVA16,256,1,Protected,0.1
P0707,1988,2005,17,15-19,EV-A71,128,1,Protected,0.1
P0707,1988,2005,17,15-19,EV-D68,128,1,Protected,0.1
P0707,1988,2005,17,15-19,CVA6,128,1,Protected,0.1
P0707,1988,2005,17,15-19,CVA16,32,1,Partially protected,0.5
P0707,1988,2010,22,20-39,EV-A71,256,1,Protected,0.1
P0707,1988,2010,22,20-39,EV-D68,64,1,Protected,0.1
P0707,1988,2010,22,20-39,CVA6,512,1,Protected,0.1
P0707,1988,2010,22,20-39,CVA16,128,1,Protected,0.1
P0707,1988,2015,27,20-39,EV-A71,512,1,Protected,0.1
P0707,1988,2015,27,20-39,EV-D68,512,1,Protected,0.1
P0707,1988,2015,27,20-39,CVA6,512,1,Protected,0.1
P0707,1988,2015,27,20-39,CVA16,256,1,Protected,0.1
P0707,1988,2020,32,20-39,EV-A71,512,1,Protected,0.1
P0707,1988,2020,32,20-39,EV-D68,256,1,Protected,0.1
P0707,1988,2020,32,20-39,CVA6,512,1,Protected,0.1
P0707,1988,2020,32,20-39,CVA16,256,1,Protected,0.1
P0707,1988,2025,37,20-39,EV-A71,512,1,Protected,0.1
P0707,1988,2025,37,20-39,EV-D68,256,1,Protected,0.1
P0707,1988,2025,37,20-39,CVA6,512,1,Protected,0.1
P0707,1988,2025,37,20-39,CVA16,256,1,Protected,0.1
P0708,1951,2005,54,40-59,EV-A71,256,1,Protected,0.1
P0708,1951,2005,54,40-59,EV-D68,64,1,Protected,0.1
P0708,1951,2005,54,40-59,CVA6,128,1,Protected,0.1
P0708,1951,2005,54,40-59,CVA16,128,1,Protected,0.1
P0708,1951,2010,59,40-59,EV-A71,512,1,Protected,0.1
P0708,1951,2010,59,40-59,EV-D68,128,1,Protected,0.1
P0708,1951,2010,59,40-59,CVA6,256,1,Protected,0.1
P0708,1951,2010,59,40-59,CVA16,128,1,Protected,0.1
P0708,1951,2015,64,60+,EV-A71,512,1,Protected,0.1
P0708,1951,2015,64,60+,EV-D68,256,1,Protected,0.1
P0708,1951,2015,64,60+,CVA6,512,1,Protected,0.1
P0708,1951,2015,64,60+,CVA16,256,1,Protected,0.1
P0708,1951,2020,69,60+,EV-A71,512,1,Protected,0.1
P0708,1951,2020,69,60+,EV-D68,512,1,Protected,0.1
P0708,1951,2020,69,60+,CVA6,256,1,Protected,0.1
P0708,1951,2020,69,60+,CVA16,512,1,Protected,0.1
P0708,1951,2025,74,60+,EV-A71,512,1,Protected,0.1
P0708,1951,2025,74,60+,EV-D68,256,1,Protected,0.1
P0708,1951,2025,74,60+,CVA6,512,1,Protected,0.1
P0708,1951,2025,74,60+,CVA16,256,1,Protected,0.1
P0709,2018,2020,2,0-4,EV-A71,64,1,Protected,0.1
P0709,2018,2020,2,0-4,EV-D68,32,1,Partially protected,0.5
P0709,2018,2020,2,0-4,CVA6,64,1,Protected,0.1
P0709,2018,2020,2,0-4,CVA16,64,1,Protected,0.1
P0709,2018,2025,7,5-9,EV-A71,256,1,Protected,0.1
P0709,2018,2025,7,5-9,EV-D68,64,1,Protected,0.1
P0709,2018,2025,7,5-9,CVA6,128,1,Protected,0.1
P0709,2018,2025,7,5-9,CVA16,32,1,Partially protected,0.5
P0710,1966,2005,39,20-39,EV-A71,256,1,Protected,0.1
P0710,1966,2005,39,20-39,EV-D68,128,1,Protected,0.1
P0710,1966,2005,39,20-39,CVA6,512,1,Protected,0.1
P0710,1966,2005,39,20-39,CVA16,64,1,Protected,0.1
P0710,1966,2010,44,40-59,EV-A71,512,1,Protected,0.1
P0710,1966,2010,44,40-59,EV-D68,256,1,Protected,0.1
P0710,1966,2010,44,40-59,CVA6,128,1,Protected,0.1
P0710,1966,2010,44,40-59,CVA16,128,1,Protected,0.1
P0710,1966,2015,49,40-59,EV-A71,512,1,Protected,0.1
P0710,1966,2015,49,40-59,EV-D68,128,1,Protected,0.1
P0710,1966,2015,49,40-59,CVA6,512,1,Protected,0.1
P0710,1966,2015,49,40-59,CVA16,256,1,Protected,0.1
P0710,1966,2020,54,40-59,EV-A71,256,1,Protected,0.1
P0710,1966,2020,54,40-59,EV-D68,256,1,Protected,0.1
P0710,1966,2020,54,40-59,CVA6,512,1,Protected,0.1
P0710,1966,2020,54,40-59,CVA16,512,1,Protected,0.1
P0710,1966,2025,59,40-59,EV-A71,512,1,Protected,0.1
P0710,1966,2025,59,40-59,EV-D68,256,1,Protected,0.1
P0710,1966,2025,59,40-59,CVA6,256,1,Protected,0.1
P0710,1966,2025,59,40-59,CVA16,128,1,Protected,0.1
P0711,1985,2005,20,20-39,EV-A71,256,1,Protected,0.1
P0711,1985,2005,20,20-39,EV-D68,128,1,Protected,0.1
P0711,1985,2005,20,20-39,CVA6,512,1,Protected,0.1
P0711,1985,2005,20,20-39,CVA16,64,1,Protected,0.1
P0711,1985,2010,25,20-39,EV-A71,256,1,Protected,0.1
P0711,1985,2010,25,20-39,EV-D68,128,1,Protected,0.1
P0711,1985,2010,25,20-39,CVA6,256,1,Protected,0.1
P0711,1985,2010,25,20-39,CVA16,128,1,Protected,0.1
P0711,1985,2015,30,20-39,EV-A71,512,1,Protected,0.1
P0711,1985,2015,30,20-39,EV-D68,256,1,Protected,0.1
P0711,1985,2015,30,20-39,CVA6,512,1,Protected,0.1
P0711,1985,2015,30,20-39,CVA16,256,1,Protected,0.1
P0711,1985,2020,35,20-39,EV-A71,512,1,Protected,0.1
P0711,1985,2020,35,20-39,EV-D68,128,1,Protected,0.1
P0711,1985,2020,35,20-39,CVA6,512,1,Protected,0.1
P0711,1985,2020,35,20-39,CVA16,128,1,Protected,0.1
P0711,1985,2025,40,40-59,EV-A71,512,1,Protected,0.1
P0711,1985,2025,40,40-59,EV-D68,256,1,Protected,0.1
P0711,1985,2025,40,40-59,CVA6,512,1,Protected,0.1
P0711,1985,2025,40,40-59,CVA16,256,1,Protected,0.1
P0712,1955,2005,50,40-59,EV-A71,256,1,Protected,0.1
P0712,1955,2005,50,40-59,EV-D68,128,1,Protected,0.1
P0712,1955,2005,50,40-59,CVA6,256,1,Protected,0.1
P0712,1955,2005,50,40-59,CVA16,128,1,Protected,0.1
P0712,1955,2010,55,40-59,EV-A71,256,1,Protected,0.1
P0712,1955,2010,55,40-59,EV-D68,128,1,Protected,0.1
P0712,1955,2010,55,40-59,CVA6,512,1,Protected,0.1
P0712,1955,2010,55,40-59,CVA16,128,1,Protected,0.1
P0712,1955,2015,60,60+,EV-A71,512,1,Protected,0.1
P0712,1955,2015,60,60+,EV-D68,128,1,Protected,0.1
P0712,1955,2015,60,60+,CVA6,512,1,Protected,0.1
P0712,1955,2015,60,60+,CVA16,256,1,Protected,0.1
P0712,1955,2020,65,60+,EV-A71,512,1,Protected,0.1
P0712,1955,2020,65,60+,EV-D68,256,1,Protected,0.1
P0712,1955,2020,65,60+,CVA6,256,1,Protected,0.1
P0712,1955,2020,65,60+,CVA16,256,1,Protected,0.1
P0712,1955,2025,70,60+,EV-A71,512,1,Protected,0.1
P0712,1955,2025,70,60+,EV-D68,512,1,Protected,0.1
P0712,1955,2025,70,60+,CVA6,512,1,Protected,0.1
P0712,1955,2025,70,60+,CVA16,256,1,Protected,0.1
P0713,1956,2005,49,40-59,EV-A71,256,1,Protected,0.1
P0713,1956,2005,49,40-59,EV-D68,128,1,Protected,0.1
P0713,1956,2005,49,40-59,CVA6,512,1,Protected,0.1
P0713,1956,2005,49,40-59,CVA16,128,1,Protected,0.1
P0713,1956,2010,54,40-59,EV-A71,256,1,Protected,0.1
P0713,1956,2010,54,40-59,EV-D68,128,1,Protected,0.1
P0713,1956,2010,54,40-59,CVA6,256,1,Protected,0.1
P0713,1956,2010,54,40-59,CVA16,128,1,Protected,0.1
P0713,1956,2015,59,40-59,EV-A71,512,1,Protected,0.1
P0713,1956,2015,59,40-59,EV-D68,256,1,Protected,0.1
P0713,1956,2015,59,40-59,CVA6,512,1,Protected,0.1
P0713,1956,2015,59,40-59,CVA16,256,1,Protected,0.1
P0713,1956,2020,64,60+,EV-A71,512,1,Protected,0.1
P0713,1956,2020,64,60+,EV-D68,256,1,Protected,0.1
P0713,1956,2020,64,60+,CVA6,512,1,Protected,0.1
P0713,1956,2020,64,60+,CVA16,128,1,Protected,0.1
P0713,1956,2025,69,60+,EV-A71,512,1,Protected,0.1
P0713,1956,2025,69,60+,EV-D68,512,1,Protected,0.1
P0713,1956,2025,69,60+,CVA6,512,1,Protected,0.1
P0713,1956,2025,69,60+,CVA16,256,1,Protected,0.1
P0714,2020,2020,0,0-4,EV-A71,256,1,Protected,0.1
P0714,2020,2020,0,0-4,EV-D68,32,1,Partially protected,0.5
P0714,2020,2020,0,0-4,CVA6,128,1,Protected,0.1
P0714,2020,2020,0,0-4,CVA16,64,1,Protected,0.1
P0714,2020,2025,5,5-9,EV-A71,256,1,Protected,0.1
P0714,2020,2025,5,5-9,EV-D68,128,1,Protected,0.1
P0714,2020,2025,5,5-9,CVA6,128,1,Protected,0.1
P0714,2020,2025,5,5-9,CVA16,64,1,Protected,0.1
P0715,1987,2005,18,15-19,EV-A71,256,1,Protected,0.1
P0715,1987,2005,18,15-19,EV-D68,64,1,Protected,0.1
P0715,1987,2005,18,15-19,CVA6,128,1,Protected,0.1
P0715,1987,2005,18,15-19,CVA16,64,1,Protected,0.1
P0715,1987,2010,23,20-39,EV-A71,512,1,Protected,0.1
P0715,1987,2010,23,20-39,EV-D68,256,1,Protected,0.1
P0715,1987,2010,23,20-39,CVA6,256,1,Protected,0.1
P0715,1987,2010,23,20-39,CVA16,256,1,Protected,0.1
P0715,1987,2015,28,20-39,EV-A71,512,1,Protected,0.1
P0715,1987,2015,28,20-39,EV-D68,256,1,Protected,0.1
P0715,1987,2015,28,20-39,CVA6,512,1,Protected,0.1
P0715,1987,2015,28,20-39,CVA16,256,1,Protected,0.1
P0715,1987,2020,33,20-39,EV-A71,512,1,Protected,0.1
P0715,1987,2020,33,20-39,EV-D68,256,1,Protected,0.1
P0715,1987,2020,33,20-39,CVA6,512,1,Protected,0.1
P0715,1987,2020,33,20-39,CVA16,256,1,Protected,0.1
P0715,1987,2025,38,20-39,EV-A71,512,1,Protected,0.1
P0715,1987,2025,38,20-39,EV-D68,128,1,Protected,0.1
P0715,1987,2025,38,20-39,CVA6,256,1,Protected,0.1
P0715,1987,2025,38,20-39,CVA16,256,1,Protected,0.1
P0716,1966,2005,39,20-39,EV-A71,256,1,Protected,0.1
P0716,1966,2005,39,20-39,EV-D68,128,1,Protected,0.1
P0716,1966,2005,39,20-39,CVA6,256,1,Protected,0.1
P0716,1966,2005,39,20-39,CVA16,128,1,Protected,0.1
P0716,1966,2010,44,40-59,EV-A71,256,1,Protected,0.1
P0716,1966,2010,44,40-59,EV-D68,128,1,Protected,0.1
P0716,1966,2010,44,40-59,CVA6,512,1,Protected,0.1
P0716,1966,2010,44,40-59,CVA16,64,1,Protected,0.1
P0716,1966,2015,49,40-59,EV-A71,512,1,Protected,0.1
P0716,1966,2015,49,40-59,EV-D68,256,1,Protected,0.1
P0716,1966,2015,49,40-59,CVA6,512,1,Protected,0.1
P0716,1966,2015,49,40-59,CVA16,256,1,Protected,0.1
P0716,1966,2020,54,40-59,EV-A71,512,1,Protected,0.1
P0716,1966,2020,54,40-59,EV-D68,128,1,Protected,0.1
P0716,1966,2020,54,40-59,CVA6,512,1,Protected,0.1
P0716,1966,2020,54,40-59,CVA16,256,1,Protected,0.1
P0716,1966,2025,59,40-59,EV-A71,512,1,Protected,0.1
P0716,1966,2025,59,40-59,EV-D68,256,1,Protected,0.1
P0716,1966,2025,59,40-59,CVA6,256,1,Protected,0.1
P0716,1966,2025,59,40-59,CVA16,256,1,Protected,0.1
P0717,2012,2015,3,0-4,EV-A71,64,1,Protected,0.1
P0717,2012,2015,3,0-4,EV-D68,64,1,Protected,0.1
P0717,2012,2015,3,0-4,CVA6,256,1,Protected,0.1
P0717,2012,2015,3,0-4,CVA16,32,1,Partially protected,0.5
P0717,2012,2020,8,5-9,EV-A71,128,1,Protected,0.1
P0717,2012,2020,8,5-9,EV-D68,128,1,Protected,0.1
P0717,2012,2020,8,5-9,CVA6,256,1,Protected,0.1
P0717,2012,2020,8,5-9,CVA16,128,1,Protected,0.1
P0717,2012,2025,13,10-14,EV-A71,128,1,Protected,0.1
P0717,2012,2025,13,10-14,EV-D68,64,1,Protected,0.1
P0717,2012,2025,13,10-14,CVA6,256,1,Protected,0.1
P0717,2012,2025,13,10-14,CVA16,256,1,Protected,0.1
P0718,1963,2005,42,40-59,EV-A71,512,1,Protected,0.1
P0718,1963,2005,42,40-59,EV-D68,128,1,Protected,0.1
P0718,1963,2005,42,40-59,CVA6,256,1,Protected,0.1
P0718,1963,2005,42,40-59,CVA16,128,1,Protected,0.1
P0718,1963,2010,47,40-59,EV-A71,256,1,Protected,0.1
P0718,1963,2010,47,40-59,EV-D68,128,1,Protected,0.1
P0718,1963,2010,47,40-59,CVA6,256,1,Protected,0.1
P0718,1963,2010,47,40-59,CVA16,128,1,Protected,0.1
P0718,1963,2015,52,40-59,EV-A71,512,1,Protected,0.1
P0718,1963,2015,52,40-59,EV-D68,128,1,Protected,0.1
P0718,1963,2015,52,40-59,CVA6,512,1,Protected,0.1
P0718,1963,2015,52,40-59,CVA16,256,1,Protected,0.1
P0718,1963,2020,57,40-59,EV-A71,512,1,Protected,0.1
P0718,1963,2020,57,40-59,EV-D68,256,1,Protected,0.1
P0718,1963,2020,57,40-59,CVA6,256,1,Protected,0.1
P0718,1963,2020,57,40-59,CVA16,256,1,Protected,0.1
P0718,1963,2025,62,60+,EV-A71,256,1,Protected,0.1
P0718,1963,2025,62,60+,EV-D68,256,1,Protected,0.1
P0718,1963,2025,62,60+,CVA6,512,1,Protected,0.1
P0718,1963,2025,62,60+,CVA16,256,1,Protected,0.1
P0719,1951,2005,54,40-59,EV-A71,128,1,Protected,0.1
P0719,1951,2005,54,40-59,EV-D68,128,1,Protected,0.1
P0719,1951,2005,54,40-59,CVA6,256,1,Protected,0.1
P0719,1951,2005,54,40-59,CVA16,128,1,Protected,0.1
P0719,1951,2010,59,40-59,EV-A71,512,1,Protected,0.1
P0719,1951,2010,59,40-59,EV-D68,256,1,Protected,0.1
P0719,1951,2010,59,40-59,CVA6,256,1,Protected,0.1
P0719,1951,2010,59,40-59,CVA16,128,1,Protected,0.1
P0719,1951,2015,64,60+,EV-A71,256,1,Protected,0.1
P0719,1951,2015,64,60+,EV-D68,512,1,Protected,0.1
P0719,1951,2015,64,60+,CVA6,256,1,Protected,0.1
P0719,1951,2015,64,60+,CVA16,256,1,Protected,0.1
P0719,1951,2020,69,60+,EV-A71,256,1,Protected,0.1
P0719,1951,2020,69,60+,EV-D68,256,1,Protected,0.1
P0719,1951,2020,69,60+,CVA6,512,1,Protected,0.1
P0719,1951,2020,69,60+,CVA16,128,1,Protected,0.1
P0719,1951,2025,74,60+,EV-A71,512,1,Protected,0.1
P0719,1951,2025,74,60+,EV-D68,128,1,Protected,0.1
P0719,1951,2025,74,60+,CVA6,512,1,Protected,0.1
P0719,1951,2025,74,60+,CVA16,256,1,Protected,0.1
P0720,1986,2005,19,15-19,EV-A71,64,1,Protected,0.1
P0720,1986,2005,19,15-19,EV-D68,128,1,Protected,0.1
P0720,1986,2005,19,15-19,CVA6,256,1,Protected,0.1
P0720,1986,2005,19,15-19,CVA16,64,1,Protected,0.1
P0720,1986,2010,24,20-39,EV-A71,512,1,Protected,0.1
P0720,1986,2010,24,20-39,EV-D68,128,1,Protected,0.1
P0720,1986,2010,24,20-39,CVA6,256,1,Protected,0.1
P0720,1986,2010,24,20-39,CVA16,256,1,Protected,0.1
P0720,1986,2015,29,20-39,EV-A71,256,1,Protected,0.1
P0720,1986,2015,29,20-39,EV-D68,512,1,Protected,0.1
P0720,1986,2015,29,20-39,CVA6,512,1,Protected,0.1
P0720,1986,2015,29,20-39,CVA16,128,1,Protected,0.1
P0720,1986,2020,34,20-39,EV-A71,512,1,Protected,0.1
P0720,1986,2020,34,20-39,EV-D68,256,1,Protected,0.1
P0720,1986,2020,34,20-39,CVA6,512,1,Protected,0.1
P0720,1986,2020,34,20-39,CVA16,512,1,Protected,0.1
P0720,1986,2025,39,20-39,EV-A71,512,1,Protected,0.1
P0720,1986,2025,39,20-39,EV-D68,128,1,Protected,0.1
P0720,1986,2025,39,20-39,CVA6,512,1,Protected,0.1
P0720,1986,2025,39,20-39,CVA16,256,1,Protected,0.1
P0721,2010,2010,0,0-4,EV-A71,128,1,Protected,0.1
P0721,2010,2010,0,0-4,EV-D68,32,1,Partially protected,0.5
P0721,2010,2010,0,0-4,CVA6,64,1,Protected,0.1
P0721,2010,2010,0,0-4,CVA16,32,1,Partially protected,0.5
P0721,2010,2015,5,5-9,EV-A71,128,1,Protected,0.1
P0721,2010,2015,5,5-9,EV-D68,128,1,Protected,0.1
P0721,2010,2015,5,5-9,CVA6,128,1,Protected,0.1
P0721,2010,2015,5,5-9,CVA16,128,1,Protected,0.1
P0721,2010,2020,10,10-14,EV-A71,256,1,Protected,0.1
P0721,2010,2020,10,10-14,EV-D68,128,1,Protected,0.1
P0721,2010,2020,10,10-14,CVA6,256,1,Protected,0.1
P0721,2010,2020,10,10-14,CVA16,256,1,Protected,0.1
P0721,2010,2025,15,15-19,EV-A71,256,1,Protected,0.1
P0721,2010,2025,15,15-19,EV-D68,128,1,Protected,0.1
P0721,2010,2025,15,15-19,CVA6,256,1,Protected,0.1
P0721,2010,2025,15,15-19,CVA16,256,1,Protected,0.1
P0722,2011,2015,4,0-4,EV-A71,256,1,Protected,0.1
P0722,2011,2015,4,0-4,EV-D68,64,1,Protected,0.1
P0722,2011,2015,4,0-4,CVA6,128,1,Protected,0.1
P0722,2011,2015,4,0-4,CVA16,32,1,Partially protected,0.5
P0722,2011,2020,9,5-9,EV-A71,128,1,Protected,0.1
P0722,2011,2020,9,5-9,EV-D68,64,1,Protected,0.1
P0722,2011,2020,9,5-9,CVA6,64,1,Protected,0.1
P0722,2011,2020,9,5-9,CVA16,64,1,Protected,0.1
P0722,2011,2025,14,10-14,EV-A71,512,1,Protected,0.1
P0722,2011,2025,14,10-14,EV-D68,128,1,Protected,0.1
P0722,2011,2025,14,10-14,CVA6,256,1,Protected,0.1
P0722,2011,2025,14,10-14,CVA16,128,1,Protected,0.1
P0723,2006,2010,4,0-4,EV-A71,64,1,Protected,0.1
P0723,2006,2010,4,0-4,EV-D68,16,0,Susceptible,1.0
P0723,2006,2010,4,0-4,CVA6,64,1,Protected,0.1
P0723,2006,2010,4,0-4,CVA16,32,1,Partially protected,0.5
P0723,2006,2015,9,5-9,EV-A71,64,1,Protected,0.1
P0723,2006,2015,9,5-9,EV-D68,64,1,Protected,0.1
P0723,2006,2015,9,5-9,CVA6,128,1,Protected,0.1
P0723,2006,2015,9,5-9,CVA16,128,1,Protected,0.1
P0723,2006,2020,14,10-14,EV-A71,256,1,Protected,0.1
P0723,2006,2020,14,10-14,EV-D68,128,1,Protected,0.1
P0723,2006,2020,14,10-14,CVA6,128,1,Protected,0.1
P0723,2006,2020,14,10-14,CVA16,128,1,Protected,0.1
P0723,2006,2025,19,15-19,EV-A71,256,1,Protected,0.1
P0723,2006,2025,19,15-19,EV-D68,128,1,Protected,0.1
P0723,2006,2025,19,15-19,CVA6,512,1,Protected,0.1
P0723,2006,2025,19,15-19,CVA16,128,1,Protected,0.1
P0724,1993,2005,12,10-14,EV-A71,128,1,Protected,0.1
P0724,1993,2005,12,10-14,EV-D68,128,1,Protected,0.1
P0724,1993,2005,12,10-14,CVA6,128,1,Protected,0.1
P0724,1993,2005,12,10-14,CVA16,32,1,Partially protected,0.5
P0724,1993,2010,17,15-19,EV-A71,128,1,Protected,0.1
P0724,1993,2010,17,15-19,EV-D68,128,1,Protected,0.1
P0724,1993,2010,17,15-19,CVA6,128,1,Protected,0.1
P0724,1993,2010,17,15-19,CVA16,128,1,Protected,0.1
P0724,1993,2015,22,20-39,EV-A71,512,1,Protected,0.1
P0724,1993,2015,22,20-39,EV-D68,256,1,Protected,0.1
P0724,1993,2015,22,20-39,CVA6,512,1,Protected,0.1
P0724,1993,2015,22,20-39,CVA16,256,1,Protected,0.1
P0724,1993,2020,27,20-39,EV-A71,512,1,Protected,0.1
P0724,1993,2020,27,20-39,EV-D68,256,1,Protected,0.1
P0724,1993,2020,27,20-39,CVA6,512,1,Protected,0.1
P0724,1993,2020,27,20-39,CVA16,512,1,Protected,0.1
P0724,1993,2025,32,20-39,EV-A71,512,1,Protected,0.1
P0724,1993,2025,32,20-39,EV-D68,256,1,Protected,0.1
P0724,1993,2025,32,20-39,CVA6,512,1,Protected,0.1
P0724,1993,2025,32,20-39,CVA16,256,1,Protected,0.1
P0725,1973,2005,32,20-39,EV-A71,512,1,Protected,0.1
P0725,1973,2005,32,20-39,EV-D68,128,1,Protected,0.1
P0725,1973,2005,32,20-39,CVA6,256,1,Protected,0.1
P0725,1973,2005,32,20-39,CVA16,128,1,Protected,0.1
P0725,1973,2010,37,20-39,EV-A71,256,1,Protected,0.1
P0725,1973,2010,37,20-39,EV-D68,128,1,Protected,0.1
P0725,1973,2010,37,20-39,CVA6,256,1,Protected,0.1
P0725,1973,2010,37,20-39,CVA16,128,1,Protected,0.1
P0725,1973,2015,42,40-59,EV-A71,512,1,Protected,0.1
P0725,1973,2015,42,40-59,EV-D68,256,1,Protected,0.1
P0725,1973,2015,42,40-59,CVA6,512,1,Protected,0.1
P0725,1973,2015,42,40-59,CVA16,256,1,Protected,0.1
P0725,1973,2020,47,40-59,EV-A71,512,1,Protected,0.1
P0725,1973,2020,47,40-59,EV-D68,256,1,Protected,0.1
P0725,1973,2020,47,40-59,CVA6,512,1,Protected,0.1
P0725,1973,2020,47,40-59,CVA16,256,1,Protected,0.1
P0725,1973,2025,52,40-59,EV-A71,512,1,Protected,0.1
P0725,1973,2025,52,40-59,EV-D68,256,1,Protected,0.1
P0725,1973,2025,52,40-59,CVA6,512,1,Protected,0.1
P0725,1973,2025,52,40-59,CVA16,128,1,Protected,0.1
P0726,1956,2005,49,40-59,EV-A71,256,1,Protected,0.1
P0726,1956,2005,49,40-59,EV-D68,64,1,Protected,0.1
P0726,1956,2005,49,40-59,CVA6,256,1,Protected,0.1
P0726,1956,2005,49,40-59,CVA16,128,1,Protected,0.1
P0726,1956,2010,54,40-59,EV-A71,256,1,Protected,0.1
P0726,1956,2010,54,40-59,EV-D68,128,1,Protected,0.1
P0726,1956,2010,54,40-59,CVA6,256,1,Protected,0.1
P0726,1956,2010,54,40-59,CVA16,64,1,Protected,0.1
P0726,1956,2015,59,40-59,EV-A71,512,1,Protected,0.1
P0726,1956,2015,59,40-59,EV-D68,256,1,Protected,0.1
P0726,1956,2015,59,40-59,CVA6,512,1,Protected,0.1
P0726,1956,2015,59,40-59,CVA16,256,1,Protected,0.1
P0726,1956,2020,64,60+,EV-A71,512,1,Protected,0.1
P0726,1956,2020,64,60+,EV-D68,128,1,Protected,0.1
P0726,1956,2020,64,60+,CVA6,512,1,Protected,0.1
P0726,1956,2020,64,60+,CVA16,256,1,Protected,0.1
P0726,1956,2025,69,60+,EV-A71,512,1,Protected,0.1
P0726,1956,2025,69,60+,EV-D68,256,1,Protected,0.1
P0726,1956,2025,69,60+,CVA6,512,1,Protected,0.1
P0726,1956,2025,69,60+,CVA16,512,1,Protected,0.1
P0727,1982,2005,23,20-39,EV-A71,256,1,Protected,0.1
P0727,1982,2005,23,20-39,EV-D68,128,1,Protected,0.1
P0727,1982,2005,23,20-39,CVA6,512,1,Protected,0.1
P0727,1982,2005,23,20-39,CVA16,256,1,Protected,0.1
P0727,1982,2010,28,20-39,EV-A71,256,1,Protected,0.1
P0727,1982,2010,28,20-39,EV-D68,128,1,Protected,0.1
P0727,1982,2010,28,20-39,CVA6,128,1,Protected,0.1
P0727,1982,2010,28,20-39,CVA16,64,1,Protected,0.1
P0727,1982,2015,33,20-39,EV-A71,512,1,Protected,0.1
P0727,1982,2015,33,20-39,EV-D68,256,1,Protected,0.1
P0727,1982,2015,33,20-39,CVA6,512,1,Protected,0.1
P0727,1982,2015,33,20-39,CVA16,256,1,Protected,0.1
P0727,1982,2020,38,20-39,EV-A71,512,1,Protected,0.1
P0727,1982,2020,38,20-39,EV-D68,256,1,Protected,0.1
P0727,1982,2020,38,20-39,CVA6,256,1,Protected,0.1
P0727,1982,2020,38,20-39,CVA16,256,1,Protected,0.1
P0727,1982,2025,43,40-59,EV-A71,512,1,Protected,0.1
P0727,1982,2025,43,40-59,EV-D68,256,1,Protected,0.1
P0727,1982,2025,43,40-59,CVA6,512,1,Protected,0.1
P0727,1982,2025,43,40-59,CVA16,512,1,Protected,0.1
P0728,2011,2015,4,0-4,EV-A71,256,1,Protected,0.1
P0728,2011,2015,4,0-4,EV-D68,64,1,Protected,0.1
P0728,2011,2015,4,0-4,CVA6,64,1,Protected,0.1
P0728,2011,2015,4,0-4,CVA16,32,1,Partially protected,0.5
P0728,2011,2020,9,5-9,EV-A71,64,1,Protected,0.1
P0728,2011,2020,9,5-9,EV-D68,64,1,Protected,0.1
P0728,2011,2020,9,5-9,CVA6,128,1,Protected,0.1
P0728,2011,2020,9,5-9,CVA16,128,1,Protected,0.1
P0728,2011,2025,14,10-14,EV-A71,256,1,Protected,0.1
P0728,2011,2025,14,10-14,EV-D68,128,1,Protected,0.1
P0728,2011,2025,14,10-14,CVA6,256,1,Protected,0.1
P0728,2011,2025,14,10-14,CVA16,64,1,Protected,0.1
P0729,1964,2005,41,40-59,EV-A71,256,1,Protected,0.1
P0729,1964,2005,41,40-59,EV-D68,128,1,Protected,0.1
P0729,1964,2005,41,40-59,CVA6,128,1,Protected,0.1
P0729,1964,2005,41,40-59,CVA16,128,1,Protected,0.1
P0729,1964,2010,46,40-59,EV-A71,256,1,Protected,0.1
P0729,1964,2010,46,40-59,EV-D68,128,1,Protected,0.1
P0729,1964,2010,46,40-59,CVA6,256,1,Protected,0.1
P0729,1964,2010,46,40-59,CVA16,256,1,Protected,0.1
P0729,1964,2015,51,40-59,EV-A71,512,1,Protected,0.1
P0729,1964,2015,51,40-59,EV-D68,512,1,Protected,0.1
P0729,1964,2015,51,40-59,CVA6,512,1,Protected,0.1
P0729,1964,2015,51,40-59,CVA16,512,1,Protected,0.1
P0729,1964,2020,56,40-59,EV-A71,256,1,Protected,0.1
P0729,1964,2020,56,40-59,EV-D68,256,1,Protected,0.1
P0729,1964,2020,56,40-59,CVA6,512,1,Protected,0.1
P0729,1964,2020,56,40-59,CVA16,256,1,Protected,0.1
P0729,1964,2025,61,60+,EV-A71,512,1,Protected,0.1
P0729,1964,2025,61,60+,EV-D68,512,1,Protected,0.1
P0729,1964,2025,61,60+,CVA6,512,1,Protected,0.1
P0729,1964,2025,61,60+,CVA16,512,1,Protected,0.1
P0730,1958,2005,47,40-59,EV-A71,512,1,Protected,0.1
P0730,1958,2005,47,40-59,EV-D68,128,1,Protected,0.1
P0730,1958,2005,47,40-59,CVA6,128,1,Protected,0.1
P0730,1958,2005,47,40-59,CVA16,128,1,Protected,0.1
P0730,1958,2010,52,40-59,EV-A71,128,1,Protected,0.1
P0730,1958,2010,52,40-59,EV-D68,128,1,Protected,0.1
P0730,1958,2010,52,40-59,CVA6,256,1,Protected,0.1
P0730,1958,2010,52,40-59,CVA16,128,1,Protected,0.1
P0730,1958,2015,57,40-59,EV-A71,512,1,Protected,0.1
P0730,1958,2015,57,40-59,EV-D68,256,1,Protected,0.1
P0730,1958,2015,57,40-59,CVA6,512,1,Protected,0.1
P0730,1958,2015,57,40-59,CVA16,256,1,Protected,0.1
P0730,1958,2020,62,60+,EV-A71,512,1,Protected,0.1
P0730,1958,2020,62,60+,EV-D68,256,1,Protected,0.1
P0730,1958,2020,62,60+,CVA6,512,1,Protected,0.1
P0730,1958,2020,62,60+,CVA16,256,1,Protected,0.1
P0730,1958,2025,67,60+,EV-A71,512,1,Protected,0.1
P0730,1958,2025,67,60+,EV-D68,256,1,Protected,0.1
P0730,1958,2025,67,60+,CVA6,512,1,Protected,0.1
P0730,1958,2025,67,60+,CVA16,512,1,Protected,0.1
P0731,2001,2005,4,0-4,EV-A71,32,1,Partially protected,0.5
P0731,2001,2005,4,0-4,EV-D68,32,1,Partially protected,0.5
P0731,2001,2005,4,0-4,CVA6,32,1,Partially protected,0.5
P0731,2001,2005,4,0-4,CVA16,32,1,Partially protected,0.5
P0731,2001,2010,9,5-9,EV-A71,64,1,Protected,0.1
P0731,2001,2010,9,5-9,EV-D68,32,1,Partially protected,0.5
P0731,2001,2010,9,5-9,CVA6,64,1,Protected,0.1
P0731,2001,2010,9,5-9,CVA16,16,0,Susceptible,1.0
P0731,2001,2015,14,10-14,EV-A71,512,1,Protected,0.1
P0731,2001,2015,14,10-14,EV-D68,64,1,Protected,0.1
P0731,2001,2015,14,10-14,CVA6,512,1,Protected,0.1
P0731,2001,2015,14,10-14,CVA16,128,1,Protected,0.1
P0731,2001,2020,19,15-19,EV-A71,128,1,Protected,0.1
P0731,2001,2020,19,15-19,EV-D68,256,1,Protected,0.1
P0731,2001,2020,19,15-19,CVA6,256,1,Protected,0.1
P0731,2001,2020,19,15-19,CVA16,64,1,Protected,0.1
P0731,2001,2025,24,20-39,EV-A71,512,1,Protected,0.1
P0731,2001,2025,24,20-39,EV-D68,256,1,Protected,0.1
P0731,2001,2025,24,20-39,CVA6,512,1,Protected,0.1
P0731,2001,2025,24,20-39,CVA16,256,1,Protected,0.1
P0732,2012,2015,3,0-4,EV-A71,128,1,Protected,0.1
P0732,2012,2015,3,0-4,EV-D68,128,1,Protected,0.1
P0732,2012,2015,3,0-4,CVA6,128,1,Protected,0.1
P0732,2012,2015,3,0-4,CVA16,32,1,Partially protected,0.5
P0732,2012,2020,8,5-9,EV-A71,64,1,Protected,0.1
P0732,2012,2020,8,5-9,EV-D68,128,1,Protected,0.1
P0732,2012,2020,8,5-9,CVA6,64,1,Protected,0.1
P0732,2012,2020,8,5-9,CVA16,128,1,Protected,0.1
P0732,2012,2025,13,10-14,EV-A71,128,1,Protected,0.1
P0732,2012,2025,13,10-14,EV-D68,256,1,Protected,0.1
P0732,2012,2025,13,10-14,CVA6,256,1,Protected,0.1
P0732,2012,2025,13,10-14,CVA16,256,1,Protected,0.1
P0733,1959,2005,46,40-59,EV-A71,128,1,Protected,0.1
P0733,1959,2005,46,40-59,EV-D68,256,1,Protected,0.1
P0733,1959,2005,46,40-59,CVA6,256,1,Protected,0.1
P0733,1959,2005,46,40-59,CVA16,256,1,Protected,0.1
P0733,1959,2010,51,40-59,EV-A71,256,1,Protected,0.1
P0733,1959,2010,51,40-59,EV-D68,64,1,Protected,0.1
P0733,1959,2010,51,40-59,CVA6,256,1,Protected,0.1
P0733,1959,2010,51,40-59,CVA16,128,1,Protected,0.1
P0733,1959,2015,56,40-59,EV-A71,512,1,Protected,0.1
P0733,1959,2015,56,40-59,EV-D68,256,1,Protected,0.1
P0733,1959,2015,56,40-59,CVA6,512,1,Protected,0.1
P0733,1959,2015,56,40-59,CVA16,256,1,Protected,0.1
P0733,1959,2020,61,60+,EV-A71,256,1,Protected,0.1
P0733,1959,2020,61,60+,EV-D68,256,1,Protected,0.1
P0733,1959,2020,61,60+,CVA6,512,1,Protected,0.1
P0733,1959,2020,61,60+,CVA16,256,1,Protected,0.1
P0733,1959,2025,66,60+,EV-A71,512,1,Protected,0.1
P0733,1959,2025,66,60+,EV-D68,512,1,Protected,0.1
P0733,1959,2025,66,60+,CVA6,512,1,Protected,0.1
P0733,1959,2025,66,60+,CVA16,128,1,Protected,0.1
P0734,1956,2005,49,40-59,EV-A71,256,1,Protected,0.1
P0734,1956,2005,49,40-59,EV-D68,256,1,Protected,0.1
P0734,1956,2005,49,40-59,CVA6,256,1,Protected,0.1
P0734,1956,2005,49,40-59,CVA16,64,1,Protected,0.1
P0734,1956,2010,54,40-59,EV-A71,512,1,Protected,0.1
P0734,1956,2010,54,40-59,EV-D68,128,1,Protected,0.1
P0734,1956,2010,54,40-59,CVA6,128,1,Protected,0.1
P0734,1956,2010,54,40-59,CVA16,64,1,Protected,0.1
P0734,1956,2015,59,40-59,EV-A71,512,1,Protected,0.1
P0734,1956,2015,59,40-59,EV-D68,256,1,Protected,0.1
P0734,1956,2015,59,40-59,CVA6,512,1,Protected,0.1
P0734,1956,2015,59,40-59,CVA16,256,1,Protected,0.1
P0734,1956,2020,64,60+,EV-A71,512,1,Protected,0.1
P0734,1956,2020,64,60+,EV-D68,256,1,Protected,0.1
P0734,1956,2020,64,60+,CVA6,512,1,Protected,0.1
P0734,1956,2020,64,60+,CVA16,256,1,Protected,0.1
P0734,1956,2025,69,60+,EV-A71,512,1,Protected,0.1
P0734,1956,2025,69,60+,EV-D68,256,1,Protected,0.1
P0734,1956,2025,69,60+,CVA6,512,1,Protected,0.1
P0734,1956,2025,69,60+,CVA16,512,1,Protected,0.1
P0735,1969,2005,36,20-39,EV-A71,256,1,Protected,0.1
P0735,1969,2005,36,20-39,EV-D68,256,1,Protected,0.1
P0735,1969,2005,36,20-39,CVA6,256,1,Protected,0.1
P0735,1969,2005,36,20-39,CVA16,128,1,Protected,0.1
P0735,1969,2010,41,40-59,EV-A71,256,1,Protected,0.1
P0735,1969,2010,41,40-59,EV-D68,128,1,Protected,0.1
P0735,1969,2010,41,40-59,CVA6,256,1,Protected,0.1
P0735,1969,2010,41,40-59,CVA16,128,1,Protected,0.1
P0735,1969,2015,46,40-59,EV-A71,256,1,Protected,0.1
P0735,1969,2015,46,40-59,EV-D68,128,1,Protected,0.1
P0735,1969,2015,46,40-59,CVA6,512,1,Protected,0.1
P0735,1969,2015,46,40-59,CVA16,512,1,Protected,0.1
P0735,1969,2020,51,40-59,EV-A71,256,1,Protected,0.1
P0735,1969,2020,51,40-59,EV-D68,256,1,Protected,0.1
P0735,1969,2020,51,40-59,CVA6,512,1,Protected,0.1
P0735,1969,2020,51,40-59,CVA16,256,1,Protected,0.1
P0735,1969,2025,56,40-59,EV-A71,256,1,Protected,0.1
P0735,1969,2025,56,40-59,EV-D68,256,1,Protected,0.1
P0735,1969,2025,56,40-59,CVA6,512,1,Protected,0.1
P0735,1969,2025,56,40-59,CVA16,256,1,Protected,0.1
P0736,1969,2005,36,20-39,EV-A71,256,1,Protected,0.1
P0736,1969,2005,36,20-39,EV-D68,128,1,Protected,0.1
P0736,1969,2005,36,20-39,CVA6,256,1,Protected,0.1
P0736,1969,2005,36,20-39,CVA16,128,1,Protected,0.1
P0736,1969,2010,41,40-59,EV-A71,256,1,Protected,0.1
P0736,1969,2010,41,40-59,EV-D68,128,1,Protected,0.1
P0736,1969,2010,41,40-59,CVA6,256,1,Protected,0.1
P0736,1969,2010,41,40-59,CVA16,128,1,Protected,0.1
P0736,1969,2015,46,40-59,EV-A71,512,1,Protected,0.1
P0736,1969,2015,46,40-59,EV-D68,128,1,Protected,0.1
P0736,1969,2015,46,40-59,CVA6,512,1,Protected,0.1
P0736,1969,2015,46,40-59,CVA16,256,1,Protected,0.1
P0736,1969,2020,51,40-59,EV-A71,256,1,Protected,0.1
P0736,1969,2020,51,40-59,EV-D68,256,1,Protected,0.1
P0736,1969,2020,51,40-59,CVA6,256,1,Protected,0.1
P0736,1969,2020,51,40-59,CVA16,256,1,Protected,0.1
P0736,1969,2025,56,40-59,EV-A71,512,1,Protected,0.1
P0736,1969,2025,56,40-59,EV-D68,256,1,Protected,0.1
P0736,1969,2025,56,40-59,CVA6,256,1,Protected,0.1
P0736,1969,2025,56,40-59,CVA16,256,1,Protected,0.1
P0737,1988,2005,17,15-19,EV-A71,128,1,Protected,0.1
P0737,1988,2005,17,15-19,EV-D68,64,1,Protected,0.1
P0737,1988,2005,17,15-19,CVA6,128,1,Protected,0.1
P0737,1988,2005,17,15-19,CVA16,64,1,Protected,0.1
P0737,1988,2010,22,20-39,EV-A71,256,1,Protected,0.1
P0737,1988,2010,22,20-39,EV-D68,256,1,Protected,0.1
P0737,1988,2010,22,20-39,CVA6,128,1,Protected,0.1
P0737,1988,2010,22,20-39,CVA16,64,1,Protected,0.1
P0737,1988,2015,27,20-39,EV-A71,512,1,Protected,0.1
P0737,1988,2015,27,20-39,EV-D68,512,1,Protected,0.1
P0737,1988,2015,27,20-39,CVA6,512,1,Protected,0.1
P0737,1988,2015,27,20-39,CVA16,512,1,Protected,0.1
P0737,1988,2020,32,20-39,EV-A71,256,1,Protected,0.1
P0737,1988,2020,32,20-39,EV-D68,256,1,Protected,0.1
P0737,1988,2020,32,20-39,CVA6,512,1,Protected,0.1
P0737,1988,2020,32,20-39,CVA16,128,1,Protected,0.1
P0737,1988,2025,37,20-39,EV-A71,512,1,Protected,0.1
P0737,1988,2025,37,20-39,EV-D68,512,1,Protected,0.1
P0737,1988,2025,37,20-39,CVA6,512,1,Protected,0.1
P0737,1988,2025,37,20-39,CVA16,256,1,Protected,0.1
P0738,1960,2005,45,40-59,EV-A71,256,1,Protected,0.1
P0738,1960,2005,45,40-59,EV-D68,128,1,Protected,0.1
P0738,1960,2005,45,40-59,CVA6,256,1,Protected,0.1
P0738,1960,2005,45,40-59,CVA16,64,1,Protected,0.1
P0738,1960,2010,50,40-59,EV-A71,512,1,Protected,0.1
P0738,1960,2010,50,40-59,EV-D68,128,1,Protected,0.1
P0738,1960,2010,50,40-59,CVA6,256,1,Protected,0.1
P0738,1960,2010,50,40-59,CVA16,128,1,Protected,0.1
P0738,1960,2015,55,40-59,EV-A71,512,1,Protected,0.1
P0738,1960,2015,55,40-59,EV-D68,128,1,Protected,0.1
P0738,1960,2015,55,40-59,CVA6,512,1,Protected,0.1
P0738,1960,2015,55,40-59,CVA16,128,1,Protected,0.1
P0738,1960,2020,60,60+,EV-A71,256,1,Protected,0.1
P0738,1960,2020,60,60+,EV-D68,256,1,Protected,0.1
P0738,1960,2020,60,60+,CVA6,512,1,Protected,0.1
P0738,1960,2020,60,60+,CVA16,256,1,Protected,0.1
P0738,1960,2025,65,60+,EV-A71,256,1,Protected,0.1
P0738,1960,2025,65,60+,EV-D68,256,1,Protected,0.1
P0738,1960,2025,65,60+,CVA6,512,1,Protected,0.1
P0738,1960,2025,65,60+,CVA16,256,1,Protected,0.1
P0739,1981,2005,24,20-39,EV-A71,128,1,Protected,0.1
P0739,1981,2005,24,20-39,EV-D68,128,1,Protected,0.1
P0739,1981,2005,24,20-39,CVA6,256,1,Protected,0.1
P0739,1981,2005,24,20-39,CVA16,128,1,Protected,0.1
P0739,1981,2010,29,20-39,EV-A71,128,1,Protected,0.1
P0739,1981,2010,29,20-39,EV-D68,128,1,Protected,0.1
P0739,1981,2010,29,20-39,CVA6,256,1,Protected,0.1
P0739,1981,2010,29,20-39,CVA16,64,1,Protected,0.1
P0739,1981,2015,34,20-39,EV-A71,512,1,Protected,0.1
P0739,1981,2015,34,20-39,EV-D68,256,1,Protected,0.1
P0739,1981,2015,34,20-39,CVA6,256,1,Protected,0.1
P0739,1981,2015,34,20-39,CVA16,256,1,Protected,0.1
P0739,1981,2020,39,20-39,EV-A71,512,1,Protected,0.1
P0739,1981,2020,39,20-39,EV-D68,256,1,Protected,0.1
P0739,1981,2020,39,20-39,CVA6,512,1,Protected,0.1
P0739,1981,2020,39,20-39,CVA16,128,1,Protected,0.1
P0739,1981,2025,44,40-59,EV-A71,512,1,Protected,0.1
P0739,1981,2025,44,40-59,EV-D68,512,1,Protected,0.1
P0739,1981,2025,44,40-59,CVA6,512,1,Protected,0.1
P0739,1981,2025,44,40-59,CVA16,256,1,Protected,0.1
P0740,1965,2005,40,40-59,EV-A71,256,1,Protected,0.1
P0740,1965,2005,40,40-59,EV-D68,64,1,Protected,0.1
P0740,1965,2005,40,40-59,CVA6,128,1,Protected,0.1
P0740,1965,2005,40,40-59,CVA16,256,1,Protected,0.1
P0740,1965,2010,45,40-59,EV-A71,256,1,Protected,0.1
P0740,1965,2010,45,40-59,EV-D68,128,1,Protected,0.1
P0740,1965,2010,45,40-59,CVA6,256,1,Protected,0.1
P0740,1965,2010,45,40-59,CVA16,256,1,Protected,0.1
P0740,1965,2015,50,40-59,EV-A71,512,1,Protected,0.1
P0740,1965,2015,50,40-59,EV-D68,256,1,Protected,0.1
P0740,1965,2015,50,40-59,CVA6,512,1,Protected,0.1
P0740,1965,2015,50,40-59,CVA16,256,1,Protected,0.1
P0740,1965,2020,55,40-59,EV-A71,512,1,Protected,0.1
P0740,1965,2020,55,40-59,EV-D68,512,1,Protected,0.1
P0740,1965,2020,55,40-59,CVA6,512,1,Protected,0.1
P0740,1965,2020,55,40-59,CVA16,256,1,Protected,0.1
P0740,1965,2025,60,60+,EV-A71,512,1,Protected,0.1
P0740,1965,2025,60,60+,EV-D68,128,1,Protected,0.1
P0740,1965,2025,60,60+,CVA6,512,1,Protected,0.1
P0740,1965,2025,60,60+,CVA16,128,1,Protected,0.1
P0741,2003,2005,2,0-4,EV-A71,64,1,Protected,0.1
P0741,2003,2005,2,0-4,EV-D68,32,1,Partially protected,0.5
P0741,2003,2005,2,0-4,CVA6,64,1,Protected,0.1
P0741,2003,2005,2,0-4,CVA16,32,1,Partially protected,0.5
P0741,2003,2010,7,5-9,EV-A71,64,1,Protected,0.1
P0741,2003,2010,7,5-9,EV-D68,32,1,Partially protected,0.5
P0741,2003,2010,7,5-9,CVA6,128,1,Protected,0.1
P0741,2003,2010,7,5-9,CVA16,32,1,Partially protected,0.5
P0741,2003,2015,12,10-14,EV-A71,128,1,Protected,0.1
P0741,2003,2015,12,10-14,EV-D68,64,1,Protected,0.1
P0741,2003,2015,12,10-14,CVA6,256,1,Protected,0.1
P0741,2003,2015,12,10-14,CVA16,64,1,Protected,0.1
P0741,2003,2020,17,15-19,EV-A71,256,1,Protected,0.1
P0741,2003,2020,17,15-19,EV-D68,64,1,Protected,0.1
P0741,2003,2020,17,15-19,CVA6,256,1,Protected,0.1
P0741,2003,2020,17,15-19,CVA16,128,1,Protected,0.1
P0741,2003,2025,22,20-39,EV-A71,256,1,Protected,0.1
P0741,2003,2025,22,20-39,EV-D68,512,1,Protected,0.1
P0741,2003,2025,22,20-39,CVA6,512,1,Protected,0.1
P0741,2003,2025,22,20-39,CVA16,512,1,Protected,0.1
P0742,1978,2005,27,20-39,EV-A71,512,1,Protected,0.1
P0742,1978,2005,27,20-39,EV-D68,128,1,Protected,0.1
P0742,1978,2005,27,20-39,CVA6,256,1,Protected,0.1
P0742,1978,2005,27,20-39,CVA16,64,1,Protected,0.1
P0742,1978,2010,32,20-39,EV-A71,128,1,Protected,0.1
P0742,1978,2010,32,20-39,EV-D68,128,1,Protected,0.1
P0742,1978,2010,32,20-39,CVA6,256,1,Protected,0.1
P0742,1978,2010,32,20-39,CVA16,64,1,Protected,0.1
P0742,1978,2015,37,20-39,EV-A71,512,1,Protected,0.1
P0742,1978,2015,37,20-39,EV-D68,128,1,Protected,0.1
P0742,1978,2015,37,20-39,CVA6,256,1,Protected,0.1
P0742,1978,2015,37,20-39,CVA16,256,1,Protected,0.1
P0742,1978,2020,42,40-59,EV-A71,512,1,Protected,0.1
P0742,1978,2020,42,40-59,EV-D68,256,1,Protected,0.1
P0742,1978,2020,42,40-59,CVA6,512,1,Protected,0.1
P0742,1978,2020,42,40-59,CVA16,256,1,Protected,0.1
P0742,1978,2025,47,40-59,EV-A71,512,1,Protected,0.1
P0742,1978,2025,47,40-59,EV-D68,512,1,Protected,0.1
P0742,1978,2025,47,40-59,CVA6,256,1,Protected,0.1
P0742,1978,2025,47,40-59,CVA16,256,1,Protected,0.1
P0743,2016,2020,4,0-4,EV-A71,128,1,Protected,0.1
P0743,2016,2020,4,0-4,EV-D68,64,1,Protected,0.1
P0743,2016,2020,4,0-4,CVA6,128,1,Protected,0.1
P0743,2016,2020,4,0-4,CVA16,64,1,Protected,0.1
P0743,2016,2025,9,5-9,EV-A71,128,1,Protected,0.1
P0743,2016,2025,9,5-9,EV-D68,128,1,Protected,0.1
P0743,2016,2025,9,5-9,CVA6,128,1,Protected,0.1
P0743,2016,2025,9,5-9,CVA16,128,1,Protected,0.1
P0744,1998,2005,7,5-9,EV-A71,32,1,Partially protected,0.5
P0744,1998,2005,7,5-9,EV-D68,32,1,Partially protected,0.5
P0744,1998,2005,7,5-9,CVA6,64,1,Protected,0.1
P0744,1998,2005,7,5-9,CVA16,64,1,Protected,0.1
P0744,1998,2010,12,10-14,EV-A71,128,1,Protected,0.1
P0744,1998,2010,12,10-14,EV-D68,64,1,Protected,0.1
P0744,1998,2010,12,10-14,CVA6,128,1,Protected,0.1
P0744,1998,2010,12,10-14,CVA16,128,1,Protected,0.1
P0744,1998,2015,17,15-19,EV-A71,256,1,Protected,0.1
P0744,1998,2015,17,15-19,EV-D68,128,1,Protected,0.1
P0744,1998,2015,17,15-19,CVA6,256,1,Protected,0.1
P0744,1998,2015,17,15-19,CVA16,64,1,Protected,0.1
P0744,1998,2020,22,20-39,EV-A71,256,1,Protected,0.1
P0744,1998,2020,22,20-39,EV-D68,256,1,Protected,0.1
P0744,1998,2020,22,20-39,CVA6,512,1,Protected,0.1
P0744,1998,2020,22,20-39,CVA16,512,1,Protected,0.1
P0744,1998,2025,27,20-39,EV-A71,256,1,Protected,0.1
P0744,1998,2025,27,20-39,EV-D68,256,1,Protected,0.1
P0744,1998,2025,27,20-39,CVA6,512,1,Protected,0.1
P0744,1998,2025,27,20-39,CVA16,256,1,Protected,0.1
P0745,2007,2010,3,0-4,EV-A71,64,1,Protected,0.1
P0745,2007,2010,3,0-4,EV-D68,32,1,Partially protected,0.5
P0745,2007,2010,3,0-4,CVA6,64,1,Protected,0.1
P0745,2007,2010,3,0-4,CVA16,32,1,Partially protected,0.5
P0745,2007,2015,8,5-9,EV-A71,256,1,Protected,0.1
P0745,2007,2015,8,5-9,EV-D68,128,1,Protected,0.1
P0745,2007,2015,8,5-9,CVA6,256,1,Protected,0.1
P0745,2007,2015,8,5-9,CVA16,128,1,Protected,0.1
P0745,2007,2020,13,10-14,EV-A71,256,1,Protected,0.1
P0745,2007,2020,13,10-14,EV-D68,128,1,Protected,0.1
P0745,2007,2020,13,10-14,CVA6,256,1,Protected,0.1
P0745,2007,2020,13,10-14,CVA16,128,1,Protected,0.1
P0745,2007,2025,18,15-19,EV-A71,256,1,Protected,0.1
P0745,2007,2025,18,15-19,EV-D68,128,1,Protected,0.1
P0745,2007,2025,18,15-19,CVA6,512,1,Protected,0.1
P0745,2007,2025,18,15-19,CVA16,64,1,Protected,0.1
P0746,2006,2010,4,0-4,EV-A71,64,1,Protected,0.1
P0746,2006,2010,4,0-4,EV-D68,16,0,Susceptible,1.0
P0746,2006,2010,4,0-4,CVA6,64,1,Protected,0.1
P0746,2006,2010,4,0-4,CVA16,32,1,Partially protected,0.5
P0746,2006,2015,9,5-9,EV-A71,64,1,Protected,0.1
P0746,2006,2015,9,5-9,EV-D68,64,1,Protected,0.1
P0746,2006,2015,9,5-9,CVA6,64,1,Protected,0.1
P0746,2006,2015,9,5-9,CVA16,64,1,Protected,0.1
P0746,2006,2020,14,10-14,EV-A71,256,1,Protected,0.1
P0746,2006,2020,14,10-14,EV-D68,128,1,Protected,0.1
P0746,2006,2020,14,10-14,CVA6,256,1,Protected,0.1
P0746,2006,2020,14,10-14,CVA16,64,1,Protected,0.1
P0746,2006,2025,19,15-19,EV-A71,512,1,Protected,0.1
P0746,2006,2025,19,15-19,EV-D68,128,1,Protected,0.1
P0746,2006,2025,19,15-19,CVA6,256,1,Protected,0.1
P0746,2006,2025,19,15-19,CVA16,128,1,Protected,0.1
P0747,1988,2005,17,15-19,EV-A71,128,1,Protected,0.1
P0747,1988,2005,17,15-19,EV-D68,128,1,Protected,0.1
P0747,1988,2005,17,15-19,CVA6,128,1,Protected,0.1
P0747,1988,2005,17,15-19,CVA16,64,1,Protected,0.1
P0747,1988,2010,22,20-39,EV-A71,256,1,Protected,0.1
P0747,1988,2010,22,20-39,EV-D68,128,1,Protected,0.1
P0747,1988,2010,22,20-39,CVA6,512,1,Protected,0.1
P0747,1988,2010,22,20-39,CVA16,128,1,Protected,0.1
P0747,1988,2015,27,20-39,EV-A71,512,1,Protected,0.1
P0747,1988,2015,27,20-39,EV-D68,256,1,Protected,0.1
P0747,1988,2015,27,20-39,CVA6,256,1,Protected,0.1
P0747,1988,2015,27,20-39,CVA16,256,1,Protected,0.1
P0747,1988,2020,32,20-39,EV-A71,512,1,Protected,0.1
P0747,1988,2020,32,20-39,EV-D68,256,1,Protected,0.1
P0747,1988,2020,32,20-39,CVA6,512,1,Protected,0.1
P0747,1988,2020,32,20-39,CVA16,256,1,Protected,0.1
P0747,1988,2025,37,20-39,EV-A71,512,1,Protected,0.1
P0747,1988,2025,37,20-39,EV-D68,256,1,Protected,0.1
P0747,1988,2025,37,20-39,CVA6,512,1,Protected,0.1
P0747,1988,2025,37,20-39,CVA16,512,1,Protected,0.1
P0748,2004,2005,1,0-4,EV-A71,64,1,Protected,0.1
P0748,2004,2005,1,0-4,EV-D68,16,0,Susceptible,1.0
P0748,2004,2005,1,0-4,CVA6,64,1,Protected,0.1
P0748,2004,2005,1,0-4,CVA16,64,1,Protected,0.1
P0748,2004,2010,6,5-9,EV-A71,64,1,Protected,0.1
P0748,2004,2010,6,5-9,EV-D68,16,0,Susceptible,1.0
P0748,2004,2010,6,5-9,CVA6,64,1,Protected,0.1
P0748,2004,2010,6,5-9,CVA16,32,1,Partially protected,0.5
P0748,2004,2015,11,10-14,EV-A71,128,1,Protected,0.1
P0748,2004,2015,11,10-14,EV-D68,256,1,Protected,0.1
P0748,2004,2015,11,10-14,CVA6,256,1,Protected,0.1
P0748,2004,2015,11,10-14,CVA16,64,1,Protected,0.1
P0748,2004,2020,16,15-19,EV-A71,256,1,Protected,0.1
P0748,2004,2020,16,15-19,EV-D68,128,1,Protected,0.1
P0748,2004,2020,16,15-19,CVA6,128,1,Protected,0.1
P0748,2004,2020,16,15-19,CVA16,64,1,Protected,0.1
P0748,2004,2025,21,20-39,EV-A71,512,1,Protected,0.1
P0748,2004,2025,21,20-39,EV-D68,256,1,Protected,0.1
P0748,2004,2025,21,20-39,CVA6,512,1,Protected,0.1
P0748,2004,2025,21,20-39,CVA16,256,1,Protected,0.1
P0749,1989,2005,16,15-19,EV-A71,128,1,Protected,0.1
P0749,1989,2005,16,15-19,EV-D68,64,1,Protected,0.1
P0749,1989,2005,16,15-19,CVA6,128,1,Protected,0.1
P0749,1989,2005,16,15-19,CVA16,128,1,Protected,0.1
P0749,1989,2010,21,20-39,EV-A71,128,1,Protected,0.1
P0749,1989,2010,21,20-39,EV-D68,256,1,Protected,0.1
P0749,1989,2010,21,20-39,CVA6,256,1,Protected,0.1
P0749,1989,2010,21,20-39,CVA16,128,1,Protected,0.1
P0749,1989,2015,26,20-39,EV-A71,512,1,Protected,0.1
P0749,1989,2015,26,20-39,EV-D68,256,1,Protected,0.1
P0749,1989,2015,26,20-39,CVA6,512,1,Protected,0.1
P0749,1989,2015,26,20-39,CVA16,256,1,Protected,0.1
P0749,1989,2020,31,20-39,EV-A71,256,1,Protected,0.1
P0749,1989,2020,31,20-39,EV-D68,256,1,Protected,0.1
P0749,1989,2020,31,20-39,CVA6,512,1,Protected,0.1
P0749,1989,2020,31,20-39,CVA16,512,1,Protected,0.1
P0749,1989,2025,36,20-39,EV-A71,512,1,Protected,0.1
P0749,1989,2025,36,20-39,EV-D68,256,1,Protected,0.1
P0749,1989,2025,36,20-39,CVA6,512,1,Protected,0.1
P0749,1989,2025,36,20-39,CVA16,512,1,Protected,0.1
P0750,1957,2005,48,40-59,EV-A71,512,1,Protected,0.1
P0750,1957,2005,48,40-59,EV-D68,64,1,Protected,0.1
P0750,1957,2005,48,40-59,CVA6,512,1,Protected,0.1
P0750,1957,2005,48,40-59,CVA16,128,1,Protected,0.1
P0750,1957,2010,53,40-59,EV-A71,512,1,Protected,0.1
P0750,1957,2010,53,40-59,EV-D68,128,1,Protected,0.1
P0750,1957,2010,53,40-59,CVA6,512,1,Protected,0.1
P0750,1957,2010,53,40-59,CVA16,128,1,Protected,0.1
P0750,1957,2015,58,40-59,EV-A71,512,1,Protected,0.1
P0750,1957,2015,58,40-59,EV-D68,256,1,Protected,0.1
P0750,1957,2015,58,40-59,CVA6,256,1,Protected,0.1
P0750,1957,2015,58,40-59,CVA16,256,1,Protected,0.1
P0750,1957,2020,63,60+,EV-A71,512,1,Protected,0.1
P0750,1957,2020,63,60+,EV-D68,256,1,Protected,0.1
P0750,1957,2020,63,60+,CVA6,512,1,Protected,0.1
P0750,1957,2020,63,60+,CVA16,512,1,Protected,0.1
P0750,1957,2025,68,60+,EV-A71,512,1,Protected,0.1
P0750,1957,2025,68,60+,EV-D68,256,1,Protected,0.1
P0750,1957,2025,68,60+,CVA6,512,1,Protected,0.1
P0750,1957,2025,68,60+,CVA16,256,1,Protected,0.1
P0751,1962,2005,43,40-59,EV-A71,128,1,Protected,0.1
P0751,1962,2005,43,40-59,EV-D68,128,1,Protected,0.1
P0751,1962,2005,43,40-59,CVA6,256,1,Protected,0.1
P0751,1962,2005,43,40-59,CVA16,128,1,Protected,0.1
P0751,1962,2010,48,40-59,EV-A71,512,1,Protected,0.1
P0751,1962,2010,48,40-59,EV-D68,128,1,Protected,0.1
P0751,1962,2010,48,40-59,CVA6,256,1,Protected,0.1
P0751,1962,2010,48,40-59,CVA16,128,1,Protected,0.1
P0751,1962,2015,53,40-59,EV-A71,512,1,Protected,0.1
P0751,1962,2015,53,40-59,EV-D68,256,1,Protected,0.1
P0751,1962,2015,53,40-59,CVA6,512,1,Protected,0.1
P0751,1962,2015,53,40-59,CVA16,128,1,Protected,0.1
P0751,1962,2020,58,40-59,EV-A71,256,1,Protected,0.1
P0751,1962,2020,58,40-59,EV-D68,256,1,Protected,0.1
P0751,1962,2020,58,40-59,CVA6,512,1,Protected,0.1
P0751,1962,2020,58,40-59,CVA16,256,1,Protected,0.1
P0751,1962,2025,63,60+,EV-A71,512,1,Protected,0.1
P0751,1962,2025,63,60+,EV-D68,512,1,Protected,0.1
P0751,1962,2025,63,60+,CVA6,512,1,Protected,0.1
P0751,1962,2025,63,60+,CVA16,128,1,Protected,0.1
P0752,1976,2005,29,20-39,EV-A71,128,1,Protected,0.1
P0752,1976,2005,29,20-39,EV-D68,128,1,Protected,0.1
P0752,1976,2005,29,20-39,CVA6,256,1,Protected,0.1
P0752,1976,2005,29,20-39,CVA16,128,1,Protected,0.1
P0752,1976,2010,34,20-39,EV-A71,256,1,Protected,0.1
P0752,1976,2010,34,20-39,EV-D68,128,1,Protected,0.1
P0752,1976,2010,34,20-39,CVA6,256,1,Protected,0.1
P0752,1976,2010,34,20-39,CVA16,128,1,Protected,0.1
P0752,1976,2015,39,20-39,EV-A71,512,1,Protected,0.1
P0752,1976,2015,39,20-39,EV-D68,256,1,Protected,0.1
P0752,1976,2015,39,20-39,CVA6,512,1,Protected,0.1
P0752,1976,2015,39,20-39,CVA16,512,1,Protected,0.1
P0752,1976,2020,44,40-59,EV-A71,512,1,Protected,0.1
P0752,1976,2020,44,40-59,EV-D68,256,1,Protected,0.1
P0752,1976,2020,44,40-59,CVA6,512,1,Protected,0.1
P0752,1976,2020,44,40-59,CVA16,128,1,Protected,0.1
P0752,1976,2025,49,40-59,EV-A71,512,1,Protected,0.1
P0752,1976,2025,49,40-59,EV-D68,256,1,Protected,0.1
P0752,1976,2025,49,40-59,CVA6,512,1,Protected,0.1
P0752,1976,2025,49,40-59,CVA16,256,1,Protected,0.1
P0753,1977,2005,28,20-39,EV-A71,128,1,Protected,0.1
P0753,1977,2005,28,20-39,EV-D68,256,1,Protected,0.1
P0753,1977,2005,28,20-39,CVA6,256,1,Protected,0.1
P0753,1977,2005,28,20-39,CVA16,128,1,Protected,0.1
P0753,1977,2010,33,20-39,EV-A71,256,1,Protected,0.1
P0753,1977,2010,33,20-39,EV-D68,128,1,Protected,0.1
P0753,1977,2010,33,20-39,CVA6,256,1,Protected,0.1
P0753,1977,2010,33,20-39,CVA16,128,1,Protected,0.1
P0753,1977,2015,38,20-39,EV-A71,256,1,Protected,0.1
P0753,1977,2015,38,20-39,EV-D68,128,1,Protected,0.1
P0753,1977,2015,38,20-39,CVA6,512,1,Protected,0.1
P0753,1977,2015,38,20-39,CVA16,256,1,Protected,0.1
P0753,1977,2020,43,40-59,EV-A71,512,1,Protected,0.1
P0753,1977,2020,43,40-59,EV-D68,128,1,Protected,0.1
P0753,1977,2020,43,40-59,CVA6,512,1,Protected,0.1
P0753,1977,2020,43,40-59,CVA16,256,1,Protected,0.1
P0753,1977,2025,48,40-59,EV-A71,512,1,Protected,0.1
P0753,1977,2025,48,40-59,EV-D68,256,1,Protected,0.1
P0753,1977,2025,48,40-59,CVA6,512,1,Protected,0.1
P0753,1977,2025,48,40-59,CVA16,128,1,Protected,0.1
P0754,1983,2005,22,20-39,EV-A71,512,1,Protected,0.1
P0754,1983,2005,22,20-39,EV-D68,256,1,Protected,0.1
P0754,1983,2005,22,20-39,CVA6,256,1,Protected,0.1
P0754,1983,2005,22,20-39,CVA16,128,1,Protected,0.1
P0754,1983,2010,27,20-39,EV-A71,128,1,Protected,0.1
P0754,1983,2010,27,20-39,EV-D68,128,1,Protected,0.1
P0754,1983,2010,27,20-39,CVA6,256,1,Protected,0.1
P0754,1983,2010,27,20-39,CVA16,64,1,Protected,0.1
P0754,1983,2015,32,20-39,EV-A71,512,1,Protected,0.1
P0754,1983,2015,32,20-39,EV-D68,256,1,Protected,0.1
P0754,1983,2015,32,20-39,CVA6,256,1,Protected,0.1
P0754,1983,2015,32,20-39,CVA16,256,1,Protected,0.1
P0754,1983,2020,37,20-39,EV-A71,512,1,Protected,0.1
P0754,1983,2020,37,20-39,EV-D68,512,1,Protected,0.1
P0754,1983,2020,37,20-39,CVA6,512,1,Protected,0.1
P0754,1983,2020,37,20-39,CVA16,256,1,Protected,0.1
P0754,1983,2025,42,40-59,EV-A71,512,1,Protected,0.1
P0754,1983,2025,42,40-59,EV-D68,256,1,Protected,0.1
P0754,1983,2025,42,40-59,CVA6,512,1,Protected,0.1
P0754,1983,2025,42,40-59,CVA16,128,1,Protected,0.1
P0755,1960,2005,45,40-59,EV-A71,128,1,Protected,0.1
P0755,1960,2005,45,40-59,EV-D68,256,1,Protected,0.1
P0755,1960,2005,45,40-59,CVA6,512,1,Protected,0.1
P0755,1960,2005,45,40-59,CVA16,128,1,Protected,0.1
P0755,1960,2010,50,40-59,EV-A71,256,1,Protected,0.1
P0755,1960,2010,50,40-59,EV-D68,128,1,Protected,0.1
P0755,1960,2010,50,40-59,CVA6,256,1,Protected,0.1
P0755,1960,2010,50,40-59,CVA16,128,1,Protected,0.1
P0755,1960,2015,55,40-59,EV-A71,256,1,Protected,0.1
P0755,1960,2015,55,40-59,EV-D68,128,1,Protected,0.1
P0755,1960,2015,55,40-59,CVA6,512,1,Protected,0.1
P0755,1960,2015,55,40-59,CVA16,256,1,Protected,0.1
P0755,1960,2020,60,60+,EV-A71,512,1,Protected,0.1
P0755,1960,2020,60,60+,EV-D68,512,1,Protected,0.1
P0755,1960,2020,60,60+,CVA6,512,1,Protected,0.1
P0755,1960,2020,60,60+,CVA16,256,1,Protected,0.1
P0755,1960,2025,65,60+,EV-A71,512,1,Protected,0.1
P0755,1960,2025,65,60+,EV-D68,256,1,Protected,0.1
P0755,1960,2025,65,60+,CVA6,256,1,Protected,0.1
P0755,1960,2025,65,60+,CVA16,128,1,Protected,0.1
P0756,1970,2005,35,20-39,EV-A71,128,1,Protected,0.1
P0756,1970,2005,35,20-39,EV-D68,128,1,Protected,0.1
P0756,1970,2005,35,20-39,CVA6,256,1,Protected,0.1
P0756,1970,2005,35,20-39,CVA16,256,1,Protected,0.1
P0756,1970,2010,40,40-59,EV-A71,256,1,Protected,0.1
P0756,1970,2010,40,40-59,EV-D68,128,1,Protected,0.1
P0756,1970,2010,40,40-59,CVA6,512,1,Protected,0.1
P0756,1970,2010,40,40-59,CVA16,128,1,Protected,0.1
P0756,1970,2015,45,40-59,EV-A71,512,1,Protected,0.1
P0756,1970,2015,45,40-59,EV-D68,128,1,Protected,0.1
P0756,1970,2015,45,40-59,CVA6,512,1,Protected,0.1
P0756,1970,2015,45,40-59,CVA16,512,1,Protected,0.1
P0756,1970,2020,50,40-59,EV-A71,512,1,Protected,0.1
P0756,1970,2020,50,40-59,EV-D68,512,1,Protected,0.1
P0756,1970,2020,50,40-59,CVA6,512,1,Protected,0.1
P0756,1970,2020,50,40-59,CVA16,512,1,Protected,0.1
P0756,1970,2025,55,40-59,EV-A71,512,1,Protected,0.1
P0756,1970,2025,55,40-59,EV-D68,256,1,Protected,0.1
P0756,1970,2025,55,40-59,CVA6,256,1,Protected,0.1
P0756,1970,2025,55,40-59,CVA16,512,1,Protected,0.1
P0757,1980,2005,25,20-39,EV-A71,128,1,Protected,0.1
P0757,1980,2005,25,20-39,EV-D68,256,1,Protected,0.1
P0757,1980,2005,25,20-39,CVA6,128,1,Protected,0.1
P0757,1980,2005,25,20-39,CVA16,256,1,Protected,0.1
P0757,1980,2010,30,20-39,EV-A71,128,1,Protected,0.1
P0757,1980,2010,30,20-39,EV-D68,64,1,Protected,0.1
P0757,1980,2010,30,20-39,CVA6,256,1,Protected,0.1
P0757,1980,2010,30,20-39,CVA16,128,1,Protected,0.1
P0757,1980,2015,35,20-39,EV-A71,512,1,Protected,0.1
P0757,1980,2015,35,20-39,EV-D68,512,1,Protected,0.1
P0757,1980,2015,35,20-39,CVA6,512,1,Protected,0.1
P0757,1980,2015,35,20-39,CVA16,256,1,Protected,0.1
P0757,1980,2020,40,40-59,EV-A71,256,1,Protected,0.1
P0757,1980,2020,40,40-59,EV-D68,256,1,Protected,0.1
P0757,1980,2020,40,40-59,CVA6,512,1,Protected,0.1
P0757,1980,2020,40,40-59,CVA16,256,1,Protected,0.1
P0757,1980,2025,45,40-59,EV-A71,512,1,Protected,0.1
P0757,1980,2025,45,40-59,EV-D68,512,1,Protected,0.1
P0757,1980,2025,45,40-59,CVA6,256,1,Protected,0.1
P0757,1980,2025,45,40-59,CVA16,256,1,Protected,0.1
P0758,1972,2005,33,20-39,EV-A71,256,1,Protected,0.1
P0758,1972,2005,33,20-39,EV-D68,64,1,Protected,0.1
P0758,1972,2005,33,20-39,CVA6,256,1,Protected,0.1
P0758,1972,2005,33,20-39,CVA16,256,1,Protected,0.1
P0758,1972,2010,38,20-39,EV-A71,256,1,Protected,0.1
P0758,1972,2010,38,20-39,EV-D68,64,1,Protected,0.1
P0758,1972,2010,38,20-39,CVA6,256,1,Protected,0.1
P0758,1972,2010,38,20-39,CVA16,64,1,Protected,0.1
P0758,1972,2015,43,40-59,EV-A71,512,1,Protected,0.1
P0758,1972,2015,43,40-59,EV-D68,256,1,Protected,0.1
P0758,1972,2015,43,40-59,CVA6,256,1,Protected,0.1
P0758,1972,2015,43,40-59,CVA16,256,1,Protected,0.1
P0758,1972,2020,48,40-59,EV-A71,512,1,Protected,0.1
P0758,1972,2020,48,40-59,EV-D68,256,1,Protected,0.1
P0758,1972,2020,48,40-59,CVA6,512,1,Protected,0.1
P0758,1972,2020,48,40-59,CVA16,256,1,Protected,0.1
P0758,1972,2025,53,40-59,EV-A71,512,1,Protected,0.1
P0758,1972,2025,53,40-59,EV-D68,256,1,Protected,0.1
P0758,1972,2025,53,40-59,CVA6,512,1,Protected,0.1
P0758,1972,2025,53,40-59,CVA16,128,1,Protected,0.1
P0759,2020,2020,0,0-4,EV-A71,128,1,Protected,0.1
P0759,2020,2020,0,0-4,EV-D68,64,1,Protected,0.1
P0759,2020,2020,0,0-4,CVA6,128,1,Protected,0.1
P0759,2020,2020,0,0-4,CVA16,64,1,Protected,0.1
P0759,2020,2025,5,5-9,EV-A71,128,1,Protected,0.1
P0759,2020,2025,5,5-9,EV-D68,128,1,Protected,0.1
P0759,2020,2025,5,5-9,CVA6,256,1,Protected,0.1
P0759,2020,2025,5,5-9,CVA16,64,1,Protected,0.1
P0760,1959,2005,46,40-59,EV-A71,256,1,Protected,0.1
P0760,1959,2005,46,40-59,EV-D68,128,1,Protected,0.1
P0760,1959,2005,46,40-59,CVA6,256,1,Protected,0.1
P0760,1959,2005,46,40-59,CVA16,128,1,Protected,0.1
P0760,1959,2010,51,40-59,EV-A71,128,1,Protected,0.1
P0760,1959,2010,51,40-59,EV-D68,128,1,Protected,0.1
P0760,1959,2010,51,40-59,CVA6,256,1,Protected,0.1
P0760,1959,2010,51,40-59,CVA16,256,1,Protected,0.1
P0760,1959,2015,56,40-59,EV-A71,512,1,Protected,0.1
P0760,1959,2015,56,40-59,EV-D68,256,1,Protected,0.1
P0760,1959,2015,56,40-59,CVA6,512,1,Protected,0.1
P0760,1959,2015,56,40-59,CVA16,256,1,Protected,0.1
P0760,1959,2020,61,60+,EV-A71,256,1,Protected,0.1
P0760,1959,2020,61,60+,EV-D68,128,1,Protected,0.1
P0760,1959,2020,61,60+,CVA6,512,1,Protected,0.1
P0760,1959,2020,61,60+,CVA16,256,1,Protected,0.1
P0760,1959,2025,66,60+,EV-A71,512,1,Protected,0.1
P0760,1959,2025,66,60+,EV-D68,256,1,Protected,0.1
P0760,1959,2025,66,60+,CVA6,512,1,Protected,0.1
P0760,1959,2025,66,60+,CVA16,256,1,Protected,0.1
P0761,1970,2005,35,20-39,EV-A71,256,1,Protected,0.1
P0761,1970,2005,35,20-39,EV-D68,128,1,Protected,0.1
P0761,1970,2005,35,20-39,CVA6,256,1,Protected,0.1
P0761,1970,2005,35,20-39,CVA16,128,1,Protected,0.1
P0761,1970,2010,40,40-59,EV-A71,256,1,Protected,0.1
P0761,1970,2010,40,40-59,EV-D68,128,1,Protected,0.1
P0761,1970,2010,40,40-59,CVA6,256,1,Protected,0.1
P0761,1970,2010,40,40-59,CVA16,128,1,Protected,0.1
P0761,1970,2015,45,40-59,EV-A71,512,1,Protected,0.1
P0761,1970,2015,45,40-59,EV-D68,256,1,Protected,0.1
P0761,1970,2015,45,40-59,CVA6,256,1,Protected,0.1
P0761,1970,2015,45,40-59,CVA16,128,1,Protected,0.1
P0761,1970,2020,50,40-59,EV-A71,512,1,Protected,0.1
P0761,1970,2020,50,40-59,EV-D68,512,1,Protected,0.1
P0761,1970,2020,50,40-59,CVA6,512,1,Protected,0.1
P0761,1970,2020,50,40-59,CVA16,512,1,Protected,0.1
P0761,1970,2025,55,40-59,EV-A71,512,1,Protected,0.1
P0761,1970,2025,55,40-59,EV-D68,256,1,Protected,0.1
P0761,1970,2025,55,40-59,CVA6,512,1,Protected,0.1
P0761,1970,2025,55,40-59,CVA16,512,1,Protected,0.1
P0762,1950,2005,55,40-59,EV-A71,256,1,Protected,0.1
P0762,1950,2005,55,40-59,EV-D68,128,1,Protected,0.1
P0762,1950,2005,55,40-59,CVA6,512,1,Protected,0.1
P0762,1950,2005,55,40-59,CVA16,64,1,Protected,0.1
P0762,1950,2010,60,60+,EV-A71,256,1,Protected,0.1
P0762,1950,2010,60,60+,EV-D68,64,1,Protected,0.1
P0762,1950,2010,60,60+,CVA6,128,1,Protected,0.1
P0762,1950,2010,60,60+,CVA16,256,1,Protected,0.1
P0762,1950,2015,65,60+,EV-A71,512,1,Protected,0.1
P0762,1950,2015,65,60+,EV-D68,256,1,Protected,0.1
P0762,1950,2015,65,60+,CVA6,512,1,Protected,0.1
P0762,1950,2015,65,60+,CVA16,256,1,Protected,0.1
P0762,1950,2020,70,60+,EV-A71,512,1,Protected,0.1
P0762,1950,2020,70,60+,EV-D68,256,1,Protected,0.1
P0762,1950,2020,70,60+,CVA6,512,1,Protected,0.1
P0762,1950,2020,70,60+,CVA16,256,1,Protected,0.1
P0762,1950,2025,75,60+,EV-A71,512,1,Protected,0.1
P0762,1950,2025,75,60+,EV-D68,128,1,Protected,0.1
P0762,1950,2025,75,60+,CVA6,512,1,Protected,0.1
P0762,1950,2025,75,60+,CVA16,512,1,Protected,0.1
P0763,2002,2005,3,0-4,EV-A71,128,1,Protected,0.1
P0763,2002,2005,3,0-4,EV-D68,16,0,Susceptible,1.0
P0763,2002,2005,3,0-4,CVA6,64,1,Protected,0.1
P0763,2002,2005,3,0-4,CVA16,32,1,Partially protected,0.5
P0763,2002,2010,8,5-9,EV-A71,64,1,Protected,0.1
P0763,2002,2010,8,5-9,EV-D68,16,0,Susceptible,1.0
P0763,2002,2010,8,5-9,CVA6,64,1,Protected,0.1
P0763,2002,2010,8,5-9,CVA16,64,1,Protected,0.1
P0763,2002,2015,13,10-14,EV-A71,256,1,Protected,0.1
P0763,2002,2015,13,10-14,EV-D68,128,1,Protected,0.1
P0763,2002,2015,13,10-14,CVA6,128,1,Protected,0.1
P0763,2002,2015,13,10-14,CVA16,128,1,Protected,0.1
P0763,2002,2020,18,15-19,EV-A71,256,1,Protected,0.1
P0763,2002,2020,18,15-19,EV-D68,128,1,Protected,0.1
P0763,2002,2020,18,15-19,CVA6,256,1,Protected,0.1
P0763,2002,2020,18,15-19,CVA16,128,1,Protected,0.1
P0763,2002,2025,23,20-39,EV-A71,512,1,Protected,0.1
P0763,2002,2025,23,20-39,EV-D68,256,1,Protected,0.1
P0763,2002,2025,23,20-39,CVA6,512,1,Protected,0.1
P0763,2002,2025,23,20-39,CVA16,128,1,Protected,0.1
P0764,2007,2010,3,0-4,EV-A71,64,1,Protected,0.1
P0764,2007,2010,3,0-4,EV-D68,32,1,Partially protected,0.5
P0764,2007,2010,3,0-4,CVA6,32,1,Partially protected,0.5
P0764,2007,2010,3,0-4,CVA16,64,1,Protected,0.1
P0764,2007,2015,8,5-9,EV-A71,128,1,Protected,0.1
P0764,2007,2015,8,5-9,EV-D68,64,1,Protected,0.1
P0764,2007,2015,8,5-9,CVA6,128,1,Protected,0.1
P0764,2007,2015,8,5-9,CVA16,128,1,Protected,0.1
P0764,2007,2020,13,10-14,EV-A71,512,1,Protected,0.1
P0764,2007,2020,13,10-14,EV-D68,256,1,Protected,0.1
P0764,2007,2020,13,10-14,CVA6,256,1,Protected,0.1
P0764,2007,2020,13,10-14,CVA16,128,1,Protected,0.1
P0764,2007,2025,18,15-19,EV-A71,256,1,Protected,0.1
P0764,2007,2025,18,15-19,EV-D68,256,1,Protected,0.1
P0764,2007,2025,18,15-19,CVA6,512,1,Protected,0.1
P0764,2007,2025,18,15-19,CVA16,128,1,Protected,0.1
P0765,2010,2010,0,0-4,EV-A71,128,1,Protected,0.1
P0765,2010,2010,0,0-4,EV-D68,32,1,Partially protected,0.5
P0765,2010,2010,0,0-4,CVA6,64,1,Protected,0.1
P0765,2010,2010,0,0-4,CVA16,32,1,Partially protected,0.5
P0765,2010,2015,5,5-9,EV-A71,128,1,Protected,0.1
P0765,2010,2015,5,5-9,EV-D68,64,1,Protected,0.1
P0765,2010,2015,5,5-9,CVA6,128,1,Protected,0.1
P0765,2010,2015,5,5-9,CVA16,64,1,Protected,0.1
P0765,2010,2020,10,10-14,EV-A71,256,1,Protected,0.1
P0765,2010,2020,10,10-14,EV-D68,128,1,Protected,0.1
P0765,2010,2020,10,10-14,CVA6,512,1,Protected,0.1
P0765,2010,2020,10,10-14,CVA16,128,1,Protected,0.1
P0765,2010,2025,15,15-19,EV-A71,128,1,Protected,0.1
P0765,2010,2025,15,15-19,EV-D68,128,1,Protected,0.1
P0765,2010,2025,15,15-19,CVA6,256,1,Protected,0.1
P0765,2010,2025,15,15-19,CVA16,128,1,Protected,0.1
P0766,1987,2005,18,15-19,EV-A71,256,1,Protected,0.1
P0766,1987,2005,18,15-19,EV-D68,128,1,Protected,0.1
P0766,1987,2005,18,15-19,CVA6,128,1,Protected,0.1
P0766,1987,2005,18,15-19,CVA16,32,1,Partially protected,0.5
P0766,1987,2010,23,20-39,EV-A71,512,1,Protected,0.1
P0766,1987,2010,23,20-39,EV-D68,128,1,Protected,0.1
P0766,1987,2010,23,20-39,CVA6,512,1,Protected,0.1
P0766,1987,2010,23,20-39,CVA16,128,1,Protected,0.1
P0766,1987,2015,28,20-39,EV-A71,256,1,Protected,0.1
P0766,1987,2015,28,20-39,EV-D68,512,1,Protected,0.1
P0766,1987,2015,28,20-39,CVA6,512,1,Protected,0.1
P0766,1987,2015,28,20-39,CVA16,256,1,Protected,0.1
P0766,1987,2020,33,20-39,EV-A71,512,1,Protected,0.1
P0766,1987,2020,33,20-39,EV-D68,256,1,Protected,0.1
P0766,1987,2020,33,20-39,CVA6,512,1,Protected,0.1
P0766,1987,2020,33,20-39,CVA16,256,1,Protected,0.1
P0766,1987,2025,38,20-39,EV-A71,512,1,Protected,0.1
P0766,1987,2025,38,20-39,EV-D68,128,1,Protected,0.1
P0766,1987,2025,38,20-39,CVA6,512,1,Protected,0.1
P0766,1987,2025,38,20-39,CVA16,512,1,Protected,0.1
P0767,1954,2005,51,40-59,EV-A71,256,1,Protected,0.1
P0767,1954,2005,51,40-59,EV-D68,128,1,Protected,0.1
P0767,1954,2005,51,40-59,CVA6,512,1,Protected,0.1
P0767,1954,2005,51,40-59,CVA16,128,1,Protected,0.1
P0767,1954,2010,56,40-59,EV-A71,128,1,Protected,0.1
P0767,1954,2010,56,40-59,EV-D68,128,1,Protected,0.1
P0767,1954,2010,56,40-59,CVA6,128,1,Protected,0.1
P0767,1954,2010,56,40-59,CVA16,256,1,Protected,0.1
P0767,1954,2015,61,60+,EV-A71,512,1,Protected,0.1
P0767,1954,2015,61,60+,EV-D68,512,1,Protected,0.1
P0767,1954,2015,61,60+,CVA6,256,1,Protected,0.1
P0767,1954,2015,61,60+,CVA16,256,1,Protected,0.1
P0767,1954,2020,66,60+,EV-A71,512,1,Protected,0.1
P0767,1954,2020,66,60+,EV-D68,256,1,Protected,0.1
P0767,1954,2020,66,60+,CVA6,256,1,Protected,0.1
P0767,1954,2020,66,60+,CVA16,256,1,Protected,0.1
P0767,1954,2025,71,60+,EV-A71,256,1,Protected,0.1
P0767,1954,2025,71,60+,EV-D68,256,1,Protected,0.1
P0767,1954,2025,71,60+,CVA6,512,1,Protected,0.1
P0767,1954,2025,71,60+,CVA16,256,1,Protected,0.1
P0768,1979,2005,26,20-39,EV-A71,128,1,Protected,0.1
P0768,1979,2005,26,20-39,EV-D68,256,1,Protected,0.1
P0768,1979,2005,26,20-39,CVA6,256,1,Protected,0.1
P0768,1979,2005,26,20-39,CVA16,128,1,Protected,0.1
P0768,1979,2010,31,20-39,EV-A71,256,1,Protected,0.1
P0768,1979,2010,31,20-39,EV-D68,128,1,Protected,0.1
P0768,1979,2010,31,20-39,CVA6,256,1,Protected,0.1
P0768,1979,2010,31,20-39,CVA16,128,1,Protected,0.1
P0768,1979,2015,36,20-39,EV-A71,512,1,Protected,0.1
P0768,1979,2015,36,20-39,EV-D68,512,1,Protected,0.1
P0768,1979,2015,36,20-39,CVA6,512,1,Protected,0.1
P0768,1979,2015,36,20-39,CVA16,256,1,Protected,0.1
P0768,1979,2020,41,40-59,EV-A71,512,1,Protected,0.1
P0768,1979,2020,41,40-59,EV-D68,512,1,Protected,0.1
P0768,1979,2020,41,40-59,CVA6,512,1,Protected,0.1
P0768,1979,2020,41,40-59,CVA16,256,1,Protected,0.1
P0768,1979,2025,46,40-59,EV-A71,512,1,Protected,0.1
P0768,1979,2025,46,40-59,EV-D68,512,1,Protected,0.1
P0768,1979,2025,46,40-59,CVA6,512,1,Protected,0.1
P0768,1979,2025,46,40-59,CVA16,256,1,Protected,0.1
P0769,1986,2005,19,15-19,EV-A71,64,1,Protected,0.1
P0769,1986,2005,19,15-19,EV-D68,128,1,Protected,0.1
P0769,1986,2005,19,15-19,CVA6,64,1,Protected,0.1
P0769,1986,2005,19,15-19,CVA16,64,1,Protected,0.1
P0769,1986,2010,24,20-39,EV-A71,512,1,Protected,0.1
P0769,1986,2010,24,20-39,EV-D68,64,1,Protected,0.1
P0769,1986,2010,24,20-39,CVA6,128,1,Protected,0.1
P0769,1986,2010,24,20-39,CVA16,256,1,Protected,0.1
P0769,1986,2015,29,20-39,EV-A71,256,1,Protected,0.1
P0769,1986,2015,29,20-39,EV-D68,512,1,Protected,0.1
P0769,1986,2015,29,20-39,CVA6,512,1,Protected,0.1
P0769,1986,2015,29,20-39,CVA16,256,1,Protected,0.1
P0769,1986,2020,34,20-39,EV-A71,512,1,Protected,0.1
P0769,1986,2020,34,20-39,EV-D68,256,1,Protected,0.1
P0769,1986,2020,34,20-39,CVA6,512,1,Protected,0.1
P0769,1986,2020,34,20-39,CVA16,256,1,Protected,0.1
P0769,1986,2025,39,20-39,EV-A71,512,1,Protected,0.1
P0769,1986,2025,39,20-39,EV-D68,128,1,Protected,0.1
P0769,1986,2025,39,20-39,CVA6,512,1,Protected,0.1
P0769,1986,2025,39,20-39,CVA16,128,1,Protected,0.1
P0770,1986,2005,19,15-19,EV-A71,128,1,Protected,0.1
P0770,1986,2005,19,15-19,EV-D68,32,1,Partially protected,0.5
P0770,1986,2005,19,15-19,CVA6,64,1,Protected,0.1
P0770,1986,2005,19,15-19,CVA16,64,1,Protected,0.1
P0770,1986,2010,24,20-39,EV-A71,512,1,Protected,0.1
P0770,1986,2010,24,20-39,EV-D68,128,1,Protected,0.1
P0770,1986,2010,24,20-39,CVA6,256,1,Protected,0.1
P0770,1986,2010,24,20-39,CVA16,128,1,Protected,0.1
P0770,1986,2015,29,20-39,EV-A71,512,1,Protected,0.1
P0770,1986,2015,29,20-39,EV-D68,256,1,Protected,0.1
P0770,1986,2015,29,20-39,CVA6,512,1,Protected,0.1
P0770,1986,2015,29,20-39,CVA16,256,1,Protected,0.1
P0770,1986,2020,34,20-39,EV-A71,256,1,Protected,0.1
P0770,1986,2020,34,20-39,EV-D68,256,1,Protected,0.1
P0770,1986,2020,34,20-39,CVA6,512,1,Protected,0.1
P0770,1986,2020,34,20-39,CVA16,256,1,Protected,0.1
P0770,1986,2025,39,20-39,EV-A71,512,1,Protected,0.1
P0770,1986,2025,39,20-39,EV-D68,256,1,Protected,0.1
P0770,1986,2025,39,20-39,CVA6,512,1,Protected,0.1
P0770,1986,2025,39,20-39,CVA16,128,1,Protected,0.1
P0771,2008,2010,2,0-4,EV-A71,64,1,Protected,0.1
P0771,2008,2010,2,0-4,EV-D68,32,1,Partially protected,0.5
P0771,2008,2010,2,0-4,CVA6,64,1,Protected,0.1
P0771,2008,2010,2,0-4,CVA16,32,1,Partially protected,0.5
P0771,2008,2015,7,5-9,EV-A71,128,1,Protected,0.1
P0771,2008,2015,7,5-9,EV-D68,64,1,Protected,0.1
P0771,2008,2015,7,5-9,CVA6,64,1,Protected,0.1
P0771,2008,2015,7,5-9,CVA16,64,1,Protected,0.1
P0771,2008,2020,12,10-14,EV-A71,256,1,Protected,0.1
P0771,2008,2020,12,10-14,EV-D68,64,1,Protected,0.1
P0771,2008,2020,12,10-14,CVA6,512,1,Protected,0.1
P0771,2008,2020,12,10-14,CVA16,128,1,Protected,0.1
P0771,2008,2025,17,15-19,EV-A71,128,1,Protected,0.1
P0771,2008,2025,17,15-19,EV-D68,256,1,Protected,0.1
P0771,2008,2025,17,15-19,CVA6,128,1,Protected,0.1
P0771,2008,2025,17,15-19,CVA16,256,1,Protected,0.1
P0772,1959,2005,46,40-59,EV-A71,128,1,Protected,0.1
P0772,1959,2005,46,40-59,EV-D68,128,1,Protected,0.1
P0772,1959,2005,46,40-59,CVA6,128,1,Protected,0.1
P0772,1959,2005,46,40-59,CVA16,128,1,Protected,0.1
P0772,1959,2010,51,40-59,EV-A71,128,1,Protected,0.1
P0772,1959,2010,51,40-59,EV-D68,256,1,Protected,0.1
P0772,1959,2010,51,40-59,CVA6,128,1,Protected,0.1
P0772,1959,2010,51,40-59,CVA16,64,1,Protected,0.1
P0772,1959,2015,56,40-59,EV-A71,512,1,Protected,0.1
P0772,1959,2015,56,40-59,EV-D68,256,1,Protected,0.1
P0772,1959,2015,56,40-59,CVA6,512,1,Protected,0.1
P0772,1959,2015,56,40-59,CVA16,128,1,Protected,0.1
P0772,1959,2020,61,60+,EV-A71,512,1,Protected,0.1
P0772,1959,2020,61,60+,EV-D68,512,1,Protected,0.1
P0772,1959,2020,61,60+,CVA6,512,1,Protected,0.1
P0772,1959,2020,61,60+,CVA16,128,1,Protected,0.1
P0772,1959,2025,66,60+,EV-A71,512,1,Protected,0.1
P0772,1959,2025,66,60+,EV-D68,256,1,Protected,0.1
P0772,1959,2025,66,60+,CVA6,512,1,Protected,0.1
P0772,1959,2025,66,60+,CVA16,256,1,Protected,0.1
P0773,1979,2005,26,20-39,EV-A71,256,1,Protected,0.1
P0773,1979,2005,26,20-39,EV-D68,256,1,Protected,0.1
P0773,1979,2005,26,20-39,CVA6,256,1,Protected,0.1
P0773,1979,2005,26,20-39,CVA16,128,1,Protected,0.1
P0773,1979,2010,31,20-39,EV-A71,128,1,Protected,0.1
P0773,1979,2010,31,20-39,EV-D68,128,1,Protected,0.1
P0773,1979,2010,31,20-39,CVA6,512,1,Protected,0.1
P0773,1979,2010,31,20-39,CVA16,128,1,Protected,0.1
P0773,1979,2015,36,20-39,EV-A71,512,1,Protected,0.1
P0773,1979,2015,36,20-39,EV-D68,256,1,Protected,0.1
P0773,1979,2015,36,20-39,CVA6,512,1,Protected,0.1
P0773,1979,2015,36,20-39,CVA16,256,1,Protected,0.1
P0773,1979,2020,41,40-59,EV-A71,512,1,Protected,0.1
P0773,1979,2020,41,40-59,EV-D68,256,1,Protected,0.1
P0773,1979,2020,41,40-59,CVA6,512,1,Protected,0.1
P0773,1979,2020,41,40-59,CVA16,128,1,Protected,0.1
P0773,1979,2025,46,40-59,EV-A71,512,1,Protected,0.1
P0773,1979,2025,46,40-59,EV-D68,128,1,Protected,0.1
P0773,1979,2025,46,40-59,CVA6,512,1,Protected,0.1
P0773,1979,2025,46,40-59,CVA16,128,1,Protected,0.1
P0774,1983,2005,22,20-39,EV-A71,256,1,Protected,0.1
P0774,1983,2005,22,20-39,EV-D68,128,1,Protected,0.1
P0774,1983,2005,22,20-39,CVA6,128,1,Protected,0.1
P0774,1983,2005,22,20-39,CVA16,128,1,Protected,0.1
P0774,1983,2010,27,20-39,EV-A71,256,1,Protected,0.1
P0774,1983,2010,27,20-39,EV-D68,256,1,Protected,0.1
P0774,1983,2010,27,20-39,CVA6,512,1,Protected,0.1
P0774,1983,2010,27,20-39,CVA16,128,1,Protected,0.1
P0774,1983,2015,32,20-39,EV-A71,256,1,Protected,0.1
P0774,1983,2015,32,20-39,EV-D68,256,1,Protected,0.1
P0774,1983,2015,32,20-39,CVA6,512,1,Protected,0.1
P0774,1983,2015,32,20-39,CVA16,512,1,Protected,0.1
P0774,1983,2020,37,20-39,EV-A71,512,1,Protected,0.1
P0774,1983,2020,37,20-39,EV-D68,512,1,Protected,0.1
P0774,1983,2020,37,20-39,CVA6,512,1,Protected,0.1
P0774,1983,2020,37,20-39,CVA16,256,1,Protected,0.1
P0774,1983,2025,42,40-59,EV-A71,512,1,Protected,0.1
P0774,1983,2025,42,40-59,EV-D68,256,1,Protected,0.1
P0774,1983,2025,42,40-59,CVA6,512,1,Protected,0.1
P0774,1983,2025,42,40-59,CVA16,128,1,Protected,0.1
P0775,1975,2005,30,20-39,EV-A71,512,1,Protected,0.1
P0775,1975,2005,30,20-39,EV-D68,64,1,Protected,0.1
P0775,1975,2005,30,20-39,CVA6,256,1,Protected,0.1
P0775,1975,2005,30,20-39,CVA16,128,1,Protected,0.1
P0775,1975,2010,35,20-39,EV-A71,256,1,Protected,0.1
P0775,1975,2010,35,20-39,EV-D68,128,1,Protected,0.1
P0775,1975,2010,35,20-39,CVA6,256,1,Protected,0.1
P0775,1975,2010,35,20-39,CVA16,128,1,Protected,0.1
P0775,1975,2015,40,40-59,EV-A71,512,1,Protected,0.1
P0775,1975,2015,40,40-59,EV-D68,256,1,Protected,0.1
P0775,1975,2015,40,40-59,CVA6,256,1,Protected,0.1
P0775,1975,2015,40,40-59,CVA16,256,1,Protected,0.1
P0775,1975,2020,45,40-59,EV-A71,256,1,Protected,0.1
P0775,1975,2020,45,40-59,EV-D68,256,1,Protected,0.1
P0775,1975,2020,45,40-59,CVA6,512,1,Protected,0.1
P0775,1975,2020,45,40-59,CVA16,128,1,Protected,0.1
P0775,1975,2025,50,40-59,EV-A71,512,1,Protected,0.1
P0775,1975,2025,50,40-59,EV-D68,128,1,Protected,0.1
P0775,1975,2025,50,40-59,CVA6,512,1,Protected,0.1
P0775,1975,2025,50,40-59,CVA16,512,1,Protected,0.1
P0776,2004,2005,1,0-4,EV-A71,128,1,Protected,0.1
P0776,2004,2005,1,0-4,EV-D68,64,1,Protected,0.1
P0776,2004,2005,1,0-4,CVA6,128,1,Protected,0.1
P0776,2004,2005,1,0-4,CVA16,64,1,Protected,0.1
P0776,2004,2010,6,5-9,EV-A71,64,1,Protected,0.1
P0776,2004,2010,6,5-9,EV-D68,64,1,Protected,0.1
P0776,2004,2010,6,5-9,CVA6,64,1,Protected,0.1
P0776,2004,2010,6,5-9,CVA16,32,1,Partially protected,0.5
P0776,2004,2015,11,10-14,EV-A71,256,1,Protected,0.1
P0776,2004,2015,11,10-14,EV-D68,128,1,Protected,0.1
P0776,2004,2015,11,10-14,CVA6,256,1,Protected,0.1
P0776,2004,2015,11,10-14,CVA16,128,1,Protected,0.1
P0776,2004,2020,16,15-19,EV-A71,256,1,Protected,0.1
P0776,2004,2020,16,15-19,EV-D68,128,1,Protected,0.1
P0776,2004,2020,16,15-19,CVA6,256,1,Protected,0.1
P0776,2004,2020,16,15-19,CVA16,128,1,Protected,0.1
P0776,2004,2025,21,20-39,EV-A71,512,1,Protected,0.1
P0776,2004,2025,21,20-39,EV-D68,128,1,Protected,0.1
P0776,2004,2025,21,20-39,CVA6,512,1,Protected,0.1
P0776,2004,2025,21,20-39,CVA16,128,1,Protected,0.1
P0777,1964,2005,41,40-59,EV-A71,256,1,Protected,0.1
P0777,1964,2005,41,40-59,EV-D68,64,1,Protected,0.1
P0777,1964,2005,41,40-59,CVA6,256,1,Protected,0.1
P0777,1964,2005,41,40-59,CVA16,256,1,Protected,0.1
P0777,1964,2010,46,40-59,EV-A71,256,1,Protected,0.1
P0777,1964,2010,46,40-59,EV-D68,256,1,Protected,0.1
P0777,1964,2010,46,40-59,CVA6,256,1,Protected,0.1
P0777,1964,2010,46,40-59,CVA16,128,1,Protected,0.1
P0777,1964,2015,51,40-59,EV-A71,512,1,Protected,0.1
P0777,1964,2015,51,40-59,EV-D68,256,1,Protected,0.1
P0777,1964,2015,51,40-59,CVA6,256,1,Protected,0.1
P0777,1964,2015,51,40-59,CVA16,512,1,Protected,0.1
P0777,1964,2020,56,40-59,EV-A71,256,1,Protected,0.1
P0777,1964,2020,56,40-59,EV-D68,256,1,Protected,0.1
P0777,1964,2020,56,40-59,CVA6,256,1,Protected,0.1
P0777,1964,2020,56,40-59,CVA16,256,1,Protected,0.1
P0777,1964,2025,61,60+,EV-A71,512,1,Protected,0.1
P0777,1964,2025,61,60+,EV-D68,512,1,Protected,0.1
P0777,1964,2025,61,60+,CVA6,512,1,Protected,0.1
P0777,1964,2025,61,60+,CVA16,256,1,Protected,0.1
P0778,2019,2020,1,0-4,EV-A71,128,1,Protected,0.1
P0778,2019,2020,1,0-4,EV-D68,32,1,Partially protected,0.5
P0778,2019,2020,1,0-4,CVA6,256,1,Protected,0.1
P0778,2019,2020,1,0-4,CVA16,32,1,Partially protected,0.5
P0778,2019,2025,6,5-9,EV-A71,64,1,Protected,0.1
P0778,2019,2025,6,5-9,EV-D68,64,1,Protected,0.1
P0778,2019,2025,6,5-9,CVA6,128,1,Protected,0.1
P0778,2019,2025,6,5-9,CVA16,64,1,Protected,0.1
P0779,1978,2005,27,20-39,EV-A71,256,1,Protected,0.1
P0779,1978,2005,27,20-39,EV-D68,256,1,Protected,0.1
P0779,1978,2005,27,20-39,CVA6,128,1,Protected,0.1
P0779,1978,2005,27,20-39,CVA16,128,1,Protected,0.1
P0779,1978,2010,32,20-39,EV-A71,512,1,Protected,0.1
P0779,1978,2010,32,20-39,EV-D68,256,1,Protected,0.1
P0779,1978,2010,32,20-39,CVA6,256,1,Protected,0.1
P0779,1978,2010,32,20-39,CVA16,256,1,Protected,0.1
P0779,1978,2015,37,20-39,EV-A71,512,1,Protected,0.1
P0779,1978,2015,37,20-39,EV-D68,128,1,Protected,0.1
P0779,1978,2015,37,20-39,CVA6,512,1,Protected,0.1
P0779,1978,2015,37,20-39,CVA16,128,1,Protected,0.1
P0779,1978,2020,42,40-59,EV-A71,512,1,Protected,0.1
P0779,1978,2020,42,40-59,EV-D68,256,1,Protected,0.1
P0779,1978,2020,42,40-59,CVA6,512,1,Protected,0.1
P0779,1978,2020,42,40-59,CVA16,256,1,Protected,0.1
P0779,1978,2025,47,40-59,EV-A71,256,1,Protected,0.1
P0779,1978,2025,47,40-59,EV-D68,256,1,Protected,0.1
P0779,1978,2025,47,40-59,CVA6,512,1,Protected,0.1
P0779,1978,2025,47,40-59,CVA16,256,1,Protected,0.1
P0780,1969,2005,36,20-39,EV-A71,512,1,Protected,0.1
P0780,1969,2005,36,20-39,EV-D68,256,1,Protected,0.1
P0780,1969,2005,36,20-39,CVA6,128,1,Protected,0.1
P0780,1969,2005,36,20-39,CVA16,64,1,Protected,0.1
P0780,1969,2010,41,40-59,EV-A71,256,1,Protected,0.1
P0780,1969,2010,41,40-59,EV-D68,128,1,Protected,0.1
P0780,1969,2010,41,40-59,CVA6,128,1,Protected,0.1
P0780,1969,2010,41,40-59,CVA16,128,1,Protected,0.1
P0780,1969,2015,46,40-59,EV-A71,256,1,Protected,0.1
P0780,1969,2015,46,40-59,EV-D68,256,1,Protected,0.1
P0780,1969,2015,46,40-59,CVA6,512,1,Protected,0.1
P0780,1969,2015,46,40-59,CVA16,256,1,Protected,0.1
P0780,1969,2020,51,40-59,EV-A71,512,1,Protected,0.1
P0780,1969,2020,51,40-59,EV-D68,256,1,Protected,0.1
P0780,1969,2020,51,40-59,CVA6,512,1,Protected,0.1
P0780,1969,2020,51,40-59,CVA16,256,1,Protected,0.1
P0780,1969,2025,56,40-59,EV-A71,256,1,Protected,0.1
P0780,1969,2025,56,40-59,EV-D68,256,1,Protected,0.1
P0780,1969,2025,56,40-59,CVA6,512,1,Protected,0.1
P0780,1969,2025,56,40-59,CVA16,512,1,Protected,0.1
P0781,1984,2005,21,20-39,EV-A71,256,1,Protected,0.1
P0781,1984,2005,21,20-39,EV-D68,256,1,Protected,0.1
P0781,1984,2005,21,20-39,CVA6,256,1,Protected,0.1
P0781,1984,2005,21,20-39,CVA16,128,1,Protected,0.1
P0781,1984,2010,26,20-39,EV-A71,512,1,Protected,0.1
P0781,1984,2010,26,20-39,EV-D68,128,1,Protected,0.1
P0781,1984,2010,26,20-39,CVA6,256,1,Protected,0.1
P0781,1984,2010,26,20-39,CVA16,128,1,Protected,0.1
P0781,1984,2015,31,20-39,EV-A71,512,1,Protected,0.1
P0781,1984,2015,31,20-39,EV-D68,128,1,Protected,0.1
P0781,1984,2015,31,20-39,CVA6,512,1,Protected,0.1
P0781,1984,2015,31,20-39,CVA16,256,1,Protected,0.1
P0781,1984,2020,36,20-39,EV-A71,512,1,Protected,0.1
P0781,1984,2020,36,20-39,EV-D68,256,1,Protected,0.1
P0781,1984,2020,36,20-39,CVA6,512,1,Protected,0.1
P0781,1984,2020,36,20-39,CVA16,256,1,Protected,0.1
P0781,1984,2025,41,40-59,EV-A71,512,1,Protected,0.1
P0781,1984,2025,41,40-59,EV-D68,512,1,Protected,0.1
P0781,1984,2025,41,40-59,CVA6,256,1,Protected,0.1
P0781,1984,2025,41,40-59,CVA16,256,1,Protected,0.1
P0782,1968,2005,37,20-39,EV-A71,128,1,Protected,0.1
P0782,1968,2005,37,20-39,EV-D68,128,1,Protected,0.1
P0782,1968,2005,37,20-39,CVA6,256,1,Protected,0.1
P0782,1968,2005,37,20-39,CVA16,128,1,Protected,0.1
P0782,1968,2010,42,40-59,EV-A71,128,1,Protected,0.1
P0782,1968,2010,42,40-59,EV-D68,64,1,Protected,0.1
P0782,1968,2010,42,40-59,CVA6,128,1,Protected,0.1
P0782,1968,2010,42,40-59,CVA16,128,1,Protected,0.1
P0782,1968,2015,47,40-59,EV-A71,512,1,Protected,0.1
P0782,1968,2015,47,40-59,EV-D68,128,1,Protected,0.1
P0782,1968,2015,47,40-59,CVA6,512,1,Protected,0.1
P0782,1968,2015,47,40-59,CVA16,512,1,Protected,0.1
P0782,1968,2020,52,40-59,EV-A71,512,1,Protected,0.1
P0782,1968,2020,52,40-59,EV-D68,256,1,Protected,0.1
P0782,1968,2020,52,40-59,CVA6,512,1,Protected,0.1
P0782,1968,2020,52,40-59,CVA16,256,1,Protected,0.1
P0782,1968,2025,57,40-59,EV-A71,512,1,Protected,0.1
P0782,1968,2025,57,40-59,EV-D68,512,1,Protected,0.1
P0782,1968,2025,57,40-59,CVA6,512,1,Protected,0.1
P0782,1968,2025,57,40-59,CVA16,256,1,Protected,0.1
P0783,1959,2005,46,40-59,EV-A71,512,1,Protected,0.1
P0783,1959,2005,46,40-59,EV-D68,128,1,Protected,0.1
P0783,1959,2005,46,40-59,CVA6,128,1,Protected,0.1
P0783,1959,2005,46,40-59,CVA16,64,1,Protected,0.1
P0783,1959,2010,51,40-59,EV-A71,256,1,Protected,0.1
P0783,1959,2010,51,40-59,EV-D68,128,1,Protected,0.1
P0783,1959,2010,51,40-59,CVA6,128,1,Protected,0.1
P0783,1959,2010,51,40-59,CVA16,256,1,Protected,0.1
P0783,1959,2015,56,40-59,EV-A71,512,1,Protected,0.1
P0783,1959,2015,56,40-59,EV-D68,256,1,Protected,0.1
P0783,1959,2015,56,40-59,CVA6,512,1,Protected,0.1
P0783,1959,2015,56,40-59,CVA16,512,1,Protected,0.1
P0783,1959,2020,61,60+,EV-A71,256,1,Protected,0.1
P0783,1959,2020,61,60+,EV-D68,256,1,Protected,0.1
P0783,1959,2020,61,60+,CVA6,512,1,Protected,0.1
P0783,1959,2020,61,60+,CVA16,128,1,Protected,0.1
P0783,1959,2025,66,60+,EV-A71,256,1,Protected,0.1
P0783,1959,2025,66,60+,EV-D68,256,1,Protected,0.1
P0783,1959,2025,66,60+,CVA6,256,1,Protected,0.1
P0783,1959,2025,66,60+,CVA16,256,1,Protected,0.1
P0784,1957,2005,48,40-59,EV-A71,256,1,Protected,0.1
P0784,1957,2005,48,40-59,EV-D68,64,1,Protected,0.1
P0784,1957,2005,48,40-59,CVA6,128,1,Protected,0.1
P0784,1957,2005,48,40-59,CVA16,128,1,Protected,0.1
P0784,1957,2010,53,40-59,EV-A71,256,1,Protected,0.1
P0784,1957,2010,53,40-59,EV-D68,256,1,Protected,0.1
P0784,1957,2010,53,40-59,CVA6,256,1,Protected,0.1
P0784,1957,2010,53,40-59,CVA16,128,1,Protected,0.1
P0784,1957,2015,58,40-59,EV-A71,512,1,Protected,0.1
P0784,1957,2015,58,40-59,EV-D68,256,1,Protected,0.1
P0784,1957,2015,58,40-59,CVA6,512,1,Protected,0.1
P0784,1957,2015,58,40-59,CVA16,128,1,Protected,0.1
P0784,1957,2020,63,60+,EV-A71,512,1,Protected,0.1
P0784,1957,2020,63,60+,EV-D68,256,1,Protected,0.1
P0784,1957,2020,63,60+,CVA6,512,1,Protected,0.1
P0784,1957,2020,63,60+,CVA16,256,1,Protected,0.1
P0784,1957,2025,68,60+,EV-A71,256,1,Protected,0.1
P0784,1957,2025,68,60+,EV-D68,512,1,Protected,0.1
P0784,1957,2025,68,60+,CVA6,256,1,Protected,0.1
P0784,1957,2025,68,60+,CVA16,256,1,Protected,0.1
P0785,1971,2005,34,20-39,EV-A71,256,1,Protected,0.1
P0785,1971,2005,34,20-39,EV-D68,128,1,Protected,0.1
P0785,1971,2005,34,20-39,CVA6,256,1,Protected,0.1
P0785,1971,2005,34,20-39,CVA16,128,1,Protected,0.1
P0785,1971,2010,39,20-39,EV-A71,256,1,Protected,0.1
P0785,1971,2010,39,20-39,EV-D68,128,1,Protected,0.1
P0785,1971,2010,39,20-39,CVA6,128,1,Protected,0.1
P0785,1971,2010,39,20-39,CVA16,128,1,Protected,0.1
P0785,1971,2015,44,40-59,EV-A71,512,1,Protected,0.1
P0785,1971,2015,44,40-59,EV-D68,256,1,Protected,0.1
P0785,1971,2015,44,40-59,CVA6,512,1,Protected,0.1
P0785,1971,2015,44,40-59,CVA16,512,1,Protected,0.1
P0785,1971,2020,49,40-59,EV-A71,256,1,Protected,0.1
P0785,1971,2020,49,40-59,EV-D68,256,1,Protected,0.1
P0785,1971,2020,49,40-59,CVA6,512,1,Protected,0.1
P0785,1971,2020,49,40-59,CVA16,256,1,Protected,0.1
P0785,1971,2025,54,40-59,EV-A71,512,1,Protected,0.1
P0785,1971,2025,54,40-59,EV-D68,256,1,Protected,0.1
P0785,1971,2025,54,40-59,CVA6,256,1,Protected,0.1
P0785,1971,2025,54,40-59,CVA16,256,1,Protected,0.1
P0786,1989,2005,16,15-19,EV-A71,64,1,Protected,0.1
P0786,1989,2005,16,15-19,EV-D68,64,1,Protected,0.1
P0786,1989,2005,16,15-19,CVA6,256,1,Protected,0.1
P0786,1989,2005,16,15-19,CVA16,128,1,Protected,0.1
P0786,1989,2010,21,20-39,EV-A71,256,1,Protected,0.1
P0786,1989,2010,21,20-39,EV-D68,256,1,Protected,0.1
P0786,1989,2010,21,20-39,CVA6,256,1,Protected,0.1
P0786,1989,2010,21,20-39,CVA16,128,1,Protected,0.1
P0786,1989,2015,26,20-39,EV-A71,512,1,Protected,0.1
P0786,1989,2015,26,20-39,EV-D68,256,1,Protected,0.1
P0786,1989,2015,26,20-39,CVA6,256,1,Protected,0.1
P0786,1989,2015,26,20-39,CVA16,128,1,Protected,0.1
P0786,1989,2020,31,20-39,EV-A71,256,1,Protected,0.1
P0786,1989,2020,31,20-39,EV-D68,256,1,Protected,0.1
P0786,1989,2020,31,20-39,CVA6,512,1,Protected,0.1
P0786,1989,2020,31,20-39,CVA16,512,1,Protected,0.1
P0786,1989,2025,36,20-39,EV-A71,256,1,Protected,0.1
P0786,1989,2025,36,20-39,EV-D68,512,1,Protected,0.1
P0786,1989,2025,36,20-39,CVA6,512,1,Protected,0.1
P0786,1989,2025,36,20-39,CVA16,256,1,Protected,0.1
P0787,1986,2005,19,15-19,EV-A71,128,1,Protected,0.1
P0787,1986,2005,19,15-19,EV-D68,32,1,Partially protected,0.5
P0787,1986,2005,19,15-19,CVA6,128,1,Protected,0.1
P0787,1986,2005,19,15-19,CVA16,32,1,Partially protected,0.5
P0787,1986,2010,24,20-39,EV-A71,256,1,Protected,0.1
P0787,1986,2010,24,20-39,EV-D68,64,1,Protected,0.1
P0787,1986,2010,24,20-39,CVA6,256,1,Protected,0.1
P0787,1986,2010,24,20-39,CVA16,64,1,Protected,0.1
P0787,1986,2015,29,20-39,EV-A71,512,1,Protected,0.1
P0787,1986,2015,29,20-39,EV-D68,128,1,Protected,0.1
P0787,1986,2015,29,20-39,CVA6,512,1,Protected,0.1
P0787,1986,2015,29,20-39,CVA16,512,1,Protected,0.1
P0787,1986,2020,34,20-39,EV-A71,256,1,Protected,0.1
P0787,1986,2020,34,20-39,EV-D68,256,1,Protected,0.1
P0787,1986,2020,34,20-39,CVA6,256,1,Protected,0.1
P0787,1986,2020,34,20-39,CVA16,512,1,Protected,0.1
P0787,1986,2025,39,20-39,EV-A71,512,1,Protected,0.1
P0787,1986,2025,39,20-39,EV-D68,128,1,Protected,0.1
P0787,1986,2025,39,20-39,CVA6,256,1,Protected,0.1
P0787,1986,2025,39,20-39,CVA16,256,1,Protected,0.1
P0788,2006,2010,4,0-4,EV-A71,128,1,Protected,0.1
P0788,2006,2010,4,0-4,EV-D68,32,1,Partially protected,0.5
P0788,2006,2010,4,0-4,CVA6,64,1,Protected,0.1
P0788,2006,2010,4,0-4,CVA16,64,1,Protected,0.1
P0788,2006,2015,9,5-9,EV-A71,128,1,Protected,0.1
P0788,2006,2015,9,5-9,EV-D68,64,1,Protected,0.1
P0788,2006,2015,9,5-9,CVA6,128,1,Protected,0.1
P0788,2006,2015,9,5-9,CVA16,64,1,Protected,0.1
P0788,2006,2020,14,10-14,EV-A71,512,1,Protected,0.1
P0788,2006,2020,14,10-14,EV-D68,128,1,Protected,0.1
P0788,2006,2020,14,10-14,CVA6,256,1,Protected,0.1
P0788,2006,2020,14,10-14,CVA16,128,1,Protected,0.1
P0788,2006,2025,19,15-19,EV-A71,256,1,Protected,0.1
P0788,2006,2025,19,15-19,EV-D68,128,1,Protected,0.1
P0788,2006,2025,19,15-19,CVA6,256,1,Protected,0.1
P0788,2006,2025,19,15-19,CVA16,256,1,Protected,0.1
P0789,1965,2005,40,40-59,EV-A71,256,1,Protected,0.1
P0789,1965,2005,40,40-59,EV-D68,128,1,Protected,0.1
P0789,1965,2005,40,40-59,CVA6,256,1,Protected,0.1
P0789,1965,2005,40,40-59,CVA16,128,1,Protected,0.1
P0789,1965,2010,45,40-59,EV-A71,256,1,Protected,0.1
P0789,1965,2010,45,40-59,EV-D68,128,1,Protected,0.1
P0789,1965,2010,45,40-59,CVA6,256,1,Protected,0.1
P0789,1965,2010,45,40-59,CVA16,128,1,Protected,0.1
P0789,1965,2015,50,40-59,EV-A71,512,1,Protected,0.1
P0789,1965,2015,50,40-59,EV-D68,128,1,Protected,0.1
P0789,1965,2015,50,40-59,CVA6,512,1,Protected,0.1
P0789,1965,2015,50,40-59,CVA16,256,1,Protected,0.1
P0789,1965,2020,55,40-59,EV-A71,512,1,Protected,0.1
P0789,1965,2020,55,40-59,EV-D68,128,1,Protected,0.1
P0789,1965,2020,55,40-59,CVA6,512,1,Protected,0.1
P0789,1965,2020,55,40-59,CVA16,256,1,Protected,0.1
P0789,1965,2025,60,60+,EV-A71,512,1,Protected,0.1
P0789,1965,2025,60,60+,EV-D68,256,1,Protected,0.1
P0789,1965,2025,60,60+,CVA6,512,1,Protected,0.1
P0789,1965,2025,60,60+,CVA16,256,1,Protected,0.1
P0790,2009,2010,1,0-4,EV-A71,64,1,Protected,0.1
P0790,2009,2010,1,0-4,EV-D68,32,1,Partially protected,0.5
P0790,2009,2010,1,0-4,CVA6,64,1,Protected,0.1
P0790,2009,2010,1,0-4,CVA16,32,1,Partially protected,0.5
P0790,2009,2015,6,5-9,EV-A71,128,1,Protected,0.1
P0790,2009,2015,6,5-9,EV-D68,64,1,Protected,0.1
P0790,2009,2015,6,5-9,CVA6,128,1,Protected,0.1
P0790,2009,2015,6,5-9,CVA16,64,1,Protected,0.1
P0790,2009,2020,11,10-14,EV-A71,256,1,Protected,0.1
P0790,2009,2020,11,10-14,EV-D68,128,1,Protected,0.1
P0790,2009,2020,11,10-14,CVA6,256,1,Protected,0.1
P0790,2009,2020,11,10-14,CVA16,128,1,Protected,0.1
P0790,2009,2025,16,15-19,EV-A71,256,1,Protected,0.1
P0790,2009,2025,16,15-19,EV-D68,128,1,Protected,0.1
P0790,2009,2025,16,15-19,CVA6,256,1,Protected,0.1
P0790,2009,2025,16,15-19,CVA16,256,1,Protected,0.1
P0791,1988,2005,17,15-19,EV-A71,128,1,Protected,0.1
P0791,1988,2005,17,15-19,EV-D68,64,1,Protected,0.1
P0791,1988,2005,17,15-19,CVA6,128,1,Protected,0.1
P0791,1988,2005,17,15-19,CVA16,64,1,Protected,0.1
P0791,1988,2010,22,20-39,EV-A71,512,1,Protected,0.1
P0791,1988,2010,22,20-39,EV-D68,128,1,Protected,0.1
P0791,1988,2010,22,20-39,CVA6,512,1,Protected,0.1
P0791,1988,2010,22,20-39,CVA16,128,1,Protected,0.1
P0791,1988,2015,27,20-39,EV-A71,512,1,Protected,0.1
P0791,1988,2015,27,20-39,EV-D68,512,1,Protected,0.1
P0791,1988,2015,27,20-39,CVA6,512,1,Protected,0.1
P0791,1988,2015,27,20-39,CVA16,256,1,Protected,0.1
P0791,1988,2020,32,20-39,EV-A71,512,1,Protected,0.1
P0791,1988,2020,32,20-39,EV-D68,256,1,Protected,0.1
P0791,1988,2020,32,20-39,CVA6,512,1,Protected,0.1
P0791,1988,2020,32,20-39,CVA16,256,1,Protected,0.1
P0791,1988,2025,37,20-39,EV-A71,512,1,Protected,0.1
P0791,1988,2025,37,20-39,EV-D68,128,1,Protected,0.1
P0791,1988,2025,37,20-39,CVA6,512,1,Protected,0.1
P0791,1988,2025,37,20-39,CVA16,256,1,Protected,0.1
P0792,2001,2005,4,0-4,EV-A71,64,1,Protected,0.1
P0792,2001,2005,4,0-4,EV-D68,64,1,Protected,0.1
P0792,2001,2005,4,0-4,CVA6,64,1,Protected,0.1
P0792,2001,2005,4,0-4,CVA16,16,0,Susceptible,1.0
P0792,2001,2010,9,5-9,EV-A71,64,1,Protected,0.1
P0792,2001,2010,9,5-9,EV-D68,32,1,Partially protected,0.5
P0792,2001,2010,9,5-9,CVA6,64,1,Protected,0.1
P0792,2001,2010,9,5-9,CVA16,64,1,Protected,0.1
P0792,2001,2015,14,10-14,EV-A71,256,1,Protected,0.1
P0792,2001,2015,14,10-14,EV-D68,128,1,Protected,0.1
P0792,2001,2015,14,10-14,CVA6,512,1,Protected,0.1
P0792,2001,2015,14,10-14,CVA16,128,1,Protected,0.1
P0792,2001,2020,19,15-19,EV-A71,256,1,Protected,0.1
P0792,2001,2020,19,15-19,EV-D68,128,1,Protected,0.1
P0792,2001,2020,19,15-19,CVA6,128,1,Protected,0.1
P0792,2001,2020,19,15-19,CVA16,128,1,Protected,0.1
P0792,2001,2025,24,20-39,EV-A71,512,1,Protected,0.1
P0792,2001,2025,24,20-39,EV-D68,512,1,Protected,0.1
P0792,2001,2025,24,20-39,CVA6,512,1,Protected,0.1
P0792,2001,2025,24,20-39,CVA16,256,1,Protected,0.1
P0793,1984,2005,21,20-39,EV-A71,512,1,Protected,0.1
P0793,1984,2005,21,20-39,EV-D68,128,1,Protected,0.1
P0793,1984,2005,21,20-39,CVA6,256,1,Protected,0.1
P0793,1984,2005,21,20-39,CVA16,256,1,Protected,0.1
P0793,1984,2010,26,20-39,EV-A71,256,1,Protected,0.1
P0793,1984,2010,26,20-39,EV-D68,128,1,Protected,0.1
P0793,1984,2010,26,20-39,CVA6,256,1,Protected,0.1
P0793,1984,2010,26,20-39,CVA16,128,1,Protected,0.1
P0793,1984,2015,31,20-39,EV-A71,512,1,Protected,0.1
P0793,1984,2015,31,20-39,EV-D68,256,1,Protected,0.1
P0793,1984,2015,31,20-39,CVA6,512,1,Protected,0.1
P0793,1984,2015,31,20-39,CVA16,256,1,Protected,0.1
P0793,1984,2020,36,20-39,EV-A71,512,1,Protected,0.1
P0793,1984,2020,36,20-39,EV-D68,512,1,Protected,0.1
P0793,1984,2020,36,20-39,CVA6,512,1,Protected,0.1
P0793,1984,2020,36,20-39,CVA16,512,1,Protected,0.1
P0793,1984,2025,41,40-59,EV-A71,256,1,Protected,0.1
P0793,1984,2025,41,40-59,EV-D68,128,1,Protected,0.1
P0793,1984,2025,41,40-59,CVA6,256,1,Protected,0.1
P0793,1984,2025,41,40-59,CVA16,128,1,Protected,0.1
P0794,2014,2015,1,0-4,EV-A71,64,1,Protected,0.1
P0794,2014,2015,1,0-4,EV-D68,32,1,Partially protected,0.5
P0794,2014,2015,1,0-4,CVA6,64,1,Protected,0.1
P0794,2014,2015,1,0-4,CVA16,64,1,Protected,0.1
P0794,2014,2020,6,5-9,EV-A71,64,1,Protected,0.1
P0794,2014,2020,6,5-9,EV-D68,64,1,Protected,0.1
P0794,2014,2020,6,5-9,CVA6,128,1,Protected,0.1
P0794,2014,2020,6,5-9,CVA16,64,1,Protected,0.1
P0794,2014,2025,11,10-14,EV-A71,256,1,Protected,0.1
P0794,2014,2025,11,10-14,EV-D68,128,1,Protected,0.1
P0794,2014,2025,11,10-14,CVA6,256,1,Protected,0.1
P0794,2014,2025,11,10-14,CVA16,64,1,Protected,0.1
P0795,2019,2020,1,0-4,EV-A71,128,1,Protected,0.1
P0795,2019,2020,1,0-4,EV-D68,128,1,Protected,0.1
P0795,2019,2020,1,0-4,CVA6,128,1,Protected,0.1
P0795,2019,2020,1,0-4,CVA16,128,1,Protected,0.1
P0795,2019,2025,6,5-9,EV-A71,128,1,Protected,0.1
P0795,2019,2025,6,5-9,EV-D68,64,1,Protected,0.1
P0795,2019,2025,6,5-9,CVA6,128,1,Protected,0.1
P0795,2019,2025,6,5-9,CVA16,64,1,Protected,0.1
P0796,2013,2015,2,0-4,EV-A71,128,1,Protected,0.1
P0796,2013,2015,2,0-4,EV-D68,64,1,Protected,0.1
P0796,2013,2015,2,0-4,CVA6,64,1,Protected,0.1
P0796,2013,2015,2,0-4,CVA16,128,1,Protected,0.1
P0796,2013,2020,7,5-9,EV-A71,128,1,Protected,0.1
P0796,2013,2020,7,5-9,EV-D68,64,1,Protected,0.1
P0796,2013,2020,7,5-9,CVA6,128,1,Protected,0.1
P0796,2013,2020,7,5-9,CVA16,64,1,Protected,0.1
P0796,2013,2025,12,10-14,EV-A71,128,1,Protected,0.1
P0796,2013,2025,12,10-14,EV-D68,256,1,Protected,0.1
P0796,2013,2025,12,10-14,CVA6,512,1,Protected,0.1
P0796,2013,2025,12,10-14,CVA16,128,1,Protected,0.1
P0797,2006,2010,4,0-4,EV-A71,64,1,Protected,0.1
P0797,2006,2010,4,0-4,EV-D68,64,1,Protected,0.1
P0797,2006,2010,4,0-4,CVA6,128,1,Protected,0.1
P0797,2006,2010,4,0-4,CVA16,32,1,Partially protected,0.5
P0797,2006,2015,9,5-9,EV-A71,128,1,Protected,0.1
P0797,2006,2015,9,5-9,EV-D68,64,1,Protected,0.1
P0797,2006,2015,9,5-9,CVA6,64,1,Protected,0.1
P0797,2006,2015,9,5-9,CVA16,64,1,Protected,0.1
P0797,2006,2020,14,10-14,EV-A71,256,1,Protected,0.1
P0797,2006,2020,14,10-14,EV-D68,64,1,Protected,0.1
P0797,2006,2020,14,10-14,CVA6,128,1,Protected,0.1
P0797,2006,2020,14,10-14,CVA16,128,1,Protected,0.1
P0797,2006,2025,19,15-19,EV-A71,256,1,Protected,0.1
P0797,2006,2025,19,15-19,EV-D68,128,1,Protected,0.1
P0797,2006,2025,19,15-19,CVA6,256,1,Protected,0.1
P0797,2006,2025,19,15-19,CVA16,128,1,Protected,0.1
P0798,1960,2005,45,40-59,EV-A71,256,1,Protected,0.1
P0798,1960,2005,45,40-59,EV-D68,64,1,Protected,0.1
P0798,1960,2005,45,40-59,CVA6,512,1,Protected,0.1
P0798,1960,2005,45,40-59,CVA16,128,1,Protected,0.1
P0798,1960,2010,50,40-59,EV-A71,256,1,Protected,0.1
P0798,1960,2010,50,40-59,EV-D68,256,1,Protected,0.1
P0798,1960,2010,50,40-59,CVA6,512,1,Protected,0.1
P0798,1960,2010,50,40-59,CVA16,128,1,Protected,0.1
P0798,1960,2015,55,40-59,EV-A71,512,1,Protected,0.1
P0798,1960,2015,55,40-59,EV-D68,128,1,Protected,0.1
P0798,1960,2015,55,40-59,CVA6,512,1,Protected,0.1
P0798,1960,2015,55,40-59,CVA16,512,1,Protected,0.1
P0798,1960,2020,60,60+,EV-A71,512,1,Protected,0.1
P0798,1960,2020,60,60+,EV-D68,256,1,Protected,0.1
P0798,1960,2020,60,60+,CVA6,256,1,Protected,0.1
P0798,1960,2020,60,60+,CVA16,256,1,Protected,0.1
P0798,1960,2025,65,60+,EV-A71,256,1,Protected,0.1
P0798,1960,2025,65,60+,EV-D68,256,1,Protected,0.1
P0798,1960,2025,65,60+,CVA6,512,1,Protected,0.1
P0798,1960,2025,65,60+,CVA16,512,1,Protected,0.1
P0799,1955,2005,50,40-59,EV-A71,256,1,Protected,0.1
P0799,1955,2005,50,40-59,EV-D68,128,1,Protected,0.1
P0799,1955,2005,50,40-59,CVA6,256,1,Protected,0.1
P0799,1955,2005,50,40-59,CVA16,64,1,Protected,0.1
P0799,1955,2010,55,40-59,EV-A71,256,1,Protected,0.1
P0799,1955,2010,55,40-59,EV-D68,128,1,Protected,0.1
P0799,1955,2010,55,40-59,CVA6,256,1,Protected,0.1
P0799,1955,2010,55,40-59,CVA16,64,1,Protected,0.1
P0799,1955,2015,60,60+,EV-A71,512,1,Protected,0.1
P0799,1955,2015,60,60+,EV-D68,512,1,Protected,0.1
P0799,1955,2015,60,60+,CVA6,512,1,Protected,0.1
P0799,1955,2015,60,60+,CVA16,128,1,Protected,0.1
P0799,1955,2020,65,60+,EV-A71,512,1,Protected,0.1
P0799,1955,2020,65,60+,EV-D68,512,1,Protected,0.1
P0799,1955,2020,65,60+,CVA6,512,1,Protected,0.1
P0799,1955,2020,65,60+,CVA16,256,1,Protected,0.1
P0799,1955,2025,70,60+,EV-A71,512,1,Protected,0.1
P0799,1955,2025,70,60+,EV-D68,256,1,Protected,0.1
P0799,1955,2025,70,60+,CVA6,512,1,Protected,0.1
P0799,1955,2025,70,60+,CVA16,512,1,Protected,0.1
P0800,2005,2005,0,0-4,EV-A71,64,1,Protected,0.1
P0800,2005,2005,0,0-4,EV-D68,64,1,Protected,0.1
P0800,2005,2005,0,0-4,CVA6,32,1,Partially protected,0.5
P0800,2005,2005,0,0-4,CVA16,32,1,Partially protected,0.5
P0800,2005,2010,5,5-9,EV-A71,64,1,Protected,0.1
P0800,2005,2010,5,5-9,EV-D68,32,1,Partially protected,0.5
P0800,2005,2010,5,5-9,CVA6,32,1,Partially protected,0.5
P0800,2005,2010,5,5-9,CVA16,32,1,Partially protected,0.5
P0800,2005,2015,10,10-14,EV-A71,256,1,Protected,0.1
P0800,2005,2015,10,10-14,EV-D68,128,1,Protected,0.1
P0800,2005,2015,10,10-14,CVA6,256,1,Protected,0.1
P0800,2005,2015,10,10-14,CVA16,128,1,Protected,0.1
P0800,2005,2020,15,15-19,EV-A71,256,1,Protected,0.1
P0800,2005,2020,15,15-19,EV-D68,64,1,Protected,0.1
P0800,2005,2020,15,15-19,CVA6,256,1,Protected,0.1
P0800,2005,2020,15,15-19,CVA16,128,1,Protected,0.1
P0800,2005,2025,20,20-39,EV-A71,256,1,Protected,0.1
P0800,2005,2025,20,20-39,EV-D68,256,1,Protected,0.1
P0800,2005,2025,20,20-39,CVA6,512,1,Protected,0.1
P0800,2005,2025,20,20-39,CVA16,128,1,Protected,0.1
P0801,1991,2005,14,10-14,EV-A71,128,1,Protected,0.1
P0801,1991,2005,14,10-14,EV-D68,128,1,Protected,0.1
P0801,1991,2005,14,10-14,CVA6,64,1,Protected,0.1
P0801,1991,2005,14,10-14,CVA16,128,1,Protected,0.1
P0801,1991,2010,19,15-19,EV-A71,64,1,Protected,0.1
P0801,1991,2010,19,15-19,EV-D68,64,1,Protected,0.1
P0801,1991,2010,19,15-19,CVA6,128,1,Protected,0.1
P0801,1991,2010,19,15-19,CVA16,64,1,Protected,0.1
P0801,1991,2015,24,20-39,EV-A71,512,1,Protected,0.1
P0801,1991,2015,24,20-39,EV-D68,256,1,Protected,0.1
P0801,1991,2015,24,20-39,CVA6,512,1,Protected,0.1
P0801,1991,2015,24,20-39,CVA16,128,1,Protected,0.1
P0801,1991,2020,29,20-39,EV-A71,512,1,Protected,0.1
P0801,1991,2020,29,20-39,EV-D68,256,1,Protected,0.1
P0801,1991,2020,29,20-39,CVA6,512,1,Protected,0.1
P0801,1991,2020,29,20-39,CVA16,256,1,Protected,0.1
P0801,1991,2025,34,20-39,EV-A71,512,1,Protected,0.1
P0801,1991,2025,34,20-39,EV-D68,256,1,Protected,0.1
P0801,1991,2025,34,20-39,CVA6,512,1,Protected,0.1
P0801,1991,2025,34,20-39,CVA16,256,1,Protected,0.1
P0802,1982,2005,23,20-39,EV-A71,256,1,Protected,0.1
P0802,1982,2005,23,20-39,EV-D68,128,1,Protected,0.1
P0802,1982,2005,23,20-39,CVA6,256,1,Protected,0.1
P0802,1982,2005,23,20-39,CVA16,256,1,Protected,0.1
P0802,1982,2010,28,20-39,EV-A71,256,1,Protected,0.1
P0802,1982,2010,28,20-39,EV-D68,128,1,Protected,0.1
P0802,1982,2010,28,20-39,CVA6,256,1,Protected,0.1
P0802,1982,2010,28,20-39,CVA16,128,1,Protected,0.1
P0802,1982,2015,33,20-39,EV-A71,256,1,Protected,0.1
P0802,1982,2015,33,20-39,EV-D68,256,1,Protected,0.1
P0802,1982,2015,33,20-39,CVA6,256,1,Protected,0.1
P0802,1982,2015,33,20-39,CVA16,256,1,Protected,0.1
P0802,1982,2020,38,20-39,EV-A71,512,1,Protected,0.1
P0802,1982,2020,38,20-39,EV-D68,128,1,Protected,0.1
P0802,1982,2020,38,20-39,CVA6,256,1,Protected,0.1
P0802,1982,2020,38,20-39,CVA16,256,1,Protected,0.1
P0802,1982,2025,43,40-59,EV-A71,256,1,Protected,0.1
P0802,1982,2025,43,40-59,EV-D68,256,1,Protected,0.1
P0802,1982,2025,43,40-59,CVA6,256,1,Protected,0.1
P0802,1982,2025,43,40-59,CVA16,256,1,Protected,0.1
P0803,1953,2005,52,40-59,EV-A71,256,1,Protected,0.1
P0803,1953,2005,52,40-59,EV-D68,64,1,Protected,0.1
P0803,1953,2005,52,40-59,CVA6,256,1,Protected,0.1
P0803,1953,2005,52,40-59,CVA16,256,1,Protected,0.1
P0803,1953,2010,57,40-59,EV-A71,256,1,Protected,0.1
P0803,1953,2010,57,40-59,EV-D68,64,1,Protected,0.1
P0803,1953,2010,57,40-59,CVA6,128,1,Protected,0.1
P0803,1953,2010,57,40-59,CVA16,64,1,Protected,0.1
P0803,1953,2015,62,60+,EV-A71,256,1,Protected,0.1
P0803,1953,2015,62,60+,EV-D68,256,1,Protected,0.1
P0803,1953,2015,62,60+,CVA6,512,1,Protected,0.1
P0803,1953,2015,62,60+,CVA16,128,1,Protected,0.1
P0803,1953,2020,67,60+,EV-A71,512,1,Protected,0.1
P0803,1953,2020,67,60+,EV-D68,512,1,Protected,0.1
P0803,1953,2020,67,60+,CVA6,512,1,Protected,0.1
P0803,1953,2020,67,60+,CVA16,256,1,Protected,0.1
P0803,1953,2025,72,60+,EV-A71,256,1,Protected,0.1
P0803,1953,2025,72,60+,EV-D68,512,1,Protected,0.1
P0803,1953,2025,72,60+,CVA6,256,1,Protected,0.1
P0803,1953,2025,72,60+,CVA16,128,1,Protected,0.1
P0804,1961,2005,44,40-59,EV-A71,256,1,Protected,0.1
P0804,1961,2005,44,40-59,EV-D68,128,1,Protected,0.1
P0804,1961,2005,44,40-59,CVA6,128,1,Protected,0.1
P0804,1961,2005,44,40-59,CVA16,128,1,Protected,0.1
P0804,1961,2010,49,40-59,EV-A71,128,1,Protected,0.1
P0804,1961,2010,49,40-59,EV-D68,64,1,Protected,0.1
P0804,1961,2010,49,40-59,CVA6,128,1,Protected,0.1
P0804,1961,2010,49,40-59,CVA16,128,1,Protected,0.1
P0804,1961,2015,54,40-59,EV-A71,512,1,Protected,0.1
P0804,1961,2015,54,40-59,EV-D68,256,1,Protected,0.1
P0804,1961,2015,54,40-59,CVA6,256,1,Protected,0.1
P0804,1961,2015,54,40-59,CVA16,128,1,Protected,0.1
P0804,1961,2020,59,40-59,EV-A71,512,1,Protected,0.1
P0804,1961,2020,59,40-59,EV-D68,256,1,Protected,0.1
P0804,1961,2020,59,40-59,CVA6,512,1,Protected,0.1
P0804,1961,2020,59,40-59,CVA16,256,1,Protected,0.1
P0804,1961,2025,64,60+,EV-A71,512,1,Protected,0.1
P0804,1961,2025,64,60+,EV-D68,256,1,Protected,0.1
P0804,1961,2025,64,60+,CVA6,512,1,Protected,0.1
P0804,1961,2025,64,60+,CVA16,512,1,Protected,0.1
P0805,1979,2005,26,20-39,EV-A71,256,1,Protected,0.1
P0805,1979,2005,26,20-39,EV-D68,128,1,Protected,0.1
P0805,1979,2005,26,20-39,CVA6,256,1,Protected,0.1
P0805,1979,2005,26,20-39,CVA16,256,1,Protected,0.1
P0805,1979,2010,31,20-39,EV-A71,128,1,Protected,0.1
P0805,1979,2010,31,20-39,EV-D68,128,1,Protected,0.1
P0805,1979,2010,31,20-39,CVA6,256,1,Protected,0.1
P0805,1979,2010,31,20-39,CVA16,256,1,Protected,0.1
P0805,1979,2015,36,20-39,EV-A71,256,1,Protected,0.1
P0805,1979,2015,36,20-39,EV-D68,128,1,Protected,0.1
P0805,1979,2015,36,20-39,CVA6,512,1,Protected,0.1
P0805,1979,2015,36,20-39,CVA16,256,1,Protected,0.1
P0805,1979,2020,41,40-59,EV-A71,512,1,Protected,0.1
P0805,1979,2020,41,40-59,EV-D68,256,1,Protected,0.1
P0805,1979,2020,41,40-59,CVA6,512,1,Protected,0.1
P0805,1979,2020,41,40-59,CVA16,512,1,Protected,0.1
P0805,1979,2025,46,40-59,EV-A71,512,1,Protected,0.1
P0805,1979,2025,46,40-59,EV-D68,128,1,Protected,0.1
P0805,1979,2025,46,40-59,CVA6,256,1,Protected,0.1
P0805,1979,2025,46,40-59,CVA16,256,1,Protected,0.1
P0806,1952,2005,53,40-59,EV-A71,256,1,Protected,0.1
P0806,1952,2005,53,40-59,EV-D68,128,1,Protected,0.1
P0806,1952,2005,53,40-59,CVA6,256,1,Protected,0.1
P0806,1952,2005,53,40-59,CVA16,128,1,Protected,0.1
P0806,1952,2010,58,40-59,EV-A71,256,1,Protected,0.1
P0806,1952,2010,58,40-59,EV-D68,256,1,Protected,0.1
P0806,1952,2010,58,40-59,CVA6,256,1,Protected,0.1
P0806,1952,2010,58,40-59,CVA16,256,1,Protected,0.1
P0806,1952,2015,63,60+,EV-A71,512,1,Protected,0.1
P0806,1952,2015,63,60+,EV-D68,512,1,Protected,0.1
P0806,1952,2015,63,60+,CVA6,512,1,Protected,0.1
P0806,1952,2015,63,60+,CVA16,256,1,Protected,0.1
P0806,1952,2020,68,60+,EV-A71,512,1,Protected,0.1
P0806,1952,2020,68,60+,EV-D68,256,1,Protected,0.1
P0806,1952,2020,68,60+,CVA6,512,1,Protected,0.1
P0806,1952,2020,68,60+,CVA16,256,1,Protected,0.1
P0806,1952,2025,73,60+,EV-A71,512,1,Protected,0.1
P0806,1952,2025,73,60+,EV-D68,128,1,Protected,0.1
P0806,1952,2025,73,60+,CVA6,512,1,Protected,0.1
P0806,1952,2025,73,60+,CVA16,256,1,Protected,0.1
P0807,1984,2005,21,20-39,EV-A71,256,1,Protected,0.1
P0807,1984,2005,21,20-39,EV-D68,64,1,Protected,0.1
P0807,1984,2005,21,20-39,CVA6,128,1,Protected,0.1
P0807,1984,2005,21,20-39,CVA16,64,1,Protected,0.1
P0807,1984,2010,26,20-39,EV-A71,256,1,Protected,0.1
P0807,1984,2010,26,20-39,EV-D68,128,1,Protected,0.1
P0807,1984,2010,26,20-39,CVA6,128,1,Protected,0.1
P0807,1984,2010,26,20-39,CVA16,256,1,Protected,0.1
P0807,1984,2015,31,20-39,EV-A71,512,1,Protected,0.1
P0807,1984,2015,31,20-39,EV-D68,128,1,Protected,0.1
P0807,1984,2015,31,20-39,CVA6,512,1,Protected,0.1
P0807,1984,2015,31,20-39,CVA16,128,1,Protected,0.1
P0807,1984,2020,36,20-39,EV-A71,256,1,Protected,0.1
P0807,1984,2020,36,20-39,EV-D68,256,1,Protected,0.1
P0807,1984,2020,36,20-39,CVA6,512,1,Protected,0.1
P0807,1984,2020,36,20-39,CVA16,256,1,Protected,0.1
P0807,1984,2025,41,40-59,EV-A71,512,1,Protected,0.1
P0807,1984,2025,41,40-59,EV-D68,128,1,Protected,0.1
P0807,1984,2025,41,40-59,CVA6,512,1,Protected,0.1
P0807,1984,2025,41,40-59,CVA16,256,1,Protected,0.1
P0808,1955,2005,50,40-59,EV-A71,256,1,Protected,0.1
P0808,1955,2005,50,40-59,EV-D68,128,1,Protected,0.1
P0808,1955,2005,50,40-59,CVA6,256,1,Protected,0.1
P0808,1955,2005,50,40-59,CVA16,128,1,Protected,0.1
P0808,1955,2010,55,40-59,EV-A71,256,1,Protected,0.1
P0808,1955,2010,55,40-59,EV-D68,128,1,Protected,0.1
P0808,1955,2010,55,40-59,CVA6,256,1,Protected,0.1
P0808,1955,2010,55,40-59,CVA16,128,1,Protected,0.1
P0808,1955,2015,60,60+,EV-A71,512,1,Protected,0.1
P0808,1955,2015,60,60+,EV-D68,512,1,Protected,0.1
P0808,1955,2015,60,60+,CVA6,512,1,Protected,0.1
P0808,1955,2015,60,60+,CVA16,256,1,Protected,0.1
P0808,1955,2020,65,60+,EV-A71,512,1,Protected,0.1
P0808,1955,2020,65,60+,EV-D68,256,1,Protected,0.1
P0808,1955,2020,65,60+,CVA6,256,1,Protected,0.1
P0808,1955,2020,65,60+,CVA16,256,1,Protected,0.1
P0808,1955,2025,70,60+,EV-A71,512,1,Protected,0.1
P0808,1955,2025,70,60+,EV-D68,256,1,Protected,0.1
P0808,1955,2025,70,60+,CVA6,512,1,Protected,0.1
P0808,1955,2025,70,60+,CVA16,256,1,Protected,0.1
P0809,1972,2005,33,20-39,EV-A71,256,1,Protected,0.1
P0809,1972,2005,33,20-39,EV-D68,128,1,Protected,0.1
P0809,1972,2005,33,20-39,CVA6,256,1,Protected,0.1
P0809,1972,2005,33,20-39,CVA16,128,1,Protected,0.1
P0809,1972,2010,38,20-39,EV-A71,256,1,Protected,0.1
P0809,1972,2010,38,20-39,EV-D68,128,1,Protected,0.1
P0809,1972,2010,38,20-39,CVA6,256,1,Protected,0.1
P0809,1972,2010,38,20-39,CVA16,128,1,Protected,0.1
P0809,1972,2015,43,40-59,EV-A71,256,1,Protected,0.1
P0809,1972,2015,43,40-59,EV-D68,256,1,Protected,0.1
P0809,1972,2015,43,40-59,CVA6,512,1,Protected,0.1
P0809,1972,2015,43,40-59,CVA16,256,1,Protected,0.1
P0809,1972,2020,48,40-59,EV-A71,512,1,Protected,0.1
P0809,1972,2020,48,40-59,EV-D68,256,1,Protected,0.1
P0809,1972,2020,48,40-59,CVA6,512,1,Protected,0.1
P0809,1972,2020,48,40-59,CVA16,128,1,Protected,0.1
P0809,1972,2025,53,40-59,EV-A71,512,1,Protected,0.1
P0809,1972,2025,53,40-59,EV-D68,256,1,Protected,0.1
P0809,1972,2025,53,40-59,CVA6,512,1,Protected,0.1
P0809,1972,2025,53,40-59,CVA16,512,1,Protected,0.1
P0810,2010,2010,0,0-4,EV-A71,64,1,Protected,0.1
P0810,2010,2010,0,0-4,EV-D68,32,1,Partially protected,0.5
P0810,2010,2010,0,0-4,CVA6,32,1,Partially protected,0.5
P0810,2010,2010,0,0-4,CVA16,16,0,Susceptible,1.0
P0810,2010,2015,5,5-9,EV-A71,128,1,Protected,0.1
P0810,2010,2015,5,5-9,EV-D68,64,1,Protected,0.1
P0810,2010,2015,5,5-9,CVA6,128,1,Protected,0.1
P0810,2010,2015,5,5-9,CVA16,64,1,Protected,0.1
P0810,2010,2020,10,10-14,EV-A71,256,1,Protected,0.1
P0810,2010,2020,10,10-14,EV-D68,128,1,Protected,0.1
P0810,2010,2020,10,10-14,CVA6,128,1,Protected,0.1
P0810,2010,2020,10,10-14,CVA16,128,1,Protected,0.1
P0810,2010,2025,15,15-19,EV-A71,256,1,Protected,0.1
P0810,2010,2025,15,15-19,EV-D68,128,1,Protected,0.1
P0810,2010,2025,15,15-19,CVA6,256,1,Protected,0.1
P0810,2010,2025,15,15-19,CVA16,256,1,Protected,0.1
P0811,2016,2020,4,0-4,EV-A71,128,1,Protected,0.1
P0811,2016,2020,4,0-4,EV-D68,64,1,Protected,0.1
P0811,2016,2020,4,0-4,CVA6,128,1,Protected,0.1
P0811,2016,2020,4,0-4,CVA16,64,1,Protected,0.1
P0811,2016,2025,9,5-9,EV-A71,256,1,Protected,0.1
P0811,2016,2025,9,5-9,EV-D68,64,1,Protected,0.1
P0811,2016,2025,9,5-9,CVA6,128,1,Protected,0.1
P0811,2016,2025,9,5-9,CVA16,64,1,Protected,0.1
P0812,2006,2010,4,0-4,EV-A71,64,1,Protected,0.1
P0812,2006,2010,4,0-4,EV-D68,32,1,Partially protected,0.5
P0812,2006,2010,4,0-4,CVA6,32,1,Partially protected,0.5
P0812,2006,2010,4,0-4,CVA16,32,1,Partially protected,0.5
P0812,2006,2015,9,5-9,EV-A71,64,1,Protected,0.1
P0812,2006,2015,9,5-9,EV-D68,32,1,Partially protected,0.5
P0812,2006,2015,9,5-9,CVA6,128,1,Protected,0.1
P0812,2006,2015,9,5-9,CVA16,64,1,Protected,0.1
P0812,2006,2020,14,10-14,EV-A71,512,1,Protected,0.1
P0812,2006,2020,14,10-14,EV-D68,128,1,Protected,0.1
P0812,2006,2020,14,10-14,CVA6,256,1,Protected,0.1
P0812,2006,2020,14,10-14,CVA16,128,1,Protected,0.1
P0812,2006,2025,19,15-19,EV-A71,512,1,Protected,0.1
P0812,2006,2025,19,15-19,EV-D68,128,1,Protected,0.1
P0812,2006,2025,19,15-19,CVA6,256,1,Protected,0.1
P0812,2006,2025,19,15-19,CVA16,128,1,Protected,0.1
P0813,1985,2005,20,20-39,EV-A71,256,1,Protected,0.1
P0813,1985,2005,20,20-39,EV-D68,64,1,Protected,0.1
P0813,1985,2005,20,20-39,CVA6,256,1,Protected,0.1
P0813,1985,2005,20,20-39,CVA16,128,1,Protected,0.1
P0813,1985,2010,25,20-39,EV-A71,256,1,Protected,0.1
P0813,1985,2010,25,20-39,EV-D68,128,1,Protected,0.1
P0813,1985,2010,25,20-39,CVA6,512,1,Protected,0.1
P0813,1985,2010,25,20-39,CVA16,128,1,Protected,0.1
P0813,1985,2015,30,20-39,EV-A71,512,1,Protected,0.1
P0813,1985,2015,30,20-39,EV-D68,128,1,Protected,0.1
P0813,1985,2015,30,20-39,CVA6,512,1,Protected,0.1
P0813,1985,2015,30,20-39,CVA16,256,1,Protected,0.1
P0813,1985,2020,35,20-39,EV-A71,512,1,Protected,0.1
P0813,1985,2020,35,20-39,EV-D68,256,1,Protected,0.1
P0813,1985,2020,35,20-39,CVA6,512,1,Protected,0.1
P0813,1985,2020,35,20-39,CVA16,256,1,Protected,0.1
P0813,1985,2025,40,40-59,EV-A71,512,1,Protected,0.1
P0813,1985,2025,40,40-59,EV-D68,256,1,Protected,0.1
P0813,1985,2025,40,40-59,CVA6,512,1,Protected,0.1
P0813,1985,2025,40,40-59,CVA16,256,1,Protected,0.1
P0814,1973,2005,32,20-39,EV-A71,128,1,Protected,0.1
P0814,1973,2005,32,20-39,EV-D68,64,1,Protected,0.1
P0814,1973,2005,32,20-39,CVA6,256,1,Protected,0.1
P0814,1973,2005,32,20-39,CVA16,128,1,Protected,0.1
P0814,1973,2010,37,20-39,EV-A71,256,1,Protected,0.1
P0814,1973,2010,37,20-39,EV-D68,128,1,Protected,0.1
P0814,1973,2010,37,20-39,CVA6,256,1,Protected,0.1
P0814,1973,2010,37,20-39,CVA16,128,1,Protected,0.1
P0814,1973,2015,42,40-59,EV-A71,512,1,Protected,0.1
P0814,1973,2015,42,40-59,EV-D68,256,1,Protected,0.1
P0814,1973,2015,42,40-59,CVA6,512,1,Protected,0.1
P0814,1973,2015,42,40-59,CVA16,256,1,Protected,0.1
P0814,1973,2020,47,40-59,EV-A71,512,1,Protected,0.1
P0814,1973,2020,47,40-59,EV-D68,256,1,Protected,0.1
P0814,1973,2020,47,40-59,CVA6,512,1,Protected,0.1
P0814,1973,2020,47,40-59,CVA16,256,1,Protected,0.1
P0814,1973,2025,52,40-59,EV-A71,512,1,Protected,0.1
P0814,1973,2025,52,40-59,EV-D68,256,1,Protected,0.1
P0814,1973,2025,52,40-59,CVA6,512,1,Protected,0.1
P0814,1973,2025,52,40-59,CVA16,512,1,Protected,0.1
P0815,2005,2005,0,0-4,EV-A71,64,1,Protected,0.1
P0815,2005,2005,0,0-4,EV-D68,64,1,Protected,0.1
P0815,2005,2005,0,0-4,CVA6,128,1,Protected,0.1
P0815,2005,2005,0,0-4,CVA16,32,1,Partially protected,0.5
P0815,2005,2010,5,5-9,EV-A71,64,1,Protected,0.1
P0815,2005,2010,5,5-9,EV-D68,32,1,Partially protected,0.5
P0815,2005,2010,5,5-9,CVA6,128,1,Protected,0.1
P0815,2005,2010,5,5-9,CVA16,32,1,Partially protected,0.5
P0815,2005,2015,10,10-14,EV-A71,128,1,Protected,0.1
P0815,2005,2015,10,10-14,EV-D68,128,1,Protected,0.1
P0815,2005,2015,10,10-14,CVA6,512,1,Protected,0.1
P0815,2005,2015,10,10-14,CVA16,64,1,Protected,0.1
P0815,2005,2020,15,15-19,EV-A71,256,1,Protected,0.1
P0815,2005,2020,15,15-19,EV-D68,128,1,Protected,0.1
P0815,2005,2020,15,15-19,CVA6,512,1,Protected,0.1
P0815,2005,2020,15,15-19,CVA16,128,1,Protected,0.1
P0815,2005,2025,20,20-39,EV-A71,256,1,Protected,0.1
P0815,2005,2025,20,20-39,EV-D68,512,1,Protected,0.1
P0815,2005,2025,20,20-39,CVA6,512,1,Protected,0.1
P0815,2005,2025,20,20-39,CVA16,256,1,Protected,0.1
P0816,2012,2015,3,0-4,EV-A71,256,1,Protected,0.1
P0816,2012,2015,3,0-4,EV-D68,64,1,Protected,0.1
P0816,2012,2015,3,0-4,CVA6,64,1,Protected,0.1
P0816,2012,2015,3,0-4,CVA16,64,1,Protected,0.1
P0816,2012,2020,8,5-9,EV-A71,128,1,Protected,0.1
P0816,2012,2020,8,5-9,EV-D68,64,1,Protected,0.1
P0816,2012,2020,8,5-9,CVA6,128,1,Protected,0.1
P0816,2012,2020,8,5-9,CVA16,64,1,Protected,0.1
P0816,2012,2025,13,10-14,EV-A71,256,1,Protected,0.1
P0816,2012,2025,13,10-14,EV-D68,64,1,Protected,0.1
P0816,2012,2025,13,10-14,CVA6,256,1,Protected,0.1
P0816,2012,2025,13,10-14,CVA16,128,1,Protected,0.1
P0817,1961,2005,44,40-59,EV-A71,256,1,Protected,0.1
P0817,1961,2005,44,40-59,EV-D68,64,1,Protected,0.1
P0817,1961,2005,44,40-59,CVA6,256,1,Protected,0.1
P0817,1961,2005,44,40-59,CVA16,128,1,Protected,0.1
P0817,1961,2010,49,40-59,EV-A71,512,1,Protected,0.1
P0817,1961,2010,49,40-59,EV-D68,128,1,Protected,0.1
P0817,1961,2010,49,40-59,CVA6,512,1,Protected,0.1
P0817,1961,2010,49,40-59,CVA16,128,1,Protected,0.1
P0817,1961,2015,54,40-59,EV-A71,512,1,Protected,0.1
P0817,1961,2015,54,40-59,EV-D68,256,1,Protected,0.1
P0817,1961,2015,54,40-59,CVA6,512,1,Protected,0.1
P0817,1961,2015,54,40-59,CVA16,256,1,Protected,0.1
P0817,1961,2020,59,40-59,EV-A71,512,1,Protected,0.1
P0817,1961,2020,59,40-59,EV-D68,512,1,Protected,0.1
P0817,1961,2020,59,40-59,CVA6,512,1,Protected,0.1
P0817,1961,2020,59,40-59,CVA16,256,1,Protected,0.1
P0817,1961,2025,64,60+,EV-A71,512,1,Protected,0.1
P0817,1961,2025,64,60+,EV-D68,512,1,Protected,0.1
P0817,1961,2025,64,60+,CVA6,256,1,Protected,0.1
P0817,1961,2025,64,60+,CVA16,256,1,Protected,0.1
P0818,2010,2010,0,0-4,EV-A71,32,1,Partially protected,0.5
P0818,2010,2010,0,0-4,EV-D68,32,1,Partially protected,0.5
P0818,2010,2010,0,0-4,CVA6,128,1,Protected,0.1
P0818,2010,2010,0,0-4,CVA16,64,1,Protected,0.1
P0818,2010,2015,5,5-9,EV-A71,128,1,Protected,0.1
P0818,2010,2015,5,5-9,EV-D68,64,1,Protected,0.1
P0818,2010,2015,5,5-9,CVA6,128,1,Protected,0.1
P0818,2010,2015,5,5-9,CVA16,64,1,Protected,0.1
P0818,2010,2020,10,10-14,EV-A71,128,1,Protected,0.1
P0818,2010,2020,10,10-14,EV-D68,128,1,Protected,0.1
P0818,2010,2020,10,10-14,CVA6,256,1,Protected,0.1
P0818,2010,2020,10,10-14,CVA16,128,1,Protected,0.1
P0818,2010,2025,15,15-19,EV-A71,256,1,Protected,0.1
P0818,2010,2025,15,15-19,EV-D68,128,1,Protected,0.1
P0818,2010,2025,15,15-19,CVA6,128,1,Protected,0.1
P0818,2010,2025,15,15-19,CVA16,64,1,Protected,0.1
P0819,1994,2005,11,10-14,EV-A71,128,1,Protected,0.1
P0819,1994,2005,11,10-14,EV-D68,32,1,Partially protected,0.5
P0819,1994,2005,11,10-14,CVA6,128,1,Protected,0.1
P0819,1994,2005,11,10-14,CVA16,64,1,Protected,0.1
P0819,1994,2010,16,15-19,EV-A71,128,1,Protected,0.1
P0819,1994,2010,16,15-19,EV-D68,64,1,Protected,0.1
P0819,1994,2010,16,15-19,CVA6,128,1,Protected,0.1
P0819,1994,2010,16,15-19,CVA16,128,1,Protected,0.1
P0819,1994,2015,21,20-39,EV-A71,512,1,Protected,0.1
P0819,1994,2015,21,20-39,EV-D68,512,1,Protected,0.1
P0819,1994,2015,21,20-39,CVA6,512,1,Protected,0.1
P0819,1994,2015,21,20-39,CVA16,256,1,Protected,0.1
P0819,1994,2020,26,20-39,EV-A71,256,1,Protected,0.1
P0819,1994,2020,26,20-39,EV-D68,256,1,Protected,0.1
P0819,1994,2020,26,20-39,CVA6,512,1,Protected,0.1
P0819,1994,2020,26,20-39,CVA16,256,1,Protected,0.1
P0819,1994,2025,31,20-39,EV-A71,512,1,Protected,0.1
P0819,1994,2025,31,20-39,EV-D68,512,1,Protected,0.1
P0819,1994,2025,31,20-39,CVA6,512,1,Protected,0.1
P0819,1994,2025,31,20-39,CVA16,256,1,Protected,0.1
P0820,2002,2005,3,0-4,EV-A71,64,1,Protected,0.1
P0820,2002,2005,3,0-4,EV-D68,64,1,Protected,0.1
P0820,2002,2005,3,0-4,CVA6,64,1,Protected,0.1
P0820,2002,2005,3,0-4,CVA16,32,1,Partially protected,0.5
P0820,2002,2010,8,5-9,EV-A71,32,1,Partially protected,0.5
P0820,2002,2010,8,5-9,EV-D68,16,0,Susceptible,1.0
P0820,2002,2010,8,5-9,CVA6,32,1,Partially protected,0.5
P0820,2002,2010,8,5-9,CVA16,32,1,Partially protected,0.5
P0820,2002,2015,13,10-14,EV-A71,512,1,Protected,0.1
P0820,2002,2015,13,10-14,EV-D68,128,1,Protected,0.1
P0820,2002,2015,13,10-14,CVA6,256,1,Protected,0.1
P0820,2002,2015,13,10-14,CVA16,128,1,Protected,0.1
P0820,2002,2020,18,15-19,EV-A71,256,1,Protected,0.1
P0820,2002,2020,18,15-19,EV-D68,128,1,Protected,0.1
P0820,2002,2020,18,15-19,CVA6,512,1,Protected,0.1
P0820,2002,2020,18,15-19,CVA16,64,1,Protected,0.1
P0820,2002,2025,23,20-39,EV-A71,512,1,Protected,0.1
P0820,2002,2025,23,20-39,EV-D68,256,1,Protected,0.1
P0820,2002,2025,23,20-39,CVA6,512,1,Protected,0.1
P0820,2002,2025,23,20-39,CVA16,256,1,Protected,0.1
P0821,1992,2005,13,10-14,EV-A71,128,1,Protected,0.1
P0821,1992,2005,13,10-14,EV-D68,128,1,Protected,0.1
P0821,1992,2005,13,10-14,CVA6,64,1,Protected,0.1
P0821,1992,2005,13,10-14,CVA16,64,1,Protected,0.1
P0821,1992,2010,18,15-19,EV-A71,128,1,Protected,0.1
P0821,1992,2010,18,15-19,EV-D68,128,1,Protected,0.1
P0821,1992,2010,18,15-19,CVA6,256,1,Protected,0.1
P0821,1992,2010,18,15-19,CVA16,32,1,Partially protected,0.5
P0821,1992,2015,23,20-39,EV-A71,512,1,Protected,0.1
P0821,1992,2015,23,20-39,EV-D68,128,1,Protected,0.1
P0821,1992,2015,23,20-39,CVA6,512,1,Protected,0.1
P0821,1992,2015,23,20-39,CVA16,256,1,Protected,0.1
P0821,1992,2020,28,20-39,EV-A71,256,1,Protected,0.1
P0821,1992,2020,28,20-39,EV-D68,128,1,Protected,0.1
P0821,1992,2020,28,20-39,CVA6,512,1,Protected,0.1
P0821,1992,2020,28,20-39,CVA16,256,1,Protected,0.1
P0821,1992,2025,33,20-39,EV-A71,256,1,Protected,0.1
P0821,1992,2025,33,20-39,EV-D68,512,1,Protected,0.1
P0821,1992,2025,33,20-39,CVA6,512,1,Protected,0.1
P0821,1992,2025,33,20-39,CVA16,256,1,Protected,0.1
P0822,1991,2005,14,10-14,EV-A71,64,1,Protected,0.1
P0822,1991,2005,14,10-14,EV-D68,64,1,Protected,0.1
P0822,1991,2005,14,10-14,CVA6,128,1,Protected,0.1
P0822,1991,2005,14,10-14,CVA16,64,1,Protected,0.1
P0822,1991,2010,19,15-19,EV-A71,64,1,Protected,0.1
P0822,1991,2010,19,15-19,EV-D68,64,1,Protected,0.1
P0822,1991,2010,19,15-19,CVA6,128,1,Protected,0.1
P0822,1991,2010,19,15-19,CVA16,32,1,Partially protected,0.5
P0822,1991,2015,24,20-39,EV-A71,512,1,Protected,0.1
P0822,1991,2015,24,20-39,EV-D68,256,1,Protected,0.1
P0822,1991,2015,24,20-39,CVA6,512,1,Protected,0.1
P0822,1991,2015,24,20-39,CVA16,128,1,Protected,0.1
P0822,1991,2020,29,20-39,EV-A71,512,1,Protected,0.1
P0822,1991,2020,29,20-39,EV-D68,256,1,Protected,0.1
P0822,1991,2020,29,20-39,CVA6,512,1,Protected,0.1
P0822,1991,2020,29,20-39,CVA16,256,1,Protected,0.1
P0822,1991,2025,34,20-39,EV-A71,512,1,Protected,0.1
P0822,1991,2025,34,20-39,EV-D68,128,1,Protected,0.1
P0822,1991,2025,34,20-39,CVA6,512,1,Protected,0.1
P0822,1991,2025,34,20-39,CVA16,256,1,Protected,0.1
P0823,1963,2005,42,40-59,EV-A71,256,1,Protected,0.1
P0823,1963,2005,42,40-59,EV-D68,64,1,Protected,0.1
P0823,1963,2005,42,40-59,CVA6,256,1,Protected,0.1
P0823,1963,2005,42,40-59,CVA16,128,1,Protected,0.1
P0823,1963,2010,47,40-59,EV-A71,256,1,Protected,0.1
P0823,1963,2010,47,40-59,EV-D68,64,1,Protected,0.1
P0823,1963,2010,47,40-59,CVA6,512,1,Protected,0.1
P0823,1963,2010,47,40-59,CVA16,64,1,Protected,0.1
P0823,1963,2015,52,40-59,EV-A71,256,1,Protected,0.1
P0823,1963,2015,52,40-59,EV-D68,256,1,Protected,0.1
P0823,1963,2015,52,40-59,CVA6,512,1,Protected,0.1
P0823,1963,2015,52,40-59,CVA16,128,1,Protected,0.1
P0823,1963,2020,57,40-59,EV-A71,256,1,Protected,0.1
P0823,1963,2020,57,40-59,EV-D68,256,1,Protected,0.1
P0823,1963,2020,57,40-59,CVA6,512,1,Protected,0.1
P0823,1963,2020,57,40-59,CVA16,256,1,Protected,0.1
P0823,1963,2025,62,60+,EV-A71,512,1,Protected,0.1
P0823,1963,2025,62,60+,EV-D68,512,1,Protected,0.1
P0823,1963,2025,62,60+,CVA6,512,1,Protected,0.1
P0823,1963,2025,62,60+,CVA16,256,1,Protected,0.1
P0824,1970,2005,35,20-39,EV-A71,256,1,Protected,0.1
P0824,1970,2005,35,20-39,EV-D68,128,1,Protected,0.1
P0824,1970,2005,35,20-39,CVA6,128,1,Protected,0.1
P0824,1970,2005,35,20-39,CVA16,256,1,Protected,0.1
P0824,1970,2010,40,40-59,EV-A71,256,1,Protected,0.1
P0824,1970,2010,40,40-59,EV-D68,128,1,Protected,0.1
P0824,1970,2010,40,40-59,CVA6,128,1,Protected,0.1
P0824,1970,2010,40,40-59,CVA16,128,1,Protected,0.1
P0824,1970,2015,45,40-59,EV-A71,512,1,Protected,0.1
P0824,1970,2015,45,40-59,EV-D68,128,1,Protected,0.1
P0824,1970,2015,45,40-59,CVA6,256,1,Protected,0.1
P0824,1970,2015,45,40-59,CVA16,256,1,Protected,0.1
P0824,1970,2020,50,40-59,EV-A71,512,1,Protected,0.1
P0824,1970,2020,50,40-59,EV-D68,128,1,Protected,0.1
P0824,1970,2020,50,40-59,CVA6,512,1,Protected,0.1
P0824,1970,2020,50,40-59,CVA16,256,1,Protected,0.1
P0824,1970,2025,55,40-59,EV-A71,512,1,Protected,0.1
P0824,1970,2025,55,40-59,EV-D68,256,1,Protected,0.1
P0824,1970,2025,55,40-59,CVA6,256,1,Protected,0.1
P0824,1970,2025,55,40-59,CVA16,256,1,Protected,0.1
P0825,1992,2005,13,10-14,EV-A71,64,1,Protected,0.1
P0825,1992,2005,13,10-14,EV-D68,128,1,Protected,0.1
P0825,1992,2005,13,10-14,CVA6,128,1,Protected,0.1
P0825,1992,2005,13,10-14,CVA16,128,1,Protected,0.1
P0825,1992,2010,18,15-19,EV-A71,128,1,Protected,0.1
P0825,1992,2010,18,15-19,EV-D68,64,1,Protected,0.1
P0825,1992,2010,18,15-19,CVA6,128,1,Protected,0.1
P0825,1992,2010,18,15-19,CVA16,64,1,Protected,0.1
P0825,1992,2015,23,20-39,EV-A71,512,1,Protected,0.1
P0825,1992,2015,23,20-39,EV-D68,128,1,Protected,0.1
P0825,1992,2015,23,20-39,CVA6,512,1,Protected,0.1
P0825,1992,2015,23,20-39,CVA16,256,1,Protected,0.1
P0825,1992,2020,28,20-39,EV-A71,512,1,Protected,0.1
P0825,1992,2020,28,20-39,EV-D68,512,1,Protected,0.1
P0825,1992,2020,28,20-39,CVA6,512,1,Protected,0.1
P0825,1992,2020,28,20-39,CVA16,512,1,Protected,0.1
P0825,1992,2025,33,20-39,EV-A71,512,1,Protected,0.1
P0825,1992,2025,33,20-39,EV-D68,256,1,Protected,0.1
P0825,1992,2025,33,20-39,CVA6,512,1,Protected,0.1
P0825,1992,2025,33,20-39,CVA16,512,1,Protected,0.1
P0826,2002,2005,3,0-4,EV-A71,64,1,Protected,0.1
P0826,2002,2005,3,0-4,EV-D68,32,1,Partially protected,0.5
P0826,2002,2005,3,0-4,CVA6,64,1,Protected,0.1
P0826,2002,2005,3,0-4,CVA16,32,1,Partially protected,0.5
P0826,2002,2010,8,5-9,EV-A71,64,1,Protected,0.1
P0826,2002,2010,8,5-9,EV-D68,32,1,Partially protected,0.5
P0826,2002,2010,8,5-9,CVA6,32,1,Partially protected,0.5
P0826,2002,2010,8,5-9,CVA16,32,1,Partially protected,0.5
P0826,2002,2015,13,10-14,EV-A71,256,1,Protected,0.1
P0826,2002,2015,13,10-14,EV-D68,64,1,Protected,0.1
P0826,2002,2015,13,10-14,CVA6,256,1,Protected,0.1
P0826,2002,2015,13,10-14,CVA16,256,1,Protected,0.1
P0826,2002,2020,18,15-19,EV-A71,512,1,Protected,0.1
P0826,2002,2020,18,15-19,EV-D68,128,1,Protected,0.1
P0826,2002,2020,18,15-19,CVA6,256,1,Protected,0.1
P0826,2002,2020,18,15-19,CVA16,128,1,Protected,0.1
P0826,2002,2025,23,20-39,EV-A71,256,1,Protected,0.1
P0826,2002,2025,23,20-39,EV-D68,128,1,Protected,0.1
P0826,2002,2025,23,20-39,CVA6,512,1,Protected,0.1
P0826,2002,2025,23,20-39,CVA16,128,1,Protected,0.1
P0827,2013,2015,2,0-4,EV-A71,128,1,Protected,0.1
P0827,2013,2015,2,0-4,EV-D68,64,1,Protected,0.1
P0827,2013,2015,2,0-4,CVA6,256,1,Protected,0.1
P0827,2013,2015,2,0-4,CVA16,64,1,Protected,0.1
P0827,2013,2020,7,5-9,EV-A71,128,1,Protected,0.1
P0827,2013,2020,7,5-9,EV-D68,128,1,Protected,0.1
P0827,2013,2020,7,5-9,CVA6,128,1,Protected,0.1
P0827,2013,2020,7,5-9,CVA16,64,1,Protected,0.1
P0827,2013,2025,12,10-14,EV-A71,256,1,Protected,0.1
P0827,2013,2025,12,10-14,EV-D68,64,1,Protected,0.1
P0827,2013,2025,12,10-14,CVA6,256,1,Protected,0.1
P0827,2013,2025,12,10-14,CVA16,256,1,Protected,0.1
P0828,1986,2005,19,15-19,EV-A71,128,1,Protected,0.1
P0828,1986,2005,19,15-19,EV-D68,64,1,Protected,0.1
P0828,1986,2005,19,15-19,CVA6,256,1,Protected,0.1
P0828,1986,2005,19,15-19,CVA16,32,1,Partially protected,0.5
P0828,1986,2010,24,20-39,EV-A71,256,1,Protected,0.1
P0828,1986,2010,24,20-39,EV-D68,64,1,Protected,0.1
P0828,1986,2010,24,20-39,CVA6,256,1,Protected,0.1
P0828,1986,2010,24,20-39,CVA16,128,1,Protected,0.1
P0828,1986,2015,29,20-39,EV-A71,512,1,Protected,0.1
P0828,1986,2015,29,20-39,EV-D68,256,1,Protected,0.1
P0828,1986,2015,29,20-39,CVA6,512,1,Protected,0.1
P0828,1986,2015,29,20-39,CVA16,256,1,Protected,0.1
P0828,1986,2020,34,20-39,EV-A71,512,1,Protected,0.1
P0828,1986,2020,34,20-39,EV-D68,256,1,Protected,0.1
P0828,1986,2020,34,20-39,CVA6,512,1,Protected,0.1
P0828,1986,2020,34,20-39,CVA16,512,1,Protected,0.1
P0828,1986,2025,39,20-39,EV-A71,512,1,Protected,0.1
P0828,1986,2025,39,20-39,EV-D68,256,1,Protected,0.1
P0828,1986,2025,39,20-39,CVA6,512,1,Protected,0.1
P0828,1986,2025,39,20-39,CVA16,512,1,Protected,0.1
P0829,2001,2005,4,0-4,EV-A71,128,1,Protected,0.1
P0829,2001,2005,4,0-4,EV-D68,32,1,Partially protected,0.5
P0829,2001,2005,4,0-4,CVA6,64,1,Protected,0.1
P0829,2001,2005,4,0-4,CVA16,16,0,Susceptible,1.0
P0829,2001,2010,9,5-9,EV-A71,128,1,Protected,0.1
P0829,2001,2010,9,5-9,EV-D68,16,0,Susceptible,1.0
P0829,2001,2010,9,5-9,CVA6,32,1,Partially protected,0.5
P0829,2001,2010,9,5-9,CVA16,16,0,Susceptible,1.0
P0829,2001,2015,14,10-14,EV-A71,512,1,Protected,0.1
P0829,2001,2015,14,10-14,EV-D68,64,1,Protected,0.1
P0829,2001,2015,14,10-14,CVA6,128,1,Protected,0.1
P0829,2001,2015,14,10-14,CVA16,128,1,Protected,0.1
P0829,2001,2020,19,15-19,EV-A71,128,1,Protected,0.1
P0829,2001,2020,19,15-19,EV-D68,128,1,Protected,0.1
P0829,2001,2020,19,15-19,CVA6,256,1,Protected,0.1
P0829,2001,2020,19,15-19,CVA16,128,1,Protected,0.1
P0829,2001,2025,24,20-39,EV-A71,512,1,Protected,0.1
P0829,2001,2025,24,20-39,EV-D68,256,1,Protected,0.1
P0829,2001,2025,24,20-39,CVA6,256,1,Protected,0.1
P0829,2001,2025,24,20-39,CVA16,128,1,Protected,0.1
P0830,2020,2020,0,0-4,EV-A71,128,1,Protected,0.1
P0830,2020,2020,0,0-4,EV-D68,64,1,Protected,0.1
P0830,2020,2020,0,0-4,CVA6,128,1,Protected,0.1
P0830,2020,2020,0,0-4,CVA16,64,1,Protected,0.1
P0830,2020,2025,5,5-9,EV-A71,128,1,Protected,0.1
P0830,2020,2025,5,5-9,EV-D68,32,1,Partially protected,0.5
P0830,2020,2025,5,5-9,CVA6,128,1,Protected,0.1
P0830,2020,2025,5,5-9,CVA16,64,1,Protected,0.1
P0831,1954,2005,51,40-59,EV-A71,128,1,Protected,0.1
P0831,1954,2005,51,40-59,EV-D68,128,1,Protected,0.1
P0831,1954,2005,51,40-59,CVA6,128,1,Protected,0.1
P0831,1954,2005,51,40-59,CVA16,64,1,Protected,0.1
P0831,1954,2010,56,40-59,EV-A71,256,1,Protected,0.1
P0831,1954,2010,56,40-59,EV-D68,128,1,Protected,0.1
P0831,1954,2010,56,40-59,CVA6,256,1,Protected,0.1
P0831,1954,2010,56,40-59,CVA16,128,1,Protected,0.1
P0831,1954,2015,61,60+,EV-A71,512,1,Protected,0.1
P0831,1954,2015,61,60+,EV-D68,128,1,Protected,0.1
P0831,1954,2015,61,60+,CVA6,256,1,Protected,0.1
P0831,1954,2015,61,60+,CVA16,256,1,Protected,0.1
P0831,1954,2020,66,60+,EV-A71,512,1,Protected,0.1
P0831,1954,2020,66,60+,EV-D68,128,1,Protected,0.1
P0831,1954,2020,66,60+,CVA6,256,1,Protected,0.1
P0831,1954,2020,66,60+,CVA16,128,1,Protected,0.1
P0831,1954,2025,71,60+,EV-A71,512,1,Protected,0.1
P0831,1954,2025,71,60+,EV-D68,256,1,Protected,0.1
P0831,1954,2025,71,60+,CVA6,512,1,Protected,0.1
P0831,1954,2025,71,60+,CVA16,512,1,Protected,0.1
P0832,2008,2010,2,0-4,EV-A71,64,1,Protected,0.1
P0832,2008,2010,2,0-4,EV-D68,32,1,Partially protected,0.5
P0832,2008,2010,2,0-4,CVA6,32,1,Partially protected,0.5
P0832,2008,2010,2,0-4,CVA16,64,1,Protected,0.1
P0832,2008,2015,7,5-9,EV-A71,128,1,Protected,0.1
P0832,2008,2015,7,5-9,EV-D68,32,1,Partially protected,0.5
P0832,2008,2015,7,5-9,CVA6,128,1,Protected,0.1
P0832,2008,2015,7,5-9,CVA16,64,1,Protected,0.1
P0832,2008,2020,12,10-14,EV-A71,128,1,Protected,0.1
P0832,2008,2020,12,10-14,EV-D68,128,1,Protected,0.1
P0832,2008,2020,12,10-14,CVA6,256,1,Protected,0.1
P0832,2008,2020,12,10-14,CVA16,64,1,Protected,0.1
P0832,2008,2025,17,15-19,EV-A71,128,1,Protected,0.1
P0832,2008,2025,17,15-19,EV-D68,128,1,Protected,0.1
P0832,2008,2025,17,15-19,CVA6,256,1,Protected,0.1
P0832,2008,2025,17,15-19,CVA16,128,1,Protected,0.1
P0833,1961,2005,44,40-59,EV-A71,256,1,Protected,0.1
P0833,1961,2005,44,40-59,EV-D68,128,1,Protected,0.1
P0833,1961,2005,44,40-59,CVA6,128,1,Protected,0.1
P0833,1961,2005,44,40-59,CVA16,256,1,Protected,0.1
P0833,1961,2010,49,40-59,EV-A71,128,1,Protected,0.1
P0833,1961,2010,49,40-59,EV-D68,64,1,Protected,0.1
P0833,1961,2010,49,40-59,CVA6,256,1,Protected,0.1
P0833,1961,2010,49,40-59,CVA16,128,1,Protected,0.1
P0833,1961,2015,54,40-59,EV-A71,512,1,Protected,0.1
P0833,1961,2015,54,40-59,EV-D68,256,1,Protected,0.1
P0833,1961,2015,54,40-59,CVA6,512,1,Protected,0.1
P0833,1961,2015,54,40-59,CVA16,128,1,Protected,0.1
P0833,1961,2020,59,40-59,EV-A71,512,1,Protected,0.1
P0833,1961,2020,59,40-59,EV-D68,256,1,Protected,0.1
P0833,1961,2020,59,40-59,CVA6,512,1,Protected,0.1
P0833,1961,2020,59,40-59,CVA16,256,1,Protected,0.1
P0833,1961,2025,64,60+,EV-A71,256,1,Protected,0.1
P0833,1961,2025,64,60+,EV-D68,128,1,Protected,0.1
P0833,1961,2025,64,60+,CVA6,512,1,Protected,0.1
P0833,1961,2025,64,60+,CVA16,256,1,Protected,0.1
P0834,1990,2005,15,15-19,EV-A71,256,1,Protected,0.1
P0834,1990,2005,15,15-19,EV-D68,64,1,Protected,0.1
P0834,1990,2005,15,15-19,CVA6,128,1,Protected,0.1
P0834,1990,2005,15,15-19,CVA16,32,1,Partially protected,0.5
P0834,1990,2010,20,20-39,EV-A71,256,1,Protected,0.1
P0834,1990,2010,20,20-39,EV-D68,128,1,Protected,0.1
P0834,1990,2010,20,20-39,CVA6,128,1,Protected,0.1
P0834,1990,2010,20,20-39,CVA16,256,1,Protected,0.1
P0834,1990,2015,25,20-39,EV-A71,512,1,Protected,0.1
P0834,1990,2015,25,20-39,EV-D68,256,1,Protected,0.1
P0834,1990,2015,25,20-39,CVA6,512,1,Protected,0.1
P0834,1990,2015,25,20-39,CVA16,512,1,Protected,0.1
P0834,1990,2020,30,20-39,EV-A71,512,1,Protected,0.1
P0834,1990,2020,30,20-39,EV-D68,256,1,Protected,0.1
P0834,1990,2020,30,20-39,CVA6,512,1,Protected,0.1
P0834,1990,2020,30,20-39,CVA16,512,1,Protected,0.1
P0834,1990,2025,35,20-39,EV-A71,512,1,Protected,0.1
P0834,1990,2025,35,20-39,EV-D68,256,1,Protected,0.1
P0834,1990,2025,35,20-39,CVA6,512,1,Protected,0.1
P0834,1990,2025,35,20-39,CVA16,256,1,Protected,0.1
P0835,1982,2005,23,20-39,EV-A71,256,1,Protected,0.1
P0835,1982,2005,23,20-39,EV-D68,128,1,Protected,0.1
P0835,1982,2005,23,20-39,CVA6,512,1,Protected,0.1
P0835,1982,2005,23,20-39,CVA16,128,1,Protected,0.1
P0835,1982,2010,28,20-39,EV-A71,256,1,Protected,0.1
P0835,1982,2010,28,20-39,EV-D68,128,1,Protected,0.1
P0835,1982,2010,28,20-39,CVA6,256,1,Protected,0.1
P0835,1982,2010,28,20-39,CVA16,128,1,Protected,0.1
P0835,1982,2015,33,20-39,EV-A71,512,1,Protected,0.1
P0835,1982,2015,33,20-39,EV-D68,256,1,Protected,0.1
P0835,1982,2015,33,20-39,CVA6,512,1,Protected,0.1
P0835,1982,2015,33,20-39,CVA16,256,1,Protected,0.1
P0835,1982,2020,38,20-39,EV-A71,512,1,Protected,0.1
P0835,1982,2020,38,20-39,EV-D68,256,1,Protected,0.1
P0835,1982,2020,38,20-39,CVA6,256,1,Protected,0.1
P0835,1982,2020,38,20-39,CVA16,512,1,Protected,0.1
P0835,1982,2025,43,40-59,EV-A71,512,1,Protected,0.1
P0835,1982,2025,43,40-59,EV-D68,256,1,Protected,0.1
P0835,1982,2025,43,40-59,CVA6,512,1,Protected,0.1
P0835,1982,2025,43,40-59,CVA16,256,1,Protected,0.1
P0836,1991,2005,14,10-14,EV-A71,128,1,Protected,0.1
P0836,1991,2005,14,10-14,EV-D68,64,1,Protected,0.1
P0836,1991,2005,14,10-14,CVA6,256,1,Protected,0.1
P0836,1991,2005,14,10-14,CVA16,64,1,Protected,0.1
P0836,1991,2010,19,15-19,EV-A71,64,1,Protected,0.1
P0836,1991,2010,19,15-19,EV-D68,64,1,Protected,0.1
P0836,1991,2010,19,15-19,CVA6,256,1,Protected,0.1
P0836,1991,2010,19,15-19,CVA16,64,1,Protected,0.1
P0836,1991,2015,24,20-39,EV-A71,512,1,Protected,0.1
P0836,1991,2015,24,20-39,EV-D68,256,1,Protected,0.1
P0836,1991,2015,24,20-39,CVA6,512,1,Protected,0.1
P0836,1991,2015,24,20-39,CVA16,256,1,Protected,0.1
P0836,1991,2020,29,20-39,EV-A71,512,1,Protected,0.1
P0836,1991,2020,29,20-39,EV-D68,256,1,Protected,0.1
P0836,1991,2020,29,20-39,CVA6,512,1,Protected,0.1
P0836,1991,2020,29,20-39,CVA16,256,1,Protected,0.1
P0836,1991,2025,34,20-39,EV-A71,256,1,Protected,0.1
P0836,1991,2025,34,20-39,EV-D68,256,1,Protected,0.1
P0836,1991,2025,34,20-39,CVA6,256,1,Protected,0.1
P0836,1991,2025,34,20-39,CVA16,512,1,Protected,0.1
P0837,1964,2005,41,40-59,EV-A71,512,1,Protected,0.1
P0837,1964,2005,41,40-59,EV-D68,64,1,Protected,0.1
P0837,1964,2005,41,40-59,CVA6,512,1,Protected,0.1
P0837,1964,2005,41,40-59,CVA16,64,1,Protected,0.1
P0837,1964,2010,46,40-59,EV-A71,512,1,Protected,0.1
P0837,1964,2010,46,40-59,EV-D68,64,1,Protected,0.1
P0837,1964,2010,46,40-59,CVA6,256,1,Protected,0.1
P0837,1964,2010,46,40-59,CVA16,256,1,Protected,0.1
P0837,1964,2015,51,40-59,EV-A71,512,1,Protected,0.1
P0837,1964,2015,51,40-59,EV-D68,256,1,Protected,0.1
P0837,1964,2015,51,40-59,CVA6,512,1,Protected,0.1
P0837,1964,2015,51,40-59,CVA16,256,1,Protected,0.1
P0837,1964,2020,56,40-59,EV-A71,256,1,Protected,0.1
P0837,1964,2020,56,40-59,EV-D68,256,1,Protected,0.1
P0837,1964,2020,56,40-59,CVA6,512,1,Protected,0.1
P0837,1964,2020,56,40-59,CVA16,512,1,Protected,0.1
P0837,1964,2025,61,60+,EV-A71,512,1,Protected,0.1
P0837,1964,2025,61,60+,EV-D68,512,1,Protected,0.1
P0837,1964,2025,61,60+,CVA6,512,1,Protected,0.1
P0837,1964,2025,61,60+,CVA16,256,1,Protected,0.1
P0838,2001,2005,4,0-4,EV-A71,128,1,Protected,0.1
P0838,2001,2005,4,0-4,EV-D68,32,1,Partially protected,0.5
P0838,2001,2005,4,0-4,CVA6,64,1,Protected,0.1
P0838,2001,2005,4,0-4,CVA16,16,0,Susceptible,1.0
P0838,2001,2010,9,5-9,EV-A71,64,1,Protected,0.1
P0838,2001,2010,9,5-9,EV-D68,32,1,Partially protected,0.5
P0838,2001,2010,9,5-9,CVA6,64,1,Protected,0.1
P0838,2001,2010,9,5-9,CVA16,32,1,Partially protected,0.5
P0838,2001,2015,14,10-14,EV-A71,128,1,Protected,0.1
P0838,2001,2015,14,10-14,EV-D68,256,1,Protected,0.1
P0838,2001,2015,14,10-14,CVA6,128,1,Protected,0.1
P0838,2001,2015,14,10-14,CVA16,128,1,Protected,0.1
P0838,2001,2020,19,15-19,EV-A71,256,1,Protected,0.1
P0838,2001,2020,19,15-19,EV-D68,64,1,Protected,0.1
P0838,2001,2020,19,15-19,CVA6,256,1,Protected,0.1
P0838,2001,2020,19,15-19,CVA16,128,1,Protected,0.1
P0838,2001,2025,24,20-39,EV-A71,512,1,Protected,0.1
P0838,2001,2025,24,20-39,EV-D68,256,1,Protected,0.1
P0838,2001,2025,24,20-39,CVA6,512,1,Protected,0.1
P0838,2001,2025,24,20-39,CVA16,512,1,Protected,0.1
P0839,2015,2015,0,0-4,EV-A71,64,1,Protected,0.1
P0839,2015,2015,0,0-4,EV-D68,64,1,Protected,0.1
P0839,2015,2015,0,0-4,CVA6,64,1,Protected,0.1
P0839,2015,2015,0,0-4,CVA16,32,1,Partially protected,0.5
P0839,2015,2020,5,5-9,EV-A71,64,1,Protected,0.1
P0839,2015,2020,5,5-9,EV-D68,64,1,Protected,0.1
P0839,2015,2020,5,5-9,CVA6,64,1,Protected,0.1
P0839,2015,2020,5,5-9,CVA16,64,1,Protected,0.1
P0839,2015,2025,10,10-14,EV-A71,256,1,Protected,0.1
P0839,2015,2025,10,10-14,EV-D68,64,1,Protected,0.1
P0839,2015,2025,10,10-14,CVA6,128,1,Protected,0.1
P0839,2015,2025,10,10-14,CVA16,128,1,Protected,0.1
P0840,1950,2005,55,40-59,EV-A71,256,1,Protected,0.1
P0840,1950,2005,55,40-59,EV-D68,64,1,Protected,0.1
P0840,1950,2005,55,40-59,CVA6,256,1,Protected,0.1
P0840,1950,2005,55,40-59,CVA16,128,1,Protected,0.1
P0840,1950,2010,60,60+,EV-A71,256,1,Protected,0.1
P0840,1950,2010,60,60+,EV-D68,64,1,Protected,0.1
P0840,1950,2010,60,60+,CVA6,512,1,Protected,0.1
P0840,1950,2010,60,60+,CVA16,128,1,Protected,0.1
P0840,1950,2015,65,60+,EV-A71,512,1,Protected,0.1
P0840,1950,2015,65,60+,EV-D68,256,1,Protected,0.1
P0840,1950,2015,65,60+,CVA6,512,1,Protected,0.1
P0840,1950,2015,65,60+,CVA16,256,1,Protected,0.1
P0840,1950,2020,70,60+,EV-A71,512,1,Protected,0.1
P0840,1950,2020,70,60+,EV-D68,256,1,Protected,0.1
P0840,1950,2020,70,60+,CVA6,512,1,Protected,0.1
P0840,1950,2020,70,60+,CVA16,512,1,Protected,0.1
P0840,1950,2025,75,60+,EV-A71,512,1,Protected,0.1
P0840,1950,2025,75,60+,EV-D68,512,1,Protected,0.1
P0840,1950,2025,75,60+,CVA6,512,1,Protected,0.1
P0840,1950,2025,75,60+,CVA16,128,1,Protected,0.1
P0841,2019,2020,1,0-4,EV-A71,128,1,Protected,0.1
P0841,2019,2020,1,0-4,EV-D68,32,1,Partially protected,0.5
P0841,2019,2020,1,0-4,CVA6,128,1,Protected,0.1
P0841,2019,2020,1,0-4,CVA16,64,1,Protected,0.1
P0841,2019,2025,6,5-9,EV-A71,128,1,Protected,0.1
P0841,2019,2025,6,5-9,EV-D68,32,1,Partially protected,0.5
P0841,2019,2025,6,5-9,CVA6,128,1,Protected,0.1
P0841,2019,2025,6,5-9,CVA16,64,1,Protected,0.1
P0842,2009,2010,1,0-4,EV-A71,64,1,Protected,0.1
P0842,2009,2010,1,0-4,EV-D68,64,1,Protected,0.1
P0842,2009,2010,1,0-4,CVA6,32,1,Partially protected,0.5
P0842,2009,2010,1,0-4,CVA16,32,1,Partially protected,0.5
P0842,2009,2015,6,5-9,EV-A71,256,1,Protected,0.1
P0842,2009,2015,6,5-9,EV-D68,128,1,Protected,0.1
P0842,2009,2015,6,5-9,CVA6,128,1,Protected,0.1
P0842,2009,2015,6,5-9,CVA16,64,1,Protected,0.1
P0842,2009,2020,11,10-14,EV-A71,128,1,Protected,0.1
P0842,2009,2020,11,10-14,EV-D68,128,1,Protected,0.1
P0842,2009,2020,11,10-14,CVA6,128,1,Protected,0.1
P0842,2009,2020,11,10-14,CVA16,128,1,Protected,0.1
P0842,2009,2025,16,15-19,EV-A71,128,1,Protected,0.1
P0842,2009,2025,16,15-19,EV-D68,128,1,Protected,0.1
P0842,2009,2025,16,15-19,CVA6,256,1,Protected,0.1
P0842,2009,2025,16,15-19,CVA16,256,1,Protected,0.1
P0843,2002,2005,3,0-4,EV-A71,32,1,Partially protected,0.5
P0843,2002,2005,3,0-4,EV-D68,16,0,Susceptible,1.0
P0843,2002,2005,3,0-4,CVA6,64,1,Protected,0.1
P0843,2002,2005,3,0-4,CVA16,16,0,Susceptible,1.0
P0843,2002,2010,8,5-9,EV-A71,64,1,Protected,0.1
P0843,2002,2010,8,5-9,EV-D68,32,1,Partially protected,0.5
P0843,2002,2010,8,5-9,CVA6,64,1,Protected,0.1
P0843,2002,2010,8,5-9,CVA16,32,1,Partially protected,0.5
P0843,2002,2015,13,10-14,EV-A71,512,1,Protected,0.1
P0843,2002,2015,13,10-14,EV-D68,128,1,Protected,0.1
P0843,2002,2015,13,10-14,CVA6,128,1,Protected,0.1
P0843,2002,2015,13,10-14,CVA16,128,1,Protected,0.1
P0843,2002,2020,18,15-19,EV-A71,256,1,Protected,0.1
P0843,2002,2020,18,15-19,EV-D68,256,1,Protected,0.1
P0843,2002,2020,18,15-19,CVA6,256,1,Protected,0.1
P0843,2002,2020,18,15-19,CVA16,128,1,Protected,0.1
P0843,2002,2025,23,20-39,EV-A71,512,1,Protected,0.1
P0843,2002,2025,23,20-39,EV-D68,256,1,Protected,0.1
P0843,2002,2025,23,20-39,CVA6,256,1,Protected,0.1
P0843,2002,2025,23,20-39,CVA16,128,1,Protected,0.1
P0844,1956,2005,49,40-59,EV-A71,256,1,Protected,0.1
P0844,1956,2005,49,40-59,EV-D68,256,1,Protected,0.1
P0844,1956,2005,49,40-59,CVA6,128,1,Protected,0.1
P0844,1956,2005,49,40-59,CVA16,256,1,Protected,0.1
P0844,1956,2010,54,40-59,EV-A71,256,1,Protected,0.1
P0844,1956,2010,54,40-59,EV-D68,64,1,Protected,0.1
P0844,1956,2010,54,40-59,CVA6,512,1,Protected,0.1
P0844,1956,2010,54,40-59,CVA16,128,1,Protected,0.1
P0844,1956,2015,59,40-59,EV-A71,512,1,Protected,0.1
P0844,1956,2015,59,40-59,EV-D68,256,1,Protected,0.1
P0844,1956,2015,59,40-59,CVA6,512,1,Protected,0.1
P0844,1956,2015,59,40-59,CVA16,256,1,Protected,0.1
P0844,1956,2020,64,60+,EV-A71,512,1,Protected,0.1
P0844,1956,2020,64,60+,EV-D68,128,1,Protected,0.1
P0844,1956,2020,64,60+,CVA6,512,1,Protected,0.1
P0844,1956,2020,64,60+,CVA16,512,1,Protected,0.1
P0844,1956,2025,69,60+,EV-A71,256,1,Protected,0.1
P0844,1956,2025,69,60+,EV-D68,512,1,Protected,0.1
P0844,1956,2025,69,60+,CVA6,512,1,Protected,0.1
P0844,1956,2025,69,60+,CVA16,256,1,Protected,0.1
P0845,1974,2005,31,20-39,EV-A71,256,1,Protected,0.1
P0845,1974,2005,31,20-39,EV-D68,128,1,Protected,0.1
P0845,1974,2005,31,20-39,CVA6,256,1,Protected,0.1
P0845,1974,2005,31,20-39,CVA16,64,1,Protected,0.1
P0845,1974,2010,36,20-39,EV-A71,256,1,Protected,0.1
P0845,1974,2010,36,20-39,EV-D68,256,1,Protected,0.1
P0845,1974,2010,36,20-39,CVA6,256,1,Protected,0.1
P0845,1974,2010,36,20-39,CVA16,128,1,Protected,0.1
P0845,1974,2015,41,40-59,EV-A71,256,1,Protected,0.1
P0845,1974,2015,41,40-59,EV-D68,256,1,Protected,0.1
P0845,1974,2015,41,40-59,CVA6,256,1,Protected,0.1
P0845,1974,2015,41,40-59,CVA16,256,1,Protected,0.1
P0845,1974,2020,46,40-59,EV-A71,512,1,Protected,0.1
P0845,1974,2020,46,40-59,EV-D68,256,1,Protected,0.1
P0845,1974,2020,46,40-59,CVA6,512,1,Protected,0.1
P0845,1974,2020,46,40-59,CVA16,128,1,Protected,0.1
P0845,1974,2025,51,40-59,EV-A71,512,1,Protected,0.1
P0845,1974,2025,51,40-59,EV-D68,256,1,Protected,0.1
P0845,1974,2025,51,40-59,CVA6,512,1,Protected,0.1
P0845,1974,2025,51,40-59,CVA16,128,1,Protected,0.1
P0846,2016,2020,4,0-4,EV-A71,128,1,Protected,0.1
P0846,2016,2020,4,0-4,EV-D68,64,1,Protected,0.1
P0846,2016,2020,4,0-4,CVA6,128,1,Protected,0.1
P0846,2016,2020,4,0-4,CVA16,64,1,Protected,0.1
P0846,2016,2025,9,5-9,EV-A71,256,1,Protected,0.1
P0846,2016,2025,9,5-9,EV-D68,64,1,Protected,0.1
P0846,2016,2025,9,5-9,CVA6,128,1,Protected,0.1
P0846,2016,2025,9,5-9,CVA16,64,1,Protected,0.1
P0847,1996,2005,9,5-9,EV-A71,32,1,Partially protected,0.5
P0847,1996,2005,9,5-9,EV-D68,16,0,Susceptible,1.0
P0847,1996,2005,9,5-9,CVA6,64,1,Protected,0.1
P0847,1996,2005,9,5-9,CVA16,32,1,Partially protected,0.5
P0847,1996,2010,14,10-14,EV-A71,128,1,Protected,0.1
P0847,1996,2010,14,10-14,EV-D68,128,1,Protected,0.1
P0847,1996,2010,14,10-14,CVA6,256,1,Protected,0.1
P0847,1996,2010,14,10-14,CVA16,32,1,Partially protected,0.5
P0847,1996,2015,19,15-19,EV-A71,256,1,Protected,0.1
P0847,1996,2015,19,15-19,EV-D68,128,1,Protected,0.1
P0847,1996,2015,19,15-19,CVA6,256,1,Protected,0.1
P0847,1996,2015,19,15-19,CVA16,128,1,Protected,0.1
P0847,1996,2020,24,20-39,EV-A71,256,1,Protected,0.1
P0847,1996,2020,24,20-39,EV-D68,512,1,Protected,0.1
P0847,1996,2020,24,20-39,CVA6,512,1,Protected,0.1
P0847,1996,2020,24,20-39,CVA16,512,1,Protected,0.1
P0847,1996,2025,29,20-39,EV-A71,256,1,Protected,0.1
P0847,1996,2025,29,20-39,EV-D68,256,1,Protected,0.1
P0847,1996,2025,29,20-39,CVA6,512,1,Protected,0.1
P0847,1996,2025,29,20-39,CVA16,128,1,Protected,0.1
P0848,2013,2015,2,0-4,EV-A71,128,1,Protected,0.1
P0848,2013,2015,2,0-4,EV-D68,64,1,Protected,0.1
P0848,2013,2015,2,0-4,CVA6,256,1,Protected,0.1
P0848,2013,2015,2,0-4,CVA16,64,1,Protected,0.1
P0848,2013,2020,7,5-9,EV-A71,64,1,Protected,0.1
P0848,2013,2020,7,5-9,EV-D68,32,1,Partially protected,0.5
P0848,2013,2020,7,5-9,CVA6,64,1,Protected,0.1
P0848,2013,2020,7,5-9,CVA16,64,1,Protected,0.1
P0848,2013,2025,12,10-14,EV-A71,256,1,Protected,0.1
P0848,2013,2025,12,10-14,EV-D68,128,1,Protected,0.1
P0848,2013,2025,12,10-14,CVA6,256,1,Protected,0.1
P0848,2013,2025,12,10-14,CVA16,256,1,Protected,0.1
P0849,2006,2010,4,0-4,EV-A71,64,1,Protected,0.1
P0849,2006,2010,4,0-4,EV-D68,32,1,Partially protected,0.5
P0849,2006,2010,4,0-4,CVA6,32,1,Partially protected,0.5
P0849,2006,2010,4,0-4,CVA16,16,0,Susceptible,1.0
P0849,2006,2015,9,5-9,EV-A71,128,1,Protected,0.1
P0849,2006,2015,9,5-9,EV-D68,32,1,Partially protected,0.5
P0849,2006,2015,9,5-9,CVA6,256,1,Protected,0.1
P0849,2006,2015,9,5-9,CVA16,64,1,Protected,0.1
P0849,2006,2020,14,10-14,EV-A71,256,1,Protected,0.1
P0849,2006,2020,14,10-14,EV-D68,128,1,Protected,0.1
P0849,2006,2020,14,10-14,CVA6,512,1,Protected,0.1
P0849,2006,2020,14,10-14,CVA16,128,1,Protected,0.1
P0849,2006,2025,19,15-19,EV-A71,512,1,Protected,0.1
P0849,2006,2025,19,15-19,EV-D68,128,1,Protected,0.1
P0849,2006,2025,19,15-19,CVA6,256,1,Protected,0.1
P0849,2006,2025,19,15-19,CVA16,64,1,Protected,0.1
P0850,1956,2005,49,40-59,EV-A71,256,1,Protected,0.1
P0850,1956,2005,49,40-59,EV-D68,256,1,Protected,0.1
P0850,1956,2005,49,40-59,CVA6,256,1,Protected,0.1
P0850,1956,2005,49,40-59,CVA16,64,1,Protected,0.1
P0850,1956,2010,54,40-59,EV-A71,512,1,Protected,0.1
P0850,1956,2010,54,40-59,EV-D68,64,1,Protected,0.1
P0850,1956,2010,54,40-59,CVA6,256,1,Protected,0.1
P0850,1956,2010,54,40-59,CVA16,128,1,Protected,0.1
P0850,1956,2015,59,40-59,EV-A71,512,1,Protected,0.1
P0850,1956,2015,59,40-59,EV-D68,256,1,Protected,0.1
P0850,1956,2015,59,40-59,CVA6,512,1,Protected,0.1
P0850,1956,2015,59,40-59,CVA16,256,1,Protected,0.1
P0850,1956,2020,64,60+,EV-A71,256,1,Protected,0.1
P0850,1956,2020,64,60+,EV-D68,256,1,Protected,0.1
P0850,1956,2020,64,60+,CVA6,256,1,Protected,0.1
P0850,1956,2020,64,60+,CVA16,512,1,Protected,0.1
P0850,1956,2025,69,60+,EV-A71,256,1,Protected,0.1
P0850,1956,2025,69,60+,EV-D68,128,1,Protected,0.1
P0850,1956,2025,69,60+,CVA6,512,1,Protected,0.1
P0850,1956,2025,69,60+,CVA16,256,1,Protected,0.1
P0851,1976,2005,29,20-39,EV-A71,512,1,Protected,0.1
P0851,1976,2005,29,20-39,EV-D68,256,1,Protected,0.1
P0851,1976,2005,29,20-39,CVA6,128,1,Protected,0.1
P0851,1976,2005,29,20-39,CVA16,128,1,Protected,0.1
P0851,1976,2010,34,20-39,EV-A71,256,1,Protected,0.1
P0851,1976,2010,34,20-39,EV-D68,128,1,Protected,0.1
P0851,1976,2010,34,20-39,CVA6,256,1,Protected,0.1
P0851,1976,2010,34,20-39,CVA16,128,1,Protected,0.1
P0851,1976,2015,39,20-39,EV-A71,512,1,Protected,0.1
P0851,1976,2015,39,20-39,EV-D68,256,1,Protected,0.1
P0851,1976,2015,39,20-39,CVA6,512,1,Protected,0.1
P0851,1976,2015,39,20-39,CVA16,256,1,Protected,0.1
P0851,1976,2020,44,40-59,EV-A71,512,1,Protected,0.1
P0851,1976,2020,44,40-59,EV-D68,256,1,Protected,0.1
P0851,1976,2020,44,40-59,CVA6,256,1,Protected,0.1
P0851,1976,2020,44,40-59,CVA16,256,1,Protected,0.1
P0851,1976,2025,49,40-59,EV-A71,512,1,Protected,0.1
P0851,1976,2025,49,40-59,EV-D68,512,1,Protected,0.1
P0851,1976,2025,49,40-59,CVA6,512,1,Protected,0.1
P0851,1976,2025,49,40-59,CVA16,128,1,Protected,0.1
P0852,1984,2005,21,20-39,EV-A71,256,1,Protected,0.1
P0852,1984,2005,21,20-39,EV-D68,128,1,Protected,0.1
P0852,1984,2005,21,20-39,CVA6,512,1,Protected,0.1
P0852,1984,2005,21,20-39,CVA16,128,1,Protected,0.1
P0852,1984,2010,26,20-39,EV-A71,128,1,Protected,0.1
P0852,1984,2010,26,20-39,EV-D68,128,1,Protected,0.1
P0852,1984,2010,26,20-39,CVA6,512,1,Protected,0.1
P0852,1984,2010,26,20-39,CVA16,64,1,Protected,0.1
P0852,1984,2015,31,20-39,EV-A71,512,1,Protected,0.1
P0852,1984,2015,31,20-39,EV-D68,256,1,Protected,0.1
P0852,1984,2015,31,20-39,CVA6,512,1,Protected,0.1
P0852,1984,2015,31,20-39,CVA16,256,1,Protected,0.1
P0852,1984,2020,36,20-39,EV-A71,512,1,Protected,0.1
P0852,1984,2020,36,20-39,EV-D68,256,1,Protected,0.1
P0852,1984,2020,36,20-39,CVA6,512,1,Protected,0.1
P0852,1984,2020,36,20-39,CVA16,256,1,Protected,0.1
P0852,1984,2025,41,40-59,EV-A71,256,1,Protected,0.1
P0852,1984,2025,41,40-59,EV-D68,256,1,Protected,0.1
P0852,1984,2025,41,40-59,CVA6,256,1,Protected,0.1
P0852,1984,2025,41,40-59,CVA16,256,1,Protected,0.1
P0853,2020,2020,0,0-4,EV-A71,128,1,Protected,0.1
P0853,2020,2020,0,0-4,EV-D68,32,1,Partially protected,0.5
P0853,2020,2020,0,0-4,CVA6,128,1,Protected,0.1
P0853,2020,2020,0,0-4,CVA16,64,1,Protected,0.1
P0853,2020,2025,5,5-9,EV-A71,128,1,Protected,0.1
P0853,2020,2025,5,5-9,EV-D68,64,1,Protected,0.1
P0853,2020,2025,5,5-9,CVA6,256,1,Protected,0.1
P0853,2020,2025,5,5-9,CVA16,64,1,Protected,0.1
P0854,1966,2005,39,20-39,EV-A71,256,1,Protected,0.1
P0854,1966,2005,39,20-39,EV-D68,128,1,Protected,0.1
P0854,1966,2005,39,20-39,CVA6,512,1,Protected,0.1
P0854,1966,2005,39,20-39,CVA16,256,1,Protected,0.1
P0854,1966,2010,44,40-59,EV-A71,256,1,Protected,0.1
P0854,1966,2010,44,40-59,EV-D68,128,1,Protected,0.1
P0854,1966,2010,44,40-59,CVA6,256,1,Protected,0.1
P0854,1966,2010,44,40-59,CVA16,256,1,Protected,0.1
P0854,1966,2015,49,40-59,EV-A71,512,1,Protected,0.1
P0854,1966,2015,49,40-59,EV-D68,256,1,Protected,0.1
P0854,1966,2015,49,40-59,CVA6,512,1,Protected,0.1
P0854,1966,2015,49,40-59,CVA16,128,1,Protected,0.1
P0854,1966,2020,54,40-59,EV-A71,512,1,Protected,0.1
P0854,1966,2020,54,40-59,EV-D68,512,1,Protected,0.1
P0854,1966,2020,54,40-59,CVA6,256,1,Protected,0.1
P0854,1966,2020,54,40-59,CVA16,256,1,Protected,0.1
P0854,1966,2025,59,40-59,EV-A71,256,1,Protected,0.1
P0854,1966,2025,59,40-59,EV-D68,512,1,Protected,0.1
P0854,1966,2025,59,40-59,CVA6,256,1,Protected,0.1
P0854,1966,2025,59,40-59,CVA16,256,1,Protected,0.1
P0855,1986,2005,19,15-19,EV-A71,64,1,Protected,0.1
P0855,1986,2005,19,15-19,EV-D68,64,1,Protected,0.1
P0855,1986,2005,19,15-19,CVA6,128,1,Protected,0.1
P0855,1986,2005,19,15-19,CVA16,64,1,Protected,0.1
P0855,1986,2010,24,20-39,EV-A71,256,1,Protected,0.1
P0855,1986,2010,24,20-39,EV-D68,128,1,Protected,0.1
P0855,1986,2010,24,20-39,CVA6,256,1,Protected,0.1
P0855,1986,2010,24,20-39,CVA16,128,1,Protected,0.1
P0855,1986,2015,29,20-39,EV-A71,512,1,Protected,0.1
P0855,1986,2015,29,20-39,EV-D68,512,1,Protected,0.1
P0855,1986,2015,29,20-39,CVA6,512,1,Protected,0.1
P0855,1986,2015,29,20-39,CVA16,256,1,Protected,0.1
P0855,1986,2020,34,20-39,EV-A71,512,1,Protected,0.1
P0855,1986,2020,34,20-39,EV-D68,512,1,Protected,0.1
P0855,1986,2020,34,20-39,CVA6,512,1,Protected,0.1
P0855,1986,2020,34,20-39,CVA16,256,1,Protected,0.1
P0855,1986,2025,39,20-39,EV-A71,512,1,Protected,0.1
P0855,1986,2025,39,20-39,EV-D68,512,1,Protected,0.1
P0855,1986,2025,39,20-39,CVA6,512,1,Protected,0.1
P0855,1986,2025,39,20-39,CVA16,512,1,Protected,0.1
P0856,2006,2010,4,0-4,EV-A71,128,1,Protected,0.1
P0856,2006,2010,4,0-4,EV-D68,32,1,Partially protected,0.5
P0856,2006,2010,4,0-4,CVA6,64,1,Protected,0.1
P0856,2006,2010,4,0-4,CVA16,32,1,Partially protected,0.5
P0856,2006,2015,9,5-9,EV-A71,64,1,Protected,0.1
P0856,2006,2015,9,5-9,EV-D68,64,1,Protected,0.1
P0856,2006,2015,9,5-9,CVA6,128,1,Protected,0.1
P0856,2006,2015,9,5-9,CVA16,128,1,Protected,0.1
P0856,2006,2020,14,10-14,EV-A71,512,1,Protected,0.1
P0856,2006,2020,14,10-14,EV-D68,256,1,Protected,0.1
P0856,2006,2020,14,10-14,CVA6,128,1,Protected,0.1
P0856,2006,2020,14,10-14,CVA16,128,1,Protected,0.1
P0856,2006,2025,19,15-19,EV-A71,256,1,Protected,0.1
P0856,2006,2025,19,15-19,EV-D68,128,1,Protected,0.1
P0856,2006,2025,19,15-19,CVA6,256,1,Protected,0.1
P0856,2006,2025,19,15-19,CVA16,256,1,Protected,0.1
P0857,2012,2015,3,0-4,EV-A71,256,1,Protected,0.1
P0857,2012,2015,3,0-4,EV-D68,64,1,Protected,0.1
P0857,2012,2015,3,0-4,CVA6,128,1,Protected,0.1
P0857,2012,2015,3,0-4,CVA16,64,1,Protected,0.1
P0857,2012,2020,8,5-9,EV-A71,128,1,Protected,0.1
P0857,2012,2020,8,5-9,EV-D68,128,1,Protected,0.1
P0857,2012,2020,8,5-9,CVA6,128,1,Protected,0.1
P0857,2012,2020,8,5-9,CVA16,64,1,Protected,0.1
P0857,2012,2025,13,10-14,EV-A71,256,1,Protected,0.1
P0857,2012,2025,13,10-14,EV-D68,128,1,Protected,0.1
P0857,2012,2025,13,10-14,CVA6,256,1,Protected,0.1
P0857,2012,2025,13,10-14,CVA16,256,1,Protected,0.1
P0858,1965,2005,40,40-59,EV-A71,256,1,Protected,0.1
P0858,1965,2005,40,40-59,EV-D68,128,1,Protected,0.1
P0858,1965,2005,40,40-59,CVA6,256,1,Protected,0.1
P0858,1965,2005,40,40-59,CVA16,256,1,Protected,0.1
P0858,1965,2010,45,40-59,EV-A71,256,1,Protected,0.1
P0858,1965,2010,45,40-59,EV-D68,128,1,Protected,0.1
P0858,1965,2010,45,40-59,CVA6,512,1,Protected,0.1
P0858,1965,2010,45,40-59,CVA16,128,1,Protected,0.1
P0858,1965,2015,50,40-59,EV-A71,512,1,Protected,0.1
P0858,1965,2015,50,40-59,EV-D68,256,1,Protected,0.1
P0858,1965,2015,50,40-59,CVA6,512,1,Protected,0.1
P0858,1965,2015,50,40-59,CVA16,512,1,Protected,0.1
P0858,1965,2020,55,40-59,EV-A71,512,1,Protected,0.1
P0858,1965,2020,55,40-59,EV-D68,256,1,Protected,0.1
P0858,1965,2020,55,40-59,CVA6,512,1,Protected,0.1
P0858,1965,2020,55,40-59,CVA16,256,1,Protected,0.1
P0858,1965,2025,60,60+,EV-A71,512,1,Protected,0.1
P0858,1965,2025,60,60+,EV-D68,512,1,Protected,0.1
P0858,1965,2025,60,60+,CVA6,512,1,Protected,0.1
P0858,1965,2025,60,60+,CVA16,128,1,Protected,0.1
P0859,1953,2005,52,40-59,EV-A71,256,1,Protected,0.1
P0859,1953,2005,52,40-59,EV-D68,128,1,Protected,0.1
P0859,1953,2005,52,40-59,CVA6,256,1,Protected,0.1
P0859,1953,2005,52,40-59,CVA16,256,1,Protected,0.1
P0859,1953,2010,57,40-59,EV-A71,256,1,Protected,0.1
P0859,1953,2010,57,40-59,EV-D68,128,1,Protected,0.1
P0859,1953,2010,57,40-59,CVA6,256,1,Protected,0.1
P0859,1953,2010,57,40-59,CVA16,128,1,Protected,0.1
P0859,1953,2015,62,60+,EV-A71,512,1,Protected,0.1
P0859,1953,2015,62,60+,EV-D68,256,1,Protected,0.1
P0859,1953,2015,62,60+,CVA6,512,1,Protected,0.1
P0859,1953,2015,62,60+,CVA16,256,1,Protected,0.1
P0859,1953,2020,67,60+,EV-A71,512,1,Protected,0.1
P0859,1953,2020,67,60+,EV-D68,256,1,Protected,0.1
P0859,1953,2020,67,60+,CVA6,512,1,Protected,0.1
P0859,1953,2020,67,60+,CVA16,256,1,Protected,0.1
P0859,1953,2025,72,60+,EV-A71,512,1,Protected,0.1
P0859,1953,2025,72,60+,EV-D68,256,1,Protected,0.1
P0859,1953,2025,72,60+,CVA6,512,1,Protected,0.1
P0859,1953,2025,72,60+,CVA16,128,1,Protected,0.1
P0860,1980,2005,25,20-39,EV-A71,256,1,Protected,0.1
P0860,1980,2005,25,20-39,EV-D68,64,1,Protected,0.1
P0860,1980,2005,25,20-39,CVA6,256,1,Protected,0.1
P0860,1980,2005,25,20-39,CVA16,256,1,Protected,0.1
P0860,1980,2010,30,20-39,EV-A71,256,1,Protected,0.1
P0860,1980,2010,30,20-39,EV-D68,64,1,Protected,0.1
P0860,1980,2010,30,20-39,CVA6,128,1,Protected,0.1
P0860,1980,2010,30,20-39,CVA16,128,1,Protected,0.1
P0860,1980,2015,35,20-39,EV-A71,512,1,Protected,0.1
P0860,1980,2015,35,20-39,EV-D68,256,1,Protected,0.1
P0860,1980,2015,35,20-39,CVA6,512,1,Protected,0.1
P0860,1980,2015,35,20-39,CVA16,512,1,Protected,0.1
P0860,1980,2020,40,40-59,EV-A71,512,1,Protected,0.1
P0860,1980,2020,40,40-59,EV-D68,256,1,Protected,0.1
P0860,1980,2020,40,40-59,CVA6,512,1,Protected,0.1
P0860,1980,2020,40,40-59,CVA16,512,1,Protected,0.1
P0860,1980,2025,45,40-59,EV-A71,512,1,Protected,0.1
P0860,1980,2025,45,40-59,EV-D68,256,1,Protected,0.1
P0860,1980,2025,45,40-59,CVA6,512,1,Protected,0.1
P0860,1980,2025,45,40-59,CVA16,128,1,Protected,0.1
P0861,1970,2005,35,20-39,EV-A71,256,1,Protected,0.1
P0861,1970,2005,35,20-39,EV-D68,128,1,Protected,0.1
P0861,1970,2005,35,20-39,CVA6,512,1,Protected,0.1
P0861,1970,2005,35,20-39,CVA16,64,1,Protected,0.1
P0861,1970,2010,40,40-59,EV-A71,256,1,Protected,0.1
P0861,1970,2010,40,40-59,EV-D68,128,1,Protected,0.1
P0861,1970,2010,40,40-59,CVA6,256,1,Protected,0.1
P0861,1970,2010,40,40-59,CVA16,128,1,Protected,0.1
P0861,1970,2015,45,40-59,EV-A71,256,1,Protected,0.1
P0861,1970,2015,45,40-59,EV-D68,256,1,Protected,0.1
P0861,1970,2015,45,40-59,CVA6,512,1,Protected,0.1
P0861,1970,2015,45,40-59,CVA16,128,1,Protected,0.1
P0861,1970,2020,50,40-59,EV-A71,512,1,Protected,0.1
P0861,1970,2020,50,40-59,EV-D68,128,1,Protected,0.1
P0861,1970,2020,50,40-59,CVA6,256,1,Protected,0.1
P0861,1970,2020,50,40-59,CVA16,128,1,Protected,0.1
P0861,1970,2025,55,40-59,EV-A71,512,1,Protected,0.1
P0861,1970,2025,55,40-59,EV-D68,128,1,Protected,0.1
P0861,1970,2025,55,40-59,CVA6,512,1,Protected,0.1
P0861,1970,2025,55,40-59,CVA16,512,1,Protected,0.1
P0862,1989,2005,16,15-19,EV-A71,128,1,Protected,0.1
P0862,1989,2005,16,15-19,EV-D68,64,1,Protected,0.1
P0862,1989,2005,16,15-19,CVA6,64,1,Protected,0.1
P0862,1989,2005,16,15-19,CVA16,64,1,Protected,0.1
P0862,1989,2010,21,20-39,EV-A71,256,1,Protected,0.1
P0862,1989,2010,21,20-39,EV-D68,64,1,Protected,0.1
P0862,1989,2010,21,20-39,CVA6,512,1,Protected,0.1
P0862,1989,2010,21,20-39,CVA16,64,1,Protected,0.1
P0862,1989,2015,26,20-39,EV-A71,256,1,Protected,0.1
P0862,1989,2015,26,20-39,EV-D68,128,1,Protected,0.1
P0862,1989,2015,26,20-39,CVA6,512,1,Protected,0.1
P0862,1989,2015,26,20-39,CVA16,512,1,Protected,0.1
P0862,1989,2020,31,20-39,EV-A71,512,1,Protected,0.1
P0862,1989,2020,31,20-39,EV-D68,256,1,Protected,0.1
P0862,1989,2020,31,20-39,CVA6,512,1,Protected,0.1
P0862,1989,2020,31,20-39,CVA16,256,1,Protected,0.1
P0862,1989,2025,36,20-39,EV-A71,512,1,Protected,0.1
P0862,1989,2025,36,20-39,EV-D68,256,1,Protected,0.1
P0862,1989,2025,36,20-39,CVA6,512,1,Protected,0.1
P0862,1989,2025,36,20-39,CVA16,512,1,Protected,0.1
P0863,2020,2020,0,0-4,EV-A71,256,1,Protected,0.1
P0863,2020,2020,0,0-4,EV-D68,64,1,Protected,0.1
P0863,2020,2020,0,0-4,CVA6,256,1,Protected,0.1
P0863,2020,2020,0,0-4,CVA16,64,1,Protected,0.1
P0863,2020,2025,5,5-9,EV-A71,128,1,Protected,0.1
P0863,2020,2025,5,5-9,EV-D68,64,1,Protected,0.1
P0863,2020,2025,5,5-9,CVA6,64,1,Protected,0.1
P0863,2020,2025,5,5-9,CVA16,128,1,Protected,0.1
P0864,1951,2005,54,40-59,EV-A71,512,1,Protected,0.1
P0864,1951,2005,54,40-59,EV-D68,128,1,Protected,0.1
P0864,1951,2005,54,40-59,CVA6,256,1,Protected,0.1
P0864,1951,2005,54,40-59,CVA16,128,1,Protected,0.1
P0864,1951,2010,59,40-59,EV-A71,256,1,Protected,0.1
P0864,1951,2010,59,40-59,EV-D68,128,1,Protected,0.1
P0864,1951,2010,59,40-59,CVA6,512,1,Protected,0.1
P0864,1951,2010,59,40-59,CVA16,256,1,Protected,0.1
P0864,1951,2015,64,60+,EV-A71,256,1,Protected,0.1
P0864,1951,2015,64,60+,EV-D68,256,1,Protected,0.1
P0864,1951,2015,64,60+,CVA6,256,1,Protected,0.1
P0864,1951,2015,64,60+,CVA16,512,1,Protected,0.1
P0864,1951,2020,69,60+,EV-A71,512,1,Protected,0.1
P0864,1951,2020,69,60+,EV-D68,256,1,Protected,0.1
P0864,1951,2020,69,60+,CVA6,512,1,Protected,0.1
P0864,1951,2020,69,60+,CVA16,128,1,Protected,0.1
P0864,1951,2025,74,60+,EV-A71,256,1,Protected,0.1
P0864,1951,2025,74,60+,EV-D68,256,1,Protected,0.1
P0864,1951,2025,74,60+,CVA6,512,1,Protected,0.1
P0864,1951,2025,74,60+,CVA16,256,1,Protected,0.1
P0865,2020,2020,0,0-4,EV-A71,128,1,Protected,0.1
P0865,2020,2020,0,0-4,EV-D68,64,1,Protected,0.1
P0865,2020,2020,0,0-4,CVA6,256,1,Protected,0.1
P0865,2020,2020,0,0-4,CVA16,64,1,Protected,0.1
P0865,2020,2025,5,5-9,EV-A71,128,1,Protected,0.1
P0865,2020,2025,5,5-9,EV-D68,64,1,Protected,0.1
P0865,2020,2025,5,5-9,CVA6,128,1,Protected,0.1
P0865,2020,2025,5,5-9,CVA16,32,1,Partially protected,0.5
P0866,2002,2005,3,0-4,EV-A71,32,1,Partially protected,0.5
P0866,2002,2005,3,0-4,EV-D68,32,1,Partially protected,0.5
P0866,2002,2005,3,0-4,CVA6,64,1,Protected,0.1
P0866,2002,2005,3,0-4,CVA16,32,1,Partially protected,0.5
P0866,2002,2010,8,5-9,EV-A71,128,1,Protected,0.1
P0866,2002,2010,8,5-9,EV-D68,64,1,Protected,0.1
P0866,2002,2010,8,5-9,CVA6,64,1,Protected,0.1
P0866,2002,2010,8,5-9,CVA16,32,1,Partially protected,0.5
P0866,2002,2015,13,10-14,EV-A71,256,1,Protected,0.1
P0866,2002,2015,13,10-14,EV-D68,128,1,Protected,0.1
P0866,2002,2015,13,10-14,CVA6,128,1,Protected,0.1
P0866,2002,2015,13,10-14,CVA16,64,1,Protected,0.1
P0866,2002,2020,18,15-19,EV-A71,256,1,Protected,0.1
P0866,2002,2020,18,15-19,EV-D68,128,1,Protected,0.1
P0866,2002,2020,18,15-19,CVA6,256,1,Protected,0.1
P0866,2002,2020,18,15-19,CVA16,128,1,Protected,0.1
P0866,2002,2025,23,20-39,EV-A71,512,1,Protected,0.1
P0866,2002,2025,23,20-39,EV-D68,512,1,Protected,0.1
P0866,2002,2025,23,20-39,CVA6,512,1,Protected,0.1
P0866,2002,2025,23,20-39,CVA16,128,1,Protected,0.1
P0867,1961,2005,44,40-59,EV-A71,512,1,Protected,0.1
P0867,1961,2005,44,40-59,EV-D68,128,1,Protected,0.1
P0867,1961,2005,44,40-59,CVA6,256,1,Protected,0.1
P0867,1961,2005,44,40-59,CVA16,128,1,Protected,0.1
P0867,1961,2010,49,40-59,EV-A71,256,1,Protected,0.1
P0867,1961,2010,49,40-59,EV-D68,256,1,Protected,0.1
P0867,1961,2010,49,40-59,CVA6,256,1,Protected,0.1
P0867,1961,2010,49,40-59,CVA16,128,1,Protected,0.1
P0867,1961,2015,54,40-59,EV-A71,256,1,Protected,0.1
P0867,1961,2015,54,40-59,EV-D68,256,1,Protected,0.1
P0867,1961,2015,54,40-59,CVA6,512,1,Protected,0.1
P0867,1961,2015,54,40-59,CVA16,512,1,Protected,0.1
P0867,1961,2020,59,40-59,EV-A71,512,1,Protected,0.1
P0867,1961,2020,59,40-59,EV-D68,256,1,Protected,0.1
P0867,1961,2020,59,40-59,CVA6,512,1,Protected,0.1
P0867,1961,2020,59,40-59,CVA16,256,1,Protected,0.1
P0867,1961,2025,64,60+,EV-A71,512,1,Protected,0.1
P0867,1961,2025,64,60+,EV-D68,256,1,Protected,0.1
P0867,1961,2025,64,60+,CVA6,256,1,Protected,0.1
P0867,1961,2025,64,60+,CVA16,512,1,Protected,0.1
P0868,1978,2005,27,20-39,EV-A71,256,1,Protected,0.1
P0868,1978,2005,27,20-39,EV-D68,128,1,Protected,0.1
P0868,1978,2005,27,20-39,CVA6,256,1,Protected,0.1
P0868,1978,2005,27,20-39,CVA16,128,1,Protected,0.1
P0868,1978,2010,32,20-39,EV-A71,256,1,Protected,0.1
P0868,1978,2010,32,20-39,EV-D68,128,1,Protected,0.1
P0868,1978,2010,32,20-39,CVA6,256,1,Protected,0.1
P0868,1978,2010,32,20-39,CVA16,128,1,Protected,0.1
P0868,1978,2015,37,20-39,EV-A71,512,1,Protected,0.1
P0868,1978,2015,37,20-39,EV-D68,256,1,Protected,0.1
P0868,1978,2015,37,20-39,CVA6,512,1,Protected,0.1
P0868,1978,2015,37,20-39,CVA16,256,1,Protected,0.1
P0868,1978,2020,42,40-59,EV-A71,512,1,Protected,0.1
P0868,1978,2020,42,40-59,EV-D68,512,1,Protected,0.1
P0868,1978,2020,42,40-59,CVA6,512,1,Protected,0.1
P0868,1978,2020,42,40-59,CVA16,128,1,Protected,0.1
P0868,1978,2025,47,40-59,EV-A71,512,1,Protected,0.1
P0868,1978,2025,47,40-59,EV-D68,256,1,Protected,0.1
P0868,1978,2025,47,40-59,CVA6,256,1,Protected,0.1
P0868,1978,2025,47,40-59,CVA16,256,1,Protected,0.1
P0869,1964,2005,41,40-59,EV-A71,128,1,Protected,0.1
P0869,1964,2005,41,40-59,EV-D68,128,1,Protected,0.1
P0869,1964,2005,41,40-59,CVA6,512,1,Protected,0.1
P0869,1964,2005,41,40-59,CVA16,128,1,Protected,0.1
P0869,1964,2010,46,40-59,EV-A71,256,1,Protected,0.1
P0869,1964,2010,46,40-59,EV-D68,128,1,Protected,0.1
P0869,1964,2010,46,40-59,CVA6,128,1,Protected,0.1
P0869,1964,2010,46,40-59,CVA16,128,1,Protected,0.1
P0869,1964,2015,51,40-59,EV-A71,512,1,Protected,0.1
P0869,1964,2015,51,40-59,EV-D68,256,1,Protected,0.1
P0869,1964,2015,51,40-59,CVA6,512,1,Protected,0.1
P0869,1964,2015,51,40-59,CVA16,128,1,Protected,0.1
P0869,1964,2020,56,40-59,EV-A71,512,1,Protected,0.1
P0869,1964,2020,56,40-59,EV-D68,256,1,Protected,0.1
P0869,1964,2020,56,40-59,CVA6,512,1,Protected,0.1
P0869,1964,2020,56,40-59,CVA16,256,1,Protected,0.1
P0869,1964,2025,61,60+,EV-A71,512,1,Protected,0.1
P0869,1964,2025,61,60+,EV-D68,256,1,Protected,0.1
P0869,1964,2025,61,60+,CVA6,512,1,Protected,0.1
P0869,1964,2025,61,60+,CVA16,256,1,Protected,0.1
P0870,2009,2010,1,0-4,EV-A71,64,1,Protected,0.1
P0870,2009,2010,1,0-4,EV-D68,32,1,Partially protected,0.5
P0870,2009,2010,1,0-4,CVA6,64,1,Protected,0.1
P0870,2009,2010,1,0-4,CVA16,64,1,Protected,0.1
P0870,2009,2015,6,5-9,EV-A71,256,1,Protected,0.1
P0870,2009,2015,6,5-9,EV-D68,128,1,Protected,0.1
P0870,2009,2015,6,5-9,CVA6,256,1,Protected,0.1
P0870,2009,2015,6,5-9,CVA16,64,1,Protected,0.1
P0870,2009,2020,11,10-14,EV-A71,128,1,Protected,0.1
P0870,2009,2020,11,10-14,EV-D68,128,1,Protected,0.1
P0870,2009,2020,11,10-14,CVA6,256,1,Protected,0.1
P0870,2009,2020,11,10-14,CVA16,64,1,Protected,0.1
P0870,2009,2025,16,15-19,EV-A71,256,1,Protected,0.1
P0870,2009,2025,16,15-19,EV-D68,64,1,Protected,0.1
P0870,2009,2025,16,15-19,CVA6,256,1,Protected,0.1
P0870,2009,2025,16,15-19,CVA16,64,1,Protected,0.1
P0871,1965,2005,40,40-59,EV-A71,512,1,Protected,0.1
P0871,1965,2005,40,40-59,EV-D68,256,1,Protected,0.1
P0871,1965,2005,40,40-59,CVA6,128,1,Protected,0.1
P0871,1965,2005,40,40-59,CVA16,128,1,Protected,0.1
P0871,1965,2010,45,40-59,EV-A71,128,1,Protected,0.1
P0871,1965,2010,45,40-59,EV-D68,256,1,Protected,0.1
P0871,1965,2010,45,40-59,CVA6,256,1,Protected,0.1
P0871,1965,2010,45,40-59,CVA16,128,1,Protected,0.1
P0871,1965,2015,50,40-59,EV-A71,512,1,Protected,0.1
P0871,1965,2015,50,40-59,EV-D68,256,1,Protected,0.1
P0871,1965,2015,50,40-59,CVA6,512,1,Protected,0.1
P0871,1965,2015,50,40-59,CVA16,256,1,Protected,0.1
P0871,1965,2020,55,40-59,EV-A71,512,1,Protected,0.1
P0871,1965,2020,55,40-59,EV-D68,256,1,Protected,0.1
P0871,1965,2020,55,40-59,CVA6,512,1,Protected,0.1
P0871,1965,2020,55,40-59,CVA16,256,1,Protected,0.1
P0871,1965,2025,60,60+,EV-A71,512,1,Protected,0.1
P0871,1965,2025,60,60+,EV-D68,256,1,Protected,0.1
P0871,1965,2025,60,60+,CVA6,512,1,Protected,0.1
P0871,1965,2025,60,60+,CVA16,128,1,Protected,0.1
P0872,1969,2005,36,20-39,EV-A71,256,1,Protected,0.1
P0872,1969,2005,36,20-39,EV-D68,64,1,Protected,0.1
P0872,1969,2005,36,20-39,CVA6,512,1,Protected,0.1
P0872,1969,2005,36,20-39,CVA16,64,1,Protected,0.1
P0872,1969,2010,41,40-59,EV-A71,512,1,Protected,0.1
P0872,1969,2010,41,40-59,EV-D68,128,1,Protected,0.1
P0872,1969,2010,41,40-59,CVA6,256,1,Protected,0.1
P0872,1969,2010,41,40-59,CVA16,256,1,Protected,0.1
P0872,1969,2015,46,40-59,EV-A71,512,1,Protected,0.1
P0872,1969,2015,46,40-59,EV-D68,256,1,Protected,0.1
P0872,1969,2015,46,40-59,CVA6,512,1,Protected,0.1
P0872,1969,2015,46,40-59,CVA16,256,1,Protected,0.1
P0872,1969,2020,51,40-59,EV-A71,256,1,Protected,0.1
P0872,1969,2020,51,40-59,EV-D68,256,1,Protected,0.1
P0872,1969,2020,51,40-59,CVA6,512,1,Protected,0.1
P0872,1969,2020,51,40-59,CVA16,128,1,Protected,0.1
P0872,1969,2025,56,40-59,EV-A71,256,1,Protected,0.1
P0872,1969,2025,56,40-59,EV-D68,128,1,Protected,0.1
P0872,1969,2025,56,40-59,CVA6,512,1,Protected,0.1
P0872,1969,2025,56,40-59,CVA16,256,1,Protected,0.1
P0873,2013,2015,2,0-4,EV-A71,256,1,Protected,0.1
P0873,2013,2015,2,0-4,EV-D68,32,1,Partially protected,0.5
P0873,2013,2015,2,0-4,CVA6,128,1,Protected,0.1
P0873,2013,2015,2,0-4,CVA16,128,1,Protected,0.1
P0873,2013,2020,7,5-9,EV-A71,128,1,Protected,0.1
P0873,2013,2020,7,5-9,EV-D68,64,1,Protected,0.1
P0873,2013,2020,7,5-9,CVA6,128,1,Protected,0.1
P0873,2013,2020,7,5-9,CVA16,128,1,Protected,0.1
P0873,2013,2025,12,10-14,EV-A71,256,1,Protected,0.1
P0873,2013,2025,12,10-14,EV-D68,128,1,Protected,0.1
P0873,2013,2025,12,10-14,CVA6,128,1,Protected,0.1
P0873,2013,2025,12,10-14,CVA16,128,1,Protected,0.1
P0874,1987,2005,18,15-19,EV-A71,128,1,Protected,0.1
P0874,1987,2005,18,15-19,EV-D68,64,1,Protected,0.1
P0874,1987,2005,18,15-19,CVA6,256,1,Protected,0.1
P0874,1987,2005,18,15-19,CVA16,32,1,Partially protected,0.5
P0874,1987,2010,23,20-39,EV-A71,512,1,Protected,0.1
P0874,1987,2010,23,20-39,EV-D68,256,1,Protected,0.1
P0874,1987,2010,23,20-39,CVA6,128,1,Protected,0.1
P0874,1987,2010,23,20-39,CVA16,128,1,Protected,0.1
P0874,1987,2015,28,20-39,EV-A71,512,1,Protected,0.1
P0874,1987,2015,28,20-39,EV-D68,256,1,Protected,0.1
P0874,1987,2015,28,20-39,CVA6,256,1,Protected,0.1
P0874,1987,2015,28,20-39,CVA16,256,1,Protected,0.1
P0874,1987,2020,33,20-39,EV-A71,512,1,Protected,0.1
P0874,1987,2020,33,20-39,EV-D68,256,1,Protected,0.1
P0874,1987,2020,33,20-39,CVA6,512,1,Protected,0.1
P0874,1987,2020,33,20-39,CVA16,512,1,Protected,0.1
P0874,1987,2025,38,20-39,EV-A71,512,1,Protected,0.1
P0874,1987,2025,38,20-39,EV-D68,512,1,Protected,0.1
P0874,1987,2025,38,20-39,CVA6,512,1,Protected,0.1
P0874,1987,2025,38,20-39,CVA16,256,1,Protected,0.1
P0875,2015,2015,0,0-4,EV-A71,128,1,Protected,0.1
P0875,2015,2015,0,0-4,EV-D68,64,1,Protected,0.1
P0875,2015,2015,0,0-4,CVA6,128,1,Protected,0.1
P0875,2015,2015,0,0-4,CVA16,32,1,Partially protected,0.5
P0875,2015,2020,5,5-9,EV-A71,128,1,Protected,0.1
P0875,2015,2020,5,5-9,EV-D68,64,1,Protected,0.1
P0875,2015,2020,5,5-9,CVA6,256,1,Protected,0.1
P0875,2015,2020,5,5-9,CVA16,32,1,Partially protected,0.5
P0875,2015,2025,10,10-14,EV-A71,128,1,Protected,0.1
P0875,2015,2025,10,10-14,EV-D68,128,1,Protected,0.1
P0875,2015,2025,10,10-14,CVA6,256,1,Protected,0.1
P0875,2015,2025,10,10-14,CVA16,64,1,Protected,0.1
P0876,1984,2005,21,20-39,EV-A71,256,1,Protected,0.1
P0876,1984,2005,21,20-39,EV-D68,128,1,Protected,0.1
P0876,1984,2005,21,20-39,CVA6,512,1,Protected,0.1
P0876,1984,2005,21,20-39,CVA16,128,1,Protected,0.1
P0876,1984,2010,26,20-39,EV-A71,256,1,Protected,0.1
P0876,1984,2010,26,20-39,EV-D68,256,1,Protected,0.1
P0876,1984,2010,26,20-39,CVA6,512,1,Protected,0.1
P0876,1984,2010,26,20-39,CVA16,128,1,Protected,0.1
P0876,1984,2015,31,20-39,EV-A71,512,1,Protected,0.1
P0876,1984,2015,31,20-39,EV-D68,256,1,Protected,0.1
P0876,1984,2015,31,20-39,CVA6,512,1,Protected,0.1
P0876,1984,2015,31,20-39,CVA16,256,1,Protected,0.1
P0876,1984,2020,36,20-39,EV-A71,512,1,Protected,0.1
P0876,1984,2020,36,20-39,EV-D68,512,1,Protected,0.1
P0876,1984,2020,36,20-39,CVA6,512,1,Protected,0.1
P0876,1984,2020,36,20-39,CVA16,256,1,Protected,0.1
P0876,1984,2025,41,40-59,EV-A71,512,1,Protected,0.1
P0876,1984,2025,41,40-59,EV-D68,256,1,Protected,0.1
P0876,1984,2025,41,40-59,CVA6,512,1,Protected,0.1
P0876,1984,2025,41,40-59,CVA16,512,1,Protected,0.1
P0877,2003,2005,2,0-4,EV-A71,64,1,Protected,0.1
P0877,2003,2005,2,0-4,EV-D68,32,1,Partially protected,0.5
P0877,2003,2005,2,0-4,CVA6,32,1,Partially protected,0.5
P0877,2003,2005,2,0-4,CVA16,32,1,Partially protected,0.5
P0877,2003,2010,7,5-9,EV-A71,32,1,Partially protected,0.5
P0877,2003,2010,7,5-9,EV-D68,64,1,Protected,0.1
P0877,2003,2010,7,5-9,CVA6,64,1,Protected,0.1
P0877,2003,2010,7,5-9,CVA16,32,1,Partially protected,0.5
P0877,2003,2015,12,10-14,EV-A71,128,1,Protected,0.1
P0877,2003,2015,12,10-14,EV-D68,256,1,Protected,0.1
P0877,2003,2015,12,10-14,CVA6,256,1,Protected,0.1
P0877,2003,2015,12,10-14,CVA16,128,1,Protected,0.1
P0877,2003,2020,17,15-19,EV-A71,256,1,Protected,0.1
P0877,2003,2020,17,15-19,EV-D68,128,1,Protected,0.1
P0877,2003,2020,17,15-19,CVA6,256,1,Protected,0.1
P0877,2003,2020,17,15-19,CVA16,64,1,Protected,0.1
P0877,2003,2025,22,20-39,EV-A71,512,1,Protected,0.1
P0877,2003,2025,22,20-39,EV-D68,256,1,Protected,0.1
P0877,2003,2025,22,20-39,CVA6,512,1,Protected,0.1
P0877,2003,2025,22,20-39,CVA16,128,1,Protected,0.1
P0878,2011,2015,4,0-4,EV-A71,128,1,Protected,0.1
P0878,2011,2015,4,0-4,EV-D68,64,1,Protected,0.1
P0878,2011,2015,4,0-4,CVA6,128,1,Protected,0.1
P0878,2011,2015,4,0-4,CVA16,64,1,Protected,0.1
P0878,2011,2020,9,5-9,EV-A71,256,1,Protected,0.1
P0878,2011,2020,9,5-9,EV-D68,64,1,Protected,0.1
P0878,2011,2020,9,5-9,CVA6,128,1,Protected,0.1
P0878,2011,2020,9,5-9,CVA16,64,1,Protected,0.1
P0878,2011,2025,14,10-14,EV-A71,256,1,Protected,0.1
P0878,2011,2025,14,10-14,EV-D68,128,1,Protected,0.1
P0878,2011,2025,14,10-14,CVA6,128,1,Protected,0.1
P0878,2011,2025,14,10-14,CVA16,128,1,Protected,0.1
P0879,2010,2010,0,0-4,EV-A71,64,1,Protected,0.1
P0879,2010,2010,0,0-4,EV-D68,32,1,Partially protected,0.5
P0879,2010,2010,0,0-4,CVA6,64,1,Protected,0.1
P0879,2010,2010,0,0-4,CVA16,32,1,Partially protected,0.5
P0879,2010,2015,5,5-9,EV-A71,128,1,Protected,0.1
P0879,2010,2015,5,5-9,EV-D68,64,1,Protected,0.1
P0879,2010,2015,5,5-9,CVA6,128,1,Protected,0.1
P0879,2010,2015,5,5-9,CVA16,64,1,Protected,0.1
P0879,2010,2020,10,10-14,EV-A71,256,1,Protected,0.1
P0879,2010,2020,10,10-14,EV-D68,128,1,Protected,0.1
P0879,2010,2020,10,10-14,CVA6,256,1,Protected,0.1
P0879,2010,2020,10,10-14,CVA16,64,1,Protected,0.1
P0879,2010,2025,15,15-19,EV-A71,256,1,Protected,0.1
P0879,2010,2025,15,15-19,EV-D68,128,1,Protected,0.1
P0879,2010,2025,15,15-19,CVA6,128,1,Protected,0.1
P0879,2010,2025,15,15-19,CVA16,128,1,Protected,0.1
P0880,1981,2005,24,20-39,EV-A71,256,1,Protected,0.1
P0880,1981,2005,24,20-39,EV-D68,64,1,Protected,0.1
P0880,1981,2005,24,20-39,CVA6,256,1,Protected,0.1
P0880,1981,2005,24,20-39,CVA16,128,1,Protected,0.1
P0880,1981,2010,29,20-39,EV-A71,256,1,Protected,0.1
P0880,1981,2010,29,20-39,EV-D68,128,1,Protected,0.1
P0880,1981,2010,29,20-39,CVA6,128,1,Protected,0.1
P0880,1981,2010,29,20-39,CVA16,256,1,Protected,0.1
P0880,1981,2015,34,20-39,EV-A71,512,1,Protected,0.1
P0880,1981,2015,34,20-39,EV-D68,256,1,Protected,0.1
P0880,1981,2015,34,20-39,CVA6,512,1,Protected,0.1
P0880,1981,2015,34,20-39,CVA16,512,1,Protected,0.1
P0880,1981,2020,39,20-39,EV-A71,512,1,Protected,0.1
P0880,1981,2020,39,20-39,EV-D68,128,1,Protected,0.1
P0880,1981,2020,39,20-39,CVA6,512,1,Protected,0.1
P0880,1981,2020,39,20-39,CVA16,128,1,Protected,0.1
P0880,1981,2025,44,40-59,EV-A71,512,1,Protected,0.1
P0880,1981,2025,44,40-59,EV-D68,256,1,Protected,0.1
P0880,1981,2025,44,40-59,CVA6,512,1,Protected,0.1
P0880,1981,2025,44,40-59,CVA16,256,1,Protected,0.1
P0881,2008,2010,2,0-4,EV-A71,128,1,Protected,0.1
P0881,2008,2010,2,0-4,EV-D68,32,1,Partially protected,0.5
P0881,2008,2010,2,0-4,CVA6,32,1,Partially protected,0.5
P0881,2008,2010,2,0-4,CVA16,16,0,Susceptible,1.0
P0881,2008,2015,7,5-9,EV-A71,128,1,Protected,0.1
P0881,2008,2015,7,5-9,EV-D68,128,1,Protected,0.1
P0881,2008,2015,7,5-9,CVA6,128,1,Protected,0.1
P0881,2008,2015,7,5-9,CVA16,32,1,Partially protected,0.5
P0881,2008,2020,12,10-14,EV-A71,128,1,Protected,0.1
P0881,2008,2020,12,10-14,EV-D68,256,1,Protected,0.1
P0881,2008,2020,12,10-14,CVA6,256,1,Protected,0.1
P0881,2008,2020,12,10-14,CVA16,256,1,Protected,0.1
P0881,2008,2025,17,15-19,EV-A71,256,1,Protected,0.1
P0881,2008,2025,17,15-19,EV-D68,64,1,Protected,0.1
P0881,2008,2025,17,15-19,CVA6,256,1,Protected,0.1
P0881,2008,2025,17,15-19,CVA16,128,1,Protected,0.1
P0882,2020,2020,0,0-4,EV-A71,128,1,Protected,0.1
P0882,2020,2020,0,0-4,EV-D68,128,1,Protected,0.1
P0882,2020,2020,0,0-4,CVA6,128,1,Protected,0.1
P0882,2020,2020,0,0-4,CVA16,64,1,Protected,0.1
P0882,2020,2025,5,5-9,EV-A71,256,1,Protected,0.1
P0882,2020,2025,5,5-9,EV-D68,64,1,Protected,0.1
P0882,2020,2025,5,5-9,CVA6,128,1,Protected,0.1
P0882,2020,2025,5,5-9,CVA16,64,1,Protected,0.1
P0883,1968,2005,37,20-39,EV-A71,128,1,Protected,0.1
P0883,1968,2005,37,20-39,EV-D68,256,1,Protected,0.1
P0883,1968,2005,37,20-39,CVA6,512,1,Protected,0.1
P0883,1968,2005,37,20-39,CVA16,64,1,Protected,0.1
P0883,1968,2010,42,40-59,EV-A71,256,1,Protected,0.1
P0883,1968,2010,42,40-59,EV-D68,128,1,Protected,0.1
P0883,1968,2010,42,40-59,CVA6,256,1,Protected,0.1
P0883,1968,2010,42,40-59,CVA16,256,1,Protected,0.1
P0883,1968,2015,47,40-59,EV-A71,256,1,Protected,0.1
P0883,1968,2015,47,40-59,EV-D68,512,1,Protected,0.1
P0883,1968,2015,47,40-59,CVA6,512,1,Protected,0.1
P0883,1968,2015,47,40-59,CVA16,512,1,Protected,0.1
P0883,1968,2020,52,40-59,EV-A71,256,1,Protected,0.1
P0883,1968,2020,52,40-59,EV-D68,256,1,Protected,0.1
P0883,1968,2020,52,40-59,CVA6,512,1,Protected,0.1
P0883,1968,2020,52,40-59,CVA16,256,1,Protected,0.1
P0883,1968,2025,57,40-59,EV-A71,512,1,Protected,0.1
P0883,1968,2025,57,40-59,EV-D68,256,1,Protected,0.1
P0883,1968,2025,57,40-59,CVA6,512,1,Protected,0.1
P0883,1968,2025,57,40-59,CVA16,256,1,Protected,0.1
P0884,1999,2005,6,5-9,EV-A71,64,1,Protected,0.1
P0884,1999,2005,6,5-9,EV-D68,16,0,Susceptible,1.0
P0884,1999,2005,6,5-9,CVA6,128,1,Protected,0.1
P0884,1999,2005,6,5-9,CVA16,32,1,Partially protected,0.5
P0884,1999,2010,11,10-14,EV-A71,128,1,Protected,0.1
P0884,1999,2010,11,10-14,EV-D68,64,1,Protected,0.1
P0884,1999,2010,11,10-14,CVA6,128,1,Protected,0.1
P0884,1999,2010,11,10-14,CVA16,32,1,Partially protected,0.5
P0884,1999,2015,16,15-19,EV-A71,128,1,Protected,0.1
P0884,1999,2015,16,15-19,EV-D68,128,1,Protected,0.1
P0884,1999,2015,16,15-19,CVA6,128,1,Protected,0.1
P0884,1999,2015,16,15-19,CVA16,128,1,Protected,0.1
P0884,1999,2020,21,20-39,EV-A71,512,1,Protected,0.1
P0884,1999,2020,21,20-39,EV-D68,256,1,Protected,0.1
P0884,1999,2020,21,20-39,CVA6,512,1,Protected,0.1
P0884,1999,2020,21,20-39,CVA16,256,1,Protected,0.1
P0884,1999,2025,26,20-39,EV-A71,512,1,Protected,0.1
P0884,1999,2025,26,20-39,EV-D68,256,1,Protected,0.1
P0884,1999,2025,26,20-39,CVA6,512,1,Protected,0.1
P0884,1999,2025,26,20-39,CVA16,512,1,Protected,0.1
P0885,1974,2005,31,20-39,EV-A71,512,1,Protected,0.1
P0885,1974,2005,31,20-39,EV-D68,128,1,Protected,0.1
P0885,1974,2005,31,20-39,CVA6,256,1,Protected,0.1
P0885,1974,2005,31,20-39,CVA16,64,1,Protected,0.1
P0885,1974,2010,36,20-39,EV-A71,128,1,Protected,0.1
P0885,1974,2010,36,20-39,EV-D68,128,1,Protected,0.1
P0885,1974,2010,36,20-39,CVA6,128,1,Protected,0.1
P0885,1974,2010,36,20-39,CVA16,128,1,Protected,0.1
P0885,1974,2015,41,40-59,EV-A71,512,1,Protected,0.1
P0885,1974,2015,41,40-59,EV-D68,128,1,Protected,0.1
P0885,1974,2015,41,40-59,CVA6,512,1,Protected,0.1
P0885,1974,2015,41,40-59,CVA16,256,1,Protected,0.1
P0885,1974,2020,46,40-59,EV-A71,512,1,Protected,0.1
P0885,1974,2020,46,40-59,EV-D68,256,1,Protected,0.1
P0885,1974,2020,46,40-59,CVA6,256,1,Protected,0.1
P0885,1974,2020,46,40-59,CVA16,128,1,Protected,0.1
P0885,1974,2025,51,40-59,EV-A71,512,1,Protected,0.1
P0885,1974,2025,51,40-59,EV-D68,256,1,Protected,0.1
P0885,1974,2025,51,40-59,CVA6,512,1,Protected,0.1
P0885,1974,2025,51,40-59,CVA16,256,1,Protected,0.1
P0886,2015,2015,0,0-4,EV-A71,128,1,Protected,0.1
P0886,2015,2015,0,0-4,EV-D68,64,1,Protected,0.1
P0886,2015,2015,0,0-4,CVA6,256,1,Protected,0.1
P0886,2015,2015,0,0-4,CVA16,128,1,Protected,0.1
P0886,2015,2020,5,5-9,EV-A71,256,1,Protected,0.1
P0886,2015,2020,5,5-9,EV-D68,64,1,Protected,0.1
P0886,2015,2020,5,5-9,CVA6,128,1,Protected,0.1
P0886,2015,2020,5,5-9,CVA16,128,1,Protected,0.1
P0886,2015,2025,10,10-14,EV-A71,256,1,Protected,0.1
P0886,2015,2025,10,10-14,EV-D68,256,1,Protected,0.1
P0886,2015,2025,10,10-14,CVA6,512,1,Protected,0.1
P0886,2015,2025,10,10-14,CVA16,128,1,Protected,0.1
P0887,1967,2005,38,20-39,EV-A71,512,1,Protected,0.1
P0887,1967,2005,38,20-39,EV-D68,128,1,Protected,0.1
P0887,1967,2005,38,20-39,CVA6,256,1,Protected,0.1
P0887,1967,2005,38,20-39,CVA16,64,1,Protected,0.1
P0887,1967,2010,43,40-59,EV-A71,256,1,Protected,0.1
P0887,1967,2010,43,40-59,EV-D68,128,1,Protected,0.1
P0887,1967,2010,43,40-59,CVA6,256,1,Protected,0.1
P0887,1967,2010,43,40-59,CVA16,128,1,Protected,0.1
P0887,1967,2015,48,40-59,EV-A71,512,1,Protected,0.1
P0887,1967,2015,48,40-59,EV-D68,256,1,Protected,0.1
P0887,1967,2015,48,40-59,CVA6,512,1,Protected,0.1
P0887,1967,2015,48,40-59,CVA16,256,1,Protected,0.1
P0887,1967,2020,53,40-59,EV-A71,256,1,Protected,0.1
P0887,1967,2020,53,40-59,EV-D68,512,1,Protected,0.1
P0887,1967,2020,53,40-59,CVA6,512,1,Protected,0.1
P0887,1967,2020,53,40-59,CVA16,256,1,Protected,0.1
P0887,1967,2025,58,40-59,EV-A71,256,1,Protected,0.1
P0887,1967,2025,58,40-59,EV-D68,256,1,Protected,0.1
P0887,1967,2025,58,40-59,CVA6,512,1,Protected,0.1
P0887,1967,2025,58,40-59,CVA16,256,1,Protected,0.1
P0888,1958,2005,47,40-59,EV-A71,256,1,Protected,0.1
P0888,1958,2005,47,40-59,EV-D68,128,1,Protected,0.1
P0888,1958,2005,47,40-59,CVA6,256,1,Protected,0.1
P0888,1958,2005,47,40-59,CVA16,128,1,Protected,0.1
P0888,1958,2010,52,40-59,EV-A71,128,1,Protected,0.1
P0888,1958,2010,52,40-59,EV-D68,256,1,Protected,0.1
P0888,1958,2010,52,40-59,CVA6,512,1,Protected,0.1
P0888,1958,2010,52,40-59,CVA16,128,1,Protected,0.1
P0888,1958,2015,57,40-59,EV-A71,512,1,Protected,0.1
P0888,1958,2015,57,40-59,EV-D68,256,1,Protected,0.1
P0888,1958,2015,57,40-59,CVA6,512,1,Protected,0.1
P0888,1958,2015,57,40-59,CVA16,512,1,Protected,0.1
P0888,1958,2020,62,60+,EV-A71,512,1,Protected,0.1
P0888,1958,2020,62,60+,EV-D68,256,1,Protected,0.1
P0888,1958,2020,62,60+,CVA6,256,1,Protected,0.1
P0888,1958,2020,62,60+,CVA16,256,1,Protected,0.1
P0888,1958,2025,67,60+,EV-A71,512,1,Protected,0.1
P0888,1958,2025,67,60+,EV-D68,512,1,Protected,0.1
P0888,1958,2025,67,60+,CVA6,512,1,Protected,0.1
P0888,1958,2025,67,60+,CVA16,128,1,Protected,0.1
P0889,1985,2005,20,20-39,EV-A71,256,1,Protected,0.1
P0889,1985,2005,20,20-39,EV-D68,64,1,Protected,0.1
P0889,1985,2005,20,20-39,CVA6,256,1,Protected,0.1
P0889,1985,2005,20,20-39,CVA16,128,1,Protected,0.1
P0889,1985,2010,25,20-39,EV-A71,256,1,Protected,0.1
P0889,1985,2010,25,20-39,EV-D68,128,1,Protected,0.1
P0889,1985,2010,25,20-39,CVA6,256,1,Protected,0.1
P0889,1985,2010,25,20-39,CVA16,128,1,Protected,0.1
P0889,1985,2015,30,20-39,EV-A71,256,1,Protected,0.1
P0889,1985,2015,30,20-39,EV-D68,256,1,Protected,0.1
P0889,1985,2015,30,20-39,CVA6,512,1,Protected,0.1
P0889,1985,2015,30,20-39,CVA16,128,1,Protected,0.1
P0889,1985,2020,35,20-39,EV-A71,512,1,Protected,0.1
P0889,1985,2020,35,20-39,EV-D68,256,1,Protected,0.1
P0889,1985,2020,35,20-39,CVA6,512,1,Protected,0.1
P0889,1985,2020,35,20-39,CVA16,256,1,Protected,0.1
P0889,1985,2025,40,40-59,EV-A71,512,1,Protected,0.1
P0889,1985,2025,40,40-59,EV-D68,512,1,Protected,0.1
P0889,1985,2025,40,40-59,CVA6,512,1,Protected,0.1
P0889,1985,2025,40,40-59,CVA16,256,1,Protected,0.1
P0890,2003,2005,2,0-4,EV-A71,64,1,Protected,0.1
P0890,2003,2005,2,0-4,EV-D68,32,1,Partially protected,0.5
P0890,2003,2005,2,0-4,CVA6,64,1,Protected,0.1
P0890,2003,2005,2,0-4,CVA16,32,1,Partially protected,0.5
P0890,2003,2010,7,5-9,EV-A71,128,1,Protected,0.1
P0890,2003,2010,7,5-9,EV-D68,32,1,Partially protected,0.5
P0890,2003,2010,7,5-9,CVA6,64,1,Protected,0.1
P0890,2003,2010,7,5-9,CVA16,32,1,Partially protected,0.5
P0890,2003,2015,12,10-14,EV-A71,512,1,Protected,0.1
P0890,2003,2015,12,10-14,EV-D68,128,1,Protected,0.1
P0890,2003,2015,12,10-14,CVA6,512,1,Protected,0.1
P0890,2003,2015,12,10-14,CVA16,128,1,Protected,0.1
P0890,2003,2020,17,15-19,EV-A71,128,1,Protected,0.1
P0890,2003,2020,17,15-19,EV-D68,64,1,Protected,0.1
P0890,2003,2020,17,15-19,CVA6,128,1,Protected,0.1
P0890,2003,2020,17,15-19,CVA16,64,1,Protected,0.1
P0890,2003,2025,22,20-39,EV-A71,256,1,Protected,0.1
P0890,2003,2025,22,20-39,EV-D68,256,1,Protected,0.1
P0890,2003,2025,22,20-39,CVA6,512,1,Protected,0.1
P0890,2003,2025,22,20-39,CVA16,256,1,Protected,0.1
P0891,1993,2005,12,10-14,EV-A71,128,1,Protected,0.1
P0891,1993,2005,12,10-14,EV-D68,32,1,Partially protected,0.5
P0891,1993,2005,12,10-14,CVA6,128,1,Protected,0.1
P0891,1993,2005,12,10-14,CVA16,32,1,Partially protected,0.5
P0891,1993,2010,17,15-19,EV-A71,64,1,Protected,0.1
P0891,1993,2010,17,15-19,EV-D68,64,1,Protected,0.1
P0891,1993,2010,17,15-19,CVA6,128,1,Protected,0.1
P0891,1993,2010,17,15-19,CVA16,32,1,Partially protected,0.5
P0891,1993,2015,22,20-39,EV-A71,512,1,Protected,0.1
P0891,1993,2015,22,20-39,EV-D68,256,1,Protected,0.1
P0891,1993,2015,22,20-39,CVA6,512,1,Protected,0.1
P0891,1993,2015,22,20-39,CVA16,256,1,Protected,0.1
P0891,1993,2020,27,20-39,EV-A71,512,1,Protected,0.1
P0891,1993,2020,27,20-39,EV-D68,128,1,Protected,0.1
P0891,1993,2020,27,20-39,CVA6,256,1,Protected,0.1
P0891,1993,2020,27,20-39,CVA16,256,1,Protected,0.1
P0891,1993,2025,32,20-39,EV-A71,512,1,Protected,0.1
P0891,1993,2025,32,20-39,EV-D68,256,1,Protected,0.1
P0891,1993,2025,32,20-39,CVA6,256,1,Protected,0.1
P0891,1993,2025,32,20-39,CVA16,128,1,Protected,0.1
P0892,2014,2015,1,0-4,EV-A71,256,1,Protected,0.1
P0892,2014,2015,1,0-4,EV-D68,32,1,Partially protected,0.5
P0892,2014,2015,1,0-4,CVA6,64,1,Protected,0.1
P0892,2014,2015,1,0-4,CVA16,128,1,Protected,0.1
P0892,2014,2020,6,5-9,EV-A71,64,1,Protected,0.1
P0892,2014,2020,6,5-9,EV-D68,64,1,Protected,0.1
P0892,2014,2020,6,5-9,CVA6,128,1,Protected,0.1
P0892,2014,2020,6,5-9,CVA16,64,1,Protected,0.1
P0892,2014,2025,11,10-14,EV-A71,256,1,Protected,0.1
P0892,2014,2025,11,10-14,EV-D68,64,1,Protected,0.1
P0892,2014,2025,11,10-14,CVA6,256,1,Protected,0.1
P0892,2014,2025,11,10-14,CVA16,256,1,Protected,0.1
P0893,1984,2005,21,20-39,EV-A71,256,1,Protected,0.1
P0893,1984,2005,21,20-39,EV-D68,256,1,Protected,0.1
P0893,1984,2005,21,20-39,CVA6,512,1,Protected,0.1
P0893,1984,2005,21,20-39,CVA16,64,1,Protected,0.1
P0893,1984,2010,26,20-39,EV-A71,512,1,Protected,0.1
P0893,1984,2010,26,20-39,EV-D68,128,1,Protected,0.1
P0893,1984,2010,26,20-39,CVA6,256,1,Protected,0.1
P0893,1984,2010,26,20-39,CVA16,64,1,Protected,0.1
P0893,1984,2015,31,20-39,EV-A71,512,1,Protected,0.1
P0893,1984,2015,31,20-39,EV-D68,512,1,Protected,0.1
P0893,1984,2015,31,20-39,CVA6,512,1,Protected,0.1
P0893,1984,2015,31,20-39,CVA16,256,1,Protected,0.1
P0893,1984,2020,36,20-39,EV-A71,512,1,Protected,0.1
P0893,1984,2020,36,20-39,EV-D68,128,1,Protected,0.1
P0893,1984,2020,36,20-39,CVA6,512,1,Protected,0.1
P0893,1984,2020,36,20-39,CVA16,512,1,Protected,0.1
P0893,1984,2025,41,40-59,EV-A71,512,1,Protected,0.1
P0893,1984,2025,41,40-59,EV-D68,256,1,Protected,0.1
P0893,1984,2025,41,40-59,CVA6,256,1,Protected,0.1
P0893,1984,2025,41,40-59,CVA16,256,1,Protected,0.1
P0894,1950,2005,55,40-59,EV-A71,256,1,Protected,0.1
P0894,1950,2005,55,40-59,EV-D68,128,1,Protected,0.1
P0894,1950,2005,55,40-59,CVA6,256,1,Protected,0.1
P0894,1950,2005,55,40-59,CVA16,128,1,Protected,0.1
P0894,1950,2010,60,60+,EV-A71,256,1,Protected,0.1
P0894,1950,2010,60,60+,EV-D68,256,1,Protected,0.1
P0894,1950,2010,60,60+,CVA6,256,1,Protected,0.1
P0894,1950,2010,60,60+,CVA16,128,1,Protected,0.1
P0894,1950,2015,65,60+,EV-A71,512,1,Protected,0.1
P0894,1950,2015,65,60+,EV-D68,256,1,Protected,0.1
P0894,1950,2015,65,60+,CVA6,512,1,Protected,0.1
P0894,1950,2015,65,60+,CVA16,256,1,Protected,0.1
P0894,1950,2020,70,60+,EV-A71,512,1,Protected,0.1
P0894,1950,2020,70,60+,EV-D68,256,1,Protected,0.1
P0894,1950,2020,70,60+,CVA6,512,1,Protected,0.1
P0894,1950,2020,70,60+,CVA16,256,1,Protected,0.1
P0894,1950,2025,75,60+,EV-A71,512,1,Protected,0.1
P0894,1950,2025,75,60+,EV-D68,256,1,Protected,0.1
P0894,1950,2025,75,60+,CVA6,256,1,Protected,0.1
P0894,1950,2025,75,60+,CVA16,128,1,Protected,0.1
P0895,1986,2005,19,15-19,EV-A71,64,1,Protected,0.1
P0895,1986,2005,19,15-19,EV-D68,128,1,Protected,0.1
P0895,1986,2005,19,15-19,CVA6,64,1,Protected,0.1
P0895,1986,2005,19,15-19,CVA16,64,1,Protected,0.1
P0895,1986,2010,24,20-39,EV-A71,128,1,Protected,0.1
P0895,1986,2010,24,20-39,EV-D68,128,1,Protected,0.1
P0895,1986,2010,24,20-39,CVA6,256,1,Protected,0.1
P0895,1986,2010,24,20-39,CVA16,128,1,Protected,0.1
P0895,1986,2015,29,20-39,EV-A71,256,1,Protected,0.1
P0895,1986,2015,29,20-39,EV-D68,256,1,Protected,0.1
P0895,1986,2015,29,20-39,CVA6,512,1,Protected,0.1
P0895,1986,2015,29,20-39,CVA16,256,1,Protected,0.1
P0895,1986,2020,34,20-39,EV-A71,512,1,Protected,0.1
P0895,1986,2020,34,20-39,EV-D68,256,1,Protected,0.1
P0895,1986,2020,34,20-39,CVA6,512,1,Protected,0.1
P0895,1986,2020,34,20-39,CVA16,256,1,Protected,0.1
P0895,1986,2025,39,20-39,EV-A71,512,1,Protected,0.1
P0895,1986,2025,39,20-39,EV-D68,128,1,Protected,0.1
P0895,1986,2025,39,20-39,CVA6,512,1,Protected,0.1
P0895,1986,2025,39,20-39,CVA16,512,1,Protected,0.1
P0896,1988,2005,17,15-19,EV-A71,128,1,Protected,0.1
P0896,1988,2005,17,15-19,EV-D68,64,1,Protected,0.1
P0896,1988,2005,17,15-19,CVA6,128,1,Protected,0.1
P0896,1988,2005,17,15-19,CVA16,32,1,Partially protected,0.5
P0896,1988,2010,22,20-39,EV-A71,256,1,Protected,0.1
P0896,1988,2010,22,20-39,EV-D68,128,1,Protected,0.1
P0896,1988,2010,22,20-39,CVA6,256,1,Protected,0.1
P0896,1988,2010,22,20-39,CVA16,128,1,Protected,0.1
P0896,1988,2015,27,20-39,EV-A71,512,1,Protected,0.1
P0896,1988,2015,27,20-39,EV-D68,128,1,Protected,0.1
P0896,1988,2015,27,20-39,CVA6,256,1,Protected,0.1
P0896,1988,2015,27,20-39,CVA16,128,1,Protected,0.1
P0896,1988,2020,32,20-39,EV-A71,512,1,Protected,0.1
P0896,1988,2020,32,20-39,EV-D68,256,1,Protected,0.1
P0896,1988,2020,32,20-39,CVA6,512,1,Protected,0.1
P0896,1988,2020,32,20-39,CVA16,256,1,Protected,0.1
P0896,1988,2025,37,20-39,EV-A71,512,1,Protected,0.1
P0896,1988,2025,37,20-39,EV-D68,256,1,Protected,0.1
P0896,1988,2025,37,20-39,CVA6,512,1,Protected,0.1
P0896,1988,2025,37,20-39,CVA16,256,1,Protected,0.1
P0897,2012,2015,3,0-4,EV-A71,128,1,Protected,0.1
P0897,2012,2015,3,0-4,EV-D68,64,1,Protected,0.1
P0897,2012,2015,3,0-4,CVA6,128,1,Protected,0.1
P0897,2012,2015,3,0-4,CVA16,64,1,Protected,0.1
P0897,2012,2020,8,5-9,EV-A71,256,1,Protected,0.1
P0897,2012,2020,8,5-9,EV-D68,64,1,Protected,0.1
P0897,2012,2020,8,5-9,CVA6,64,1,Protected,0.1
P0897,2012,2020,8,5-9,CVA16,64,1,Protected,0.1
P0897,2012,2025,13,10-14,EV-A71,256,1,Protected,0.1
P0897,2012,2025,13,10-14,EV-D68,128,1,Protected,0.1
P0897,2012,2025,13,10-14,CVA6,128,1,Protected,0.1
P0897,2012,2025,13,10-14,CVA16,128,1,Protected,0.1
P0898,1969,2005,36,20-39,EV-A71,256,1,Protected,0.1
P0898,1969,2005,36,20-39,EV-D68,128,1,Protected,0.1
P0898,1969,2005,36,20-39,CVA6,128,1,Protected,0.1
P0898,1969,2005,36,20-39,CVA16,128,1,Protected,0.1
P0898,1969,2010,41,40-59,EV-A71,256,1,Protected,0.1
P0898,1969,2010,41,40-59,EV-D68,256,1,Protected,0.1
P0898,1969,2010,41,40-59,CVA6,512,1,Protected,0.1
P0898,1969,2010,41,40-59,CVA16,128,1,Protected,0.1
P0898,1969,2015,46,40-59,EV-A71,512,1,Protected,0.1
P0898,1969,2015,46,40-59,EV-D68,256,1,Protected,0.1
P0898,1969,2015,46,40-59,CVA6,512,1,Protected,0.1
P0898,1969,2015,46,40-59,CVA16,256,1,Protected,0.1
P0898,1969,2020,51,40-59,EV-A71,256,1,Protected,0.1
P0898,1969,2020,51,40-59,EV-D68,128,1,Protected,0.1
P0898,1969,2020,51,40-59,CVA6,512,1,Protected,0.1
P0898,1969,2020,51,40-59,CVA16,256,1,Protected,0.1
P0898,1969,2025,56,40-59,EV-A71,512,1,Protected,0.1
P0898,1969,2025,56,40-59,EV-D68,256,1,Protected,0.1
P0898,1969,2025,56,40-59,CVA6,512,1,Protected,0.1
P0898,1969,2025,56,40-59,CVA16,128,1,Protected,0.1
P0899,2007,2010,3,0-4,EV-A71,32,1,Partially protected,0.5
P0899,2007,2010,3,0-4,EV-D68,32,1,Partially protected,0.5
P0899,2007,2010,3,0-4,CVA6,128,1,Protected,0.1
P0899,2007,2010,3,0-4,CVA16,32,1,Partially protected,0.5
P0899,2007,2015,8,5-9,EV-A71,128,1,Protected,0.1
P0899,2007,2015,8,5-9,EV-D68,64,1,Protected,0.1
P0899,2007,2015,8,5-9,CVA6,128,1,Protected,0.1
P0899,2007,2015,8,5-9,CVA16,128,1,Protected,0.1
P0899,2007,2020,13,10-14,EV-A71,256,1,Protected,0.1
P0899,2007,2020,13,10-14,EV-D68,256,1,Protected,0.1
P0899,2007,2020,13,10-14,CVA6,256,1,Protected,0.1
P0899,2007,2020,13,10-14,CVA16,256,1,Protected,0.1
P0899,2007,2025,18,15-19,EV-A71,512,1,Protected,0.1
P0899,2007,2025,18,15-19,EV-D68,256,1,Protected,0.1
P0899,2007,2025,18,15-19,CVA6,512,1,Protected,0.1
P0899,2007,2025,18,15-19,CVA16,128,1,Protected,0.1
P0900,2018,2020,2,0-4,EV-A71,128,1,Protected,0.1
P0900,2018,2020,2,0-4,EV-D68,32,1,Partially protected,0.5
P0900,2018,2020,2,0-4,CVA6,128,1,Protected,0.1
P0900,2018,2020,2,0-4,CVA16,128,1,Protected,0.1
P0900,2018,2025,7,5-9,EV-A71,256,1,Protected,0.1
P0900,2018,2025,7,5-9,EV-D68,64,1,Protected,0.1
P0900,2018,2025,7,5-9,CVA6,256,1,Protected,0.1
P0900,2018,2025,7,5-9,CVA16,64,1,Protected,0.1
P0901,2011,2015,4,0-4,EV-A71,64,1,Protected,0.1
P0901,2011,2015,4,0-4,EV-D68,64,1,Protected,0.1
P0901,2011,2015,4,0-4,CVA6,128,1,Protected,0.1
P0901,2011,2015,4,0-4,CVA16,32,1,Partially protected,0.5
P0901,2011,2020,9,5-9,EV-A71,128,1,Protected,0.1
P0901,2011,2020,9,5-9,EV-D68,128,1,Protected,0.1
P0901,2011,2020,9,5-9,CVA6,64,1,Protected,0.1
P0901,2011,2020,9,5-9,CVA16,64,1,Protected,0.1
P0901,2011,2025,14,10-14,EV-A71,256,1,Protected,0.1
P0901,2011,2025,14,10-14,EV-D68,128,1,Protected,0.1
P0901,2011,2025,14,10-14,CVA6,512,1,Protected,0.1
P0901,2011,2025,14,10-14,CVA16,256,1,Protected,0.1
P0902,1994,2005,11,10-14,EV-A71,128,1,Protected,0.1
P0902,1994,2005,11,10-14,EV-D68,64,1,Protected,0.1
P0902,1994,2005,11,10-14,CVA6,256,1,Protected,0.1
P0902,1994,2005,11,10-14,CVA16,64,1,Protected,0.1
P0902,1994,2010,16,15-19,EV-A71,128,1,Protected,0.1
P0902,1994,2010,16,15-19,EV-D68,64,1,Protected,0.1
P0902,1994,2010,16,15-19,CVA6,128,1,Protected,0.1
P0902,1994,2010,16,15-19,CVA16,32,1,Partially protected,0.5
P0902,1994,2015,21,20-39,EV-A71,512,1,Protected,0.1
P0902,1994,2015,21,20-39,EV-D68,512,1,Protected,0.1
P0902,1994,2015,21,20-39,CVA6,512,1,Protected,0.1
P0902,1994,2015,21,20-39,CVA16,256,1,Protected,0.1
P0902,1994,2020,26,20-39,EV-A71,512,1,Protected,0.1
P0902,1994,2020,26,20-39,EV-D68,128,1,Protected,0.1
P0902,1994,2020,26,20-39,CVA6,512,1,Protected,0.1
P0902,1994,2020,26,20-39,CVA16,256,1,Protected,0.1
P0902,1994,2025,31,20-39,EV-A71,256,1,Protected,0.1
P0902,1994,2025,31,20-39,EV-D68,256,1,Protected,0.1
P0902,1994,2025,31,20-39,CVA6,512,1,Protected,0.1
P0902,1994,2025,31,20-39,CVA16,256,1,Protected,0.1
P0903,1992,2005,13,10-14,EV-A71,128,1,Protected,0.1
P0903,1992,2005,13,10-14,EV-D68,32,1,Partially protected,0.5
P0903,1992,2005,13,10-14,CVA6,128,1,Protected,0.1
P0903,1992,2005,13,10-14,CVA16,32,1,Partially protected,0.5
P0903,1992,2010,18,15-19,EV-A71,64,1,Protected,0.1
P0903,1992,2010,18,15-19,EV-D68,64,1,Protected,0.1
P0903,1992,2010,18,15-19,CVA6,256,1,Protected,0.1
P0903,1992,2010,18,15-19,CVA16,128,1,Protected,0.1
P0903,1992,2015,23,20-39,EV-A71,512,1,Protected,0.1
P0903,1992,2015,23,20-39,EV-D68,128,1,Protected,0.1
P0903,1992,2015,23,20-39,CVA6,512,1,Protected,0.1
P0903,1992,2015,23,20-39,CVA16,256,1,Protected,0.1
P0903,1992,2020,28,20-39,EV-A71,512,1,Protected,0.1
P0903,1992,2020,28,20-39,EV-D68,128,1,Protected,0.1
P0903,1992,2020,28,20-39,CVA6,512,1,Protected,0.1
P0903,1992,2020,28,20-39,CVA16,512,1,Protected,0.1
P0903,1992,2025,33,20-39,EV-A71,512,1,Protected,0.1
P0903,1992,2025,33,20-39,EV-D68,512,1,Protected,0.1
P0903,1992,2025,33,20-39,CVA6,512,1,Protected,0.1
P0903,1992,2025,33,20-39,CVA16,256,1,Protected,0.1
P0904,2020,2020,0,0-4,EV-A71,64,1,Protected,0.1
P0904,2020,2020,0,0-4,EV-D68,64,1,Protected,0.1
P0904,2020,2020,0,0-4,CVA6,128,1,Protected,0.1
P0904,2020,2020,0,0-4,CVA16,128,1,Protected,0.1
P0904,2020,2025,5,5-9,EV-A71,128,1,Protected,0.1
P0904,2020,2025,5,5-9,EV-D68,64,1,Protected,0.1
P0904,2020,2025,5,5-9,CVA6,256,1,Protected,0.1
P0904,2020,2025,5,5-9,CVA16,64,1,Protected,0.1
P0905,2019,2020,1,0-4,EV-A71,64,1,Protected,0.1
P0905,2019,2020,1,0-4,EV-D68,64,1,Protected,0.1
P0905,2019,2020,1,0-4,CVA6,64,1,Protected,0.1
P0905,2019,2020,1,0-4,CVA16,64,1,Protected,0.1
P0905,2019,2025,6,5-9,EV-A71,128,1,Protected,0.1
P0905,2019,2025,6,5-9,EV-D68,64,1,Protected,0.1
P0905,2019,2025,6,5-9,CVA6,64,1,Protected,0.1
P0905,2019,2025,6,5-9,CVA16,32,1,Partially protected,0.5
P0906,1998,2005,7,5-9,EV-A71,64,1,Protected,0.1
P0906,1998,2005,7,5-9,EV-D68,32,1,Partially protected,0.5
P0906,1998,2005,7,5-9,CVA6,64,1,Protected,0.1
P0906,1998,2005,7,5-9,CVA16,32,1,Partially protected,0.5
P0906,1998,2010,12,10-14,EV-A71,128,1,Protected,0.1
P0906,1998,2010,12,10-14,EV-D68,64,1,Protected,0.1
P0906,1998,2010,12,10-14,CVA6,128,1,Protected,0.1
P0906,1998,2010,12,10-14,CVA16,64,1,Protected,0.1
P0906,1998,2015,17,15-19,EV-A71,256,1,Protected,0.1
P0906,1998,2015,17,15-19,EV-D68,128,1,Protected,0.1
P0906,1998,2015,17,15-19,CVA6,256,1,Protected,0.1
P0906,1998,2015,17,15-19,CVA16,64,1,Protected,0.1
P0906,1998,2020,22,20-39,EV-A71,512,1,Protected,0.1
P0906,1998,2020,22,20-39,EV-D68,256,1,Protected,0.1
P0906,1998,2020,22,20-39,CVA6,512,1,Protected,0.1
P0906,1998,2020,22,20-39,CVA16,512,1,Protected,0.1
P0906,1998,2025,27,20-39,EV-A71,256,1,Protected,0.1
P0906,1998,2025,27,20-39,EV-D68,128,1,Protected,0.1
P0906,1998,2025,27,20-39,CVA6,512,1,Protected,0.1
P0906,1998,2025,27,20-39,CVA16,128,1,Protected,0.1
P0907,2008,2010,2,0-4,EV-A71,32,1,Partially protected,0.5
P0907,2008,2010,2,0-4,EV-D68,32,1,Partially protected,0.5
P0907,2008,2010,2,0-4,CVA6,32,1,Partially protected,0.5
P0907,2008,2010,2,0-4,CVA16,32,1,Partially protected,0.5
P0907,2008,2015,7,5-9,EV-A71,128,1,Protected,0.1
P0907,2008,2015,7,5-9,EV-D68,32,1,Partially protected,0.5
P0907,2008,2015,7,5-9,CVA6,128,1,Protected,0.1
P0907,2008,2015,7,5-9,CVA16,64,1,Protected,0.1
P0907,2008,2020,12,10-14,EV-A71,128,1,Protected,0.1
P0907,2008,2020,12,10-14,EV-D68,256,1,Protected,0.1
P0907,2008,2020,12,10-14,CVA6,512,1,Protected,0.1
P0907,2008,2020,12,10-14,CVA16,128,1,Protected,0.1
P0907,2008,2025,17,15-19,EV-A71,512,1,Protected,0.1
P0907,2008,2025,17,15-19,EV-D68,64,1,Protected,0.1
P0907,2008,2025,17,15-19,CVA6,256,1,Protected,0.1
P0907,2008,2025,17,15-19,CVA16,256,1,Protected,0.1
P0908,1991,2005,14,10-14,EV-A71,128,1,Protected,0.1
P0908,1991,2005,14,10-14,EV-D68,32,1,Partially protected,0.5
P0908,1991,2005,14,10-14,CVA6,128,1,Protected,0.1
P0908,1991,2005,14,10-14,CVA16,32,1,Partially protected,0.5
P0908,1991,2010,19,15-19,EV-A71,128,1,Protected,0.1
P0908,1991,2010,19,15-19,EV-D68,64,1,Protected,0.1
P0908,1991,2010,19,15-19,CVA6,128,1,Protected,0.1
P0908,1991,2010,19,15-19,CVA16,64,1,Protected,0.1
P0908,1991,2015,24,20-39,EV-A71,512,1,Protected,0.1
P0908,1991,2015,24,20-39,EV-D68,256,1,Protected,0.1
P0908,1991,2015,24,20-39,CVA6,256,1,Protected,0.1
P0908,1991,2015,24,20-39,CVA16,512,1,Protected,0.1
P0908,1991,2020,29,20-39,EV-A71,256,1,Protected,0.1
P0908,1991,2020,29,20-39,EV-D68,128,1,Protected,0.1
P0908,1991,2020,29,20-39,CVA6,512,1,Protected,0.1
P0908,1991,2020,29,20-39,CVA16,256,1,Protected,0.1
P0908,1991,2025,34,20-39,EV-A71,512,1,Protected,0.1
P0908,1991,2025,34,20-39,EV-D68,256,1,Protected,0.1
P0908,1991,2025,34,20-39,CVA6,512,1,Protected,0.1
P0908,1991,2025,34,20-39,CVA16,512,1,Protected,0.1
P0909,1974,2005,31,20-39,EV-A71,256,1,Protected,0.1
P0909,1974,2005,31,20-39,EV-D68,128,1,Protected,0.1
P0909,1974,2005,31,20-39,CVA6,256,1,Protected,0.1
P0909,1974,2005,31,20-39,CVA16,64,1,Protected,0.1
P0909,1974,2010,36,20-39,EV-A71,256,1,Protected,0.1
P0909,1974,2010,36,20-39,EV-D68,128,1,Protected,0.1
P0909,1974,2010,36,20-39,CVA6,256,1,Protected,0.1
P0909,1974,2010,36,20-39,CVA16,64,1,Protected,0.1
P0909,1974,2015,41,40-59,EV-A71,512,1,Protected,0.1
P0909,1974,2015,41,40-59,EV-D68,256,1,Protected,0.1
P0909,1974,2015,41,40-59,CVA6,512,1,Protected,0.1
P0909,1974,2015,41,40-59,CVA16,256,1,Protected,0.1
P0909,1974,2020,46,40-59,EV-A71,512,1,Protected,0.1
P0909,1974,2020,46,40-59,EV-D68,512,1,Protected,0.1
P0909,1974,2020,46,40-59,CVA6,512,1,Protected,0.1
P0909,1974,2020,46,40-59,CVA16,512,1,Protected,0.1
P0909,1974,2025,51,40-59,EV-A71,256,1,Protected,0.1
P0909,1974,2025,51,40-59,EV-D68,256,1,Protected,0.1
P0909,1974,2025,51,40-59,CVA6,512,1,Protected,0.1
P0909,1974,2025,51,40-59,CVA16,512,1,Protected,0.1
P0910,1980,2005,25,20-39,EV-A71,256,1,Protected,0.1
P0910,1980,2005,25,20-39,EV-D68,128,1,Protected,0.1
P0910,1980,2005,25,20-39,CVA6,256,1,Protected,0.1
P0910,1980,2005,25,20-39,CVA16,128,1,Protected,0.1
P0910,1980,2010,30,20-39,EV-A71,256,1,Protected,0.1
P0910,1980,2010,30,20-39,EV-D68,64,1,Protected,0.1
P0910,1980,2010,30,20-39,CVA6,128,1,Protected,0.1
P0910,1980,2010,30,20-39,CVA16,128,1,Protected,0.1
P0910,1980,2015,35,20-39,EV-A71,512,1,Protected,0.1
P0910,1980,2015,35,20-39,EV-D68,128,1,Protected,0.1
P0910,1980,2015,35,20-39,CVA6,512,1,Protected,0.1
P0910,1980,2015,35,20-39,CVA16,256,1,Protected,0.1
P0910,1980,2020,40,40-59,EV-A71,256,1,Protected,0.1
P0910,1980,2020,40,40-59,EV-D68,256,1,Protected,0.1
P0910,1980,2020,40,40-59,CVA6,512,1,Protected,0.1
P0910,1980,2020,40,40-59,CVA16,256,1,Protected,0.1
P0910,1980,2025,45,40-59,EV-A71,256,1,Protected,0.1
P0910,1980,2025,45,40-59,EV-D68,256,1,Protected,0.1
P0910,1980,2025,45,40-59,CVA6,512,1,Protected,0.1
P0910,1980,2025,45,40-59,CVA16,128,1,Protected,0.1
P0911,1999,2005,6,5-9,EV-A71,64,1,Protected,0.1
P0911,1999,2005,6,5-9,EV-D68,16,0,Susceptible,1.0
P0911,1999,2005,6,5-9,CVA6,128,1,Protected,0.1
P0911,1999,2005,6,5-9,CVA16,64,1,Protected,0.1
P0911,1999,2010,11,10-14,EV-A71,256,1,Protected,0.1
P0911,1999,2010,11,10-14,EV-D68,32,1,Partially protected,0.5
P0911,1999,2010,11,10-14,CVA6,256,1,Protected,0.1
P0911,1999,2010,11,10-14,CVA16,64,1,Protected,0.1
P0911,1999,2015,16,15-19,EV-A71,256,1,Protected,0.1
P0911,1999,2015,16,15-19,EV-D68,128,1,Protected,0.1
P0911,1999,2015,16,15-19,CVA6,512,1,Protected,0.1
P0911,1999,2015,16,15-19,CVA16,256,1,Protected,0.1
P0911,1999,2020,21,20-39,EV-A71,512,1,Protected,0.1
P0911,1999,2020,21,20-39,EV-D68,128,1,Protected,0.1
P0911,1999,2020,21,20-39,CVA6,512,1,Protected,0.1
P0911,1999,2020,21,20-39,CVA16,128,1,Protected,0.1
P0911,1999,2025,26,20-39,EV-A71,512,1,Protected,0.1
P0911,1999,2025,26,20-39,EV-D68,256,1,Protected,0.1
P0911,1999,2025,26,20-39,CVA6,512,1,Protected,0.1
P0911,1999,2025,26,20-39,CVA16,512,1,Protected,0.1
P0912,1979,2005,26,20-39,EV-A71,256,1,Protected,0.1
P0912,1979,2005,26,20-39,EV-D68,128,1,Protected,0.1
P0912,1979,2005,26,20-39,CVA6,128,1,Protected,0.1
P0912,1979,2005,26,20-39,CVA16,64,1,Protected,0.1
P0912,1979,2010,31,20-39,EV-A71,128,1,Protected,0.1
P0912,1979,2010,31,20-39,EV-D68,128,1,Protected,0.1
P0912,1979,2010,31,20-39,CVA6,256,1,Protected,0.1
P0912,1979,2010,31,20-39,CVA16,128,1,Protected,0.1
P0912,1979,2015,36,20-39,EV-A71,512,1,Protected,0.1
P0912,1979,2015,36,20-39,EV-D68,256,1,Protected,0.1
P0912,1979,2015,36,20-39,CVA6,512,1,Protected,0.1
P0912,1979,2015,36,20-39,CVA16,256,1,Protected,0.1
P0912,1979,2020,41,40-59,EV-A71,512,1,Protected,0.1
P0912,1979,2020,41,40-59,EV-D68,128,1,Protected,0.1
P0912,1979,2020,41,40-59,CVA6,512,1,Protected,0.1
P0912,1979,2020,41,40-59,CVA16,256,1,Protected,0.1
P0912,1979,2025,46,40-59,EV-A71,256,1,Protected,0.1
P0912,1979,2025,46,40-59,EV-D68,256,1,Protected,0.1
P0912,1979,2025,46,40-59,CVA6,512,1,Protected,0.1
P0912,1979,2025,46,40-59,CVA16,256,1,Protected,0.1
P0913,2002,2005,3,0-4,EV-A71,64,1,Protected,0.1
P0913,2002,2005,3,0-4,EV-D68,16,0,Susceptible,1.0
P0913,2002,2005,3,0-4,CVA6,32,1,Partially protected,0.5
P0913,2002,2005,3,0-4,CVA16,32,1,Partially protected,0.5
P0913,2002,2010,8,5-9,EV-A71,64,1,Protected,0.1
P0913,2002,2010,8,5-9,EV-D68,32,1,Partially protected,0.5
P0913,2002,2010,8,5-9,CVA6,32,1,Partially protected,0.5
P0913,2002,2010,8,5-9,CVA16,32,1,Partially protected,0.5
P0913,2002,2015,13,10-14,EV-A71,512,1,Protected,0.1
P0913,2002,2015,13,10-14,EV-D68,256,1,Protected,0.1
P0913,2002,2015,13,10-14,CVA6,512,1,Protected,0.1
P0913,2002,2015,13,10-14,CVA16,64,1,Protected,0.1
P0913,2002,2020,18,15-19,EV-A71,256,1,Protected,0.1
P0913,2002,2020,18,15-19,EV-D68,64,1,Protected,0.1
P0913,2002,2020,18,15-19,CVA6,128,1,Protected,0.1
P0913,2002,2020,18,15-19,CVA16,128,1,Protected,0.1
P0913,2002,2025,23,20-39,EV-A71,512,1,Protected,0.1
P0913,2002,2025,23,20-39,EV-D68,256,1,Protected,0.1
P0913,2002,2025,23,20-39,CVA6,256,1,Protected,0.1
P0913,2002,2025,23,20-39,CVA16,256,1,Protected,0.1
P0914,1955,2005,50,40-59,EV-A71,512,1,Protected,0.1
P0914,1955,2005,50,40-59,EV-D68,128,1,Protected,0.1
P0914,1955,2005,50,40-59,CVA6,512,1,Protected,0.1
P0914,1955,2005,50,40-59,CVA16,64,1,Protected,0.1
P0914,1955,2010,55,40-59,EV-A71,256,1,Protected,0.1
P0914,1955,2010,55,40-59,EV-D68,64,1,Protected,0.1
P0914,1955,2010,55,40-59,CVA6,256,1,Protected,0.1
P0914,1955,2010,55,40-59,CVA16,128,1,Protected,0.1
P0914,1955,2015,60,60+,EV-A71,512,1,Protected,0.1
P0914,1955,2015,60,60+,EV-D68,512,1,Protected,0.1
P0914,1955,2015,60,60+,CVA6,256,1,Protected,0.1
P0914,1955,2015,60,60+,CVA16,512,1,Protected,0.1
P0914,1955,2020,65,60+,EV-A71,512,1,Protected,0.1
P0914,1955,2020,65,60+,EV-D68,512,1,Protected,0.1
P0914,1955,2020,65,60+,CVA6,512,1,Protected,0.1
P0914,1955,2020,65,60+,CVA16,512,1,Protected,0.1
P0914,1955,2025,70,60+,EV-A71,512,1,Protected,0.1
P0914,1955,2025,70,60+,EV-D68,128,1,Protected,0.1
P0914,1955,2025,70,60+,CVA6,512,1,Protected,0.1
P0914,1955,2025,70,60+,CVA16,128,1,Protected,0.1
P0915,1990,2005,15,15-19,EV-A71,128,1,Protected,0.1
P0915,1990,2005,15,15-19,EV-D68,64,1,Protected,0.1
P0915,1990,2005,15,15-19,CVA6,64,1,Protected,0.1
P0915,1990,2005,15,15-19,CVA16,64,1,Protected,0.1
P0915,1990,2010,20,20-39,EV-A71,256,1,Protected,0.1
P0915,1990,2010,20,20-39,EV-D68,64,1,Protected,0.1
P0915,1990,2010,20,20-39,CVA6,256,1,Protected,0.1
P0915,1990,2010,20,20-39,CVA16,64,1,Protected,0.1
P0915,1990,2015,25,20-39,EV-A71,256,1,Protected,0.1
P0915,1990,2015,25,20-39,EV-D68,512,1,Protected,0.1
P0915,1990,2015,25,20-39,CVA6,256,1,Protected,0.1
P0915,1990,2015,25,20-39,CVA16,128,1,Protected,0.1
P0915,1990,2020,30,20-39,EV-A71,512,1,Protected,0.1
P0915,1990,2020,30,20-39,EV-D68,128,1,Protected,0.1
P0915,1990,2020,30,20-39,CVA6,512,1,Protected,0.1
P0915,1990,2020,30,20-39,CVA16,256,1,Protected,0.1
P0915,1990,2025,35,20-39,EV-A71,512,1,Protected,0.1
P0915,1990,2025,35,20-39,EV-D68,512,1,Protected,0.1
P0915,1990,2025,35,20-39,CVA6,256,1,Protected,0.1
P0915,1990,2025,35,20-39,CVA16,256,1,Protected,0.1
P0916,2010,2010,0,0-4,EV-A71,64,1,Protected,0.1
P0916,2010,2010,0,0-4,EV-D68,64,1,Protected,0.1
P0916,2010,2010,0,0-4,CVA6,128,1,Protected,0.1
P0916,2010,2010,0,0-4,CVA16,32,1,Partially protected,0.5
P0916,2010,2015,5,5-9,EV-A71,64,1,Protected,0.1
P0916,2010,2015,5,5-9,EV-D68,64,1,Protected,0.1
P0916,2010,2015,5,5-9,CVA6,128,1,Protected,0.1
P0916,2010,2015,5,5-9,CVA16,64,1,Protected,0.1
P0916,2010,2020,10,10-14,EV-A71,512,1,Protected,0.1
P0916,2010,2020,10,10-14,EV-D68,64,1,Protected,0.1
P0916,2010,2020,10,10-14,CVA6,128,1,Protected,0.1
P0916,2010,2020,10,10-14,CVA16,128,1,Protected,0.1
P0916,2010,2025,15,15-19,EV-A71,256,1,Protected,0.1
P0916,2010,2025,15,15-19,EV-D68,128,1,Protected,0.1
P0916,2010,2025,15,15-19,CVA6,256,1,Protected,0.1
P0916,2010,2025,15,15-19,CVA16,256,1,Protected,0.1
P0917,1998,2005,7,5-9,EV-A71,64,1,Protected,0.1
P0917,1998,2005,7,5-9,EV-D68,32,1,Partially protected,0.5
P0917,1998,2005,7,5-9,CVA6,32,1,Partially protected,0.5
P0917,1998,2005,7,5-9,CVA16,64,1,Protected,0.1
P0917,1998,2010,12,10-14,EV-A71,128,1,Protected,0.1
P0917,1998,2010,12,10-14,EV-D68,128,1,Protected,0.1
P0917,1998,2010,12,10-14,CVA6,128,1,Protected,0.1
P0917,1998,2010,12,10-14,CVA16,64,1,Protected,0.1
P0917,1998,2015,17,15-19,EV-A71,512,1,Protected,0.1
P0917,1998,2015,17,15-19,EV-D68,128,1,Protected,0.1
P0917,1998,2015,17,15-19,CVA6,128,1,Protected,0.1
P0917,1998,2015,17,15-19,CVA16,128,1,Protected,0.1
P0917,1998,2020,22,20-39,EV-A71,512,1,Protected,0.1
P0917,1998,2020,22,20-39,EV-D68,512,1,Protected,0.1
P0917,1998,2020,22,20-39,CVA6,512,1,Protected,0.1
P0917,1998,2020,22,20-39,CVA16,256,1,Protected,0.1
P0917,1998,2025,27,20-39,EV-A71,512,1,Protected,0.1
P0917,1998,2025,27,20-39,EV-D68,256,1,Protected,0.1
P0917,1998,2025,27,20-39,CVA6,512,1,Protected,0.1
P0917,1998,2025,27,20-39,CVA16,256,1,Protected,0.1
P0918,1999,2005,6,5-9,EV-A71,64,1,Protected,0.1
P0918,1999,2005,6,5-9,EV-D68,64,1,Protected,0.1
P0918,1999,2005,6,5-9,CVA6,64,1,Protected,0.1
P0918,1999,2005,6,5-9,CVA16,64,1,Protected,0.1
P0918,1999,2010,11,10-14,EV-A71,128,1,Protected,0.1
P0918,1999,2010,11,10-14,EV-D68,64,1,Protected,0.1
P0918,1999,2010,11,10-14,CVA6,128,1,Protected,0.1
P0918,1999,2010,11,10-14,CVA16,128,1,Protected,0.1
P0918,1999,2015,16,15-19,EV-A71,128,1,Protected,0.1
P0918,1999,2015,16,15-19,EV-D68,128,1,Protected,0.1
P0918,1999,2015,16,15-19,CVA6,256,1,Protected,0.1
P0918,1999,2015,16,15-19,CVA16,256,1,Protected,0.1
P0918,1999,2020,21,20-39,EV-A71,512,1,Protected,0.1
P0918,1999,2020,21,20-39,EV-D68,128,1,Protected,0.1
P0918,1999,2020,21,20-39,CVA6,256,1,Protected,0.1
P0918,1999,2020,21,20-39,CVA16,256,1,Protected,0.1
P0918,1999,2025,26,20-39,EV-A71,512,1,Protected,0.1
P0918,1999,2025,26,20-39,EV-D68,256,1,Protected,0.1
P0918,1999,2025,26,20-39,CVA6,512,1,Protected,0.1
P0918,1999,2025,26,20-39,CVA16,256,1,Protected,0.1
P0919,1969,2005,36,20-39,EV-A71,512,1,Protected,0.1
P0919,1969,2005,36,20-39,EV-D68,128,1,Protected,0.1
P0919,1969,2005,36,20-39,CVA6,512,1,Protected,0.1
P0919,1969,2005,36,20-39,CVA16,64,1,Protected,0.1
P0919,1969,2010,41,40-59,EV-A71,256,1,Protected,0.1
P0919,1969,2010,41,40-59,EV-D68,128,1,Protected,0.1
P0919,1969,2010,41,40-59,CVA6,128,1,Protected,0.1
P0919,1969,2010,41,40-59,CVA16,128,1,Protected,0.1
P0919,1969,2015,46,40-59,EV-A71,512,1,Protected,0.1
P0919,1969,2015,46,40-59,EV-D68,128,1,Protected,0.1
P0919,1969,2015,46,40-59,CVA6,256,1,Protected,0.1
P0919,1969,2015,46,40-59,CVA16,256,1,Protected,0.1
P0919,1969,2020,51,40-59,EV-A71,512,1,Protected,0.1
P0919,1969,2020,51,40-59,EV-D68,256,1,Protected,0.1
P0919,1969,2020,51,40-59,CVA6,512,1,Protected,0.1
P0919,1969,2020,51,40-59,CVA16,128,1,Protected,0.1
P0919,1969,2025,56,40-59,EV-A71,512,1,Protected,0.1
P0919,1969,2025,56,40-59,EV-D68,128,1,Protected,0.1
P0919,1969,2025,56,40-59,CVA6,512,1,Protected,0.1
P0919,1969,2025,56,40-59,CVA16,128,1,Protected,0.1
P0920,2013,2015,2,0-4,EV-A71,64,1,Protected,0.1
P0920,2013,2015,2,0-4,EV-D68,64,1,Protected,0.1
P0920,2013,2015,2,0-4,CVA6,64,1,Protected,0.1
P0920,2013,2015,2,0-4,CVA16,64,1,Protected,0.1
P0920,2013,2020,7,5-9,EV-A71,128,1,Protected,0.1
P0920,2013,2020,7,5-9,EV-D68,64,1,Protected,0.1
P0920,2013,2020,7,5-9,CVA6,128,1,Protected,0.1
P0920,2013,2020,7,5-9,CVA16,64,1,Protected,0.1
P0920,2013,2025,12,10-14,EV-A71,128,1,Protected,0.1
P0920,2013,2025,12,10-14,EV-D68,128,1,Protected,0.1
P0920,2013,2025,12,10-14,CVA6,256,1,Protected,0.1
P0920,2013,2025,12,10-14,CVA16,128,1,Protected,0.1
P0921,1954,2005,51,40-59,EV-A71,256,1,Protected,0.1
P0921,1954,2005,51,40-59,EV-D68,256,1,Protected,0.1
P0921,1954,2005,51,40-59,CVA6,256,1,Protected,0.1
P0921,1954,2005,51,40-59,CVA16,128,1,Protected,0.1
P0921,1954,2010,56,40-59,EV-A71,256,1,Protected,0.1
P0921,1954,2010,56,40-59,EV-D68,128,1,Protected,0.1
P0921,1954,2010,56,40-59,CVA6,256,1,Protected,0.1
P0921,1954,2010,56,40-59,CVA16,128,1,Protected,0.1
P0921,1954,2015,61,60+,EV-A71,512,1,Protected,0.1
P0921,1954,2015,61,60+,EV-D68,256,1,Protected,0.1
P0921,1954,2015,61,60+,CVA6,512,1,Protected,0.1
P0921,1954,2015,61,60+,CVA16,256,1,Protected,0.1
P0921,1954,2020,66,60+,EV-A71,512,1,Protected,0.1
P0921,1954,2020,66,60+,EV-D68,256,1,Protected,0.1
P0921,1954,2020,66,60+,CVA6,512,1,Protected,0.1
P0921,1954,2020,66,60+,CVA16,128,1,Protected,0.1
P0921,1954,2025,71,60+,EV-A71,512,1,Protected,0.1
P0921,1954,2025,71,60+,EV-D68,128,1,Protected,0.1
P0921,1954,2025,71,60+,CVA6,512,1,Protected,0.1
P0921,1954,2025,71,60+,CVA16,256,1,Protected,0.1
P0922,1966,2005,39,20-39,EV-A71,256,1,Protected,0.1
P0922,1966,2005,39,20-39,EV-D68,64,1,Protected,0.1
P0922,1966,2005,39,20-39,CVA6,128,1,Protected,0.1
P0922,1966,2005,39,20-39,CVA16,128,1,Protected,0.1
P0922,1966,2010,44,40-59,EV-A71,512,1,Protected,0.1
P0922,1966,2010,44,40-59,EV-D68,128,1,Protected,0.1
P0922,1966,2010,44,40-59,CVA6,256,1,Protected,0.1
P0922,1966,2010,44,40-59,CVA16,128,1,Protected,0.1
P0922,1966,2015,49,40-59,EV-A71,256,1,Protected,0.1
P0922,1966,2015,49,40-59,EV-D68,256,1,Protected,0.1
P0922,1966,2015,49,40-59,CVA6,512,1,Protected,0.1
P0922,1966,2015,49,40-59,CVA16,256,1,Protected,0.1
P0922,1966,2020,54,40-59,EV-A71,512,1,Protected,0.1
P0922,1966,2020,54,40-59,EV-D68,256,1,Protected,0.1
P0922,1966,2020,54,40-59,CVA6,512,1,Protected,0.1
P0922,1966,2020,54,40-59,CVA16,128,1,Protected,0.1
P0922,1966,2025,59,40-59,EV-A71,512,1,Protected,0.1
P0922,1966,2025,59,40-59,EV-D68,512,1,Protected,0.1
P0922,1966,2025,59,40-59,CVA6,256,1,Protected,0.1
P0922,1966,2025,59,40-59,CVA16,512,1,Protected,0.1
P0923,2014,2015,1,0-4,EV-A71,128,1,Protected,0.1
P0923,2014,2015,1,0-4,EV-D68,64,1,Protected,0.1
P0923,2014,2015,1,0-4,CVA6,128,1,Protected,0.1
P0923,2014,2015,1,0-4,CVA16,64,1,Protected,0.1
P0923,2014,2020,6,5-9,EV-A71,128,1,Protected,0.1
P0923,2014,2020,6,5-9,EV-D68,64,1,Protected,0.1
P0923,2014,2020,6,5-9,CVA6,128,1,Protected,0.1
P0923,2014,2020,6,5-9,CVA16,64,1,Protected,0.1
P0923,2014,2025,11,10-14,EV-A71,256,1,Protected,0.1
P0923,2014,2025,11,10-14,EV-D68,128,1,Protected,0.1
P0923,2014,2025,11,10-14,CVA6,256,1,Protected,0.1
P0923,2014,2025,11,10-14,CVA16,128,1,Protected,0.1
P0924,1992,2005,13,10-14,EV-A71,128,1,Protected,0.1
P0924,1992,2005,13,10-14,EV-D68,64,1,Protected,0.1
P0924,1992,2005,13,10-14,CVA6,128,1,Protected,0.1
P0924,1992,2005,13,10-14,CVA16,32,1,Partially protected,0.5
P0924,1992,2010,18,15-19,EV-A71,128,1,Protected,0.1
P0924,1992,2010,18,15-19,EV-D68,64,1,Protected,0.1
P0924,1992,2010,18,15-19,CVA6,128,1,Protected,0.1
P0924,1992,2010,18,15-19,CVA16,64,1,Protected,0.1
P0924,1992,2015,23,20-39,EV-A71,512,1,Protected,0.1
P0924,1992,2015,23,20-39,EV-D68,512,1,Protected,0.1
P0924,1992,2015,23,20-39,CVA6,512,1,Protected,0.1
P0924,1992,2015,23,20-39,CVA16,128,1,Protected,0.1
P0924,1992,2020,28,20-39,EV-A71,512,1,Protected,0.1
P0924,1992,2020,28,20-39,EV-D68,256,1,Protected,0.1
P0924,1992,2020,28,20-39,CVA6,512,1,Protected,0.1
P0924,1992,2020,28,20-39,CVA16,256,1,Protected,0.1
P0924,1992,2025,33,20-39,EV-A71,256,1,Protected,0.1
P0924,1992,2025,33,20-39,EV-D68,256,1,Protected,0.1
P0924,1992,2025,33,20-39,CVA6,512,1,Protected,0.1
P0924,1992,2025,33,20-39,CVA16,256,1,Protected,0.1
P0925,1962,2005,43,40-59,EV-A71,256,1,Protected,0.1
P0925,1962,2005,43,40-59,EV-D68,64,1,Protected,0.1
P0925,1962,2005,43,40-59,CVA6,128,1,Protected,0.1
P0925,1962,2005,43,40-59,CVA16,256,1,Protected,0.1
P0925,1962,2010,48,40-59,EV-A71,128,1,Protected,0.1
P0925,1962,2010,48,40-59,EV-D68,128,1,Protected,0.1
P0925,1962,2010,48,40-59,CVA6,256,1,Protected,0.1
P0925,1962,2010,48,40-59,CVA16,128,1,Protected,0.1
P0925,1962,2015,53,40-59,EV-A71,512,1,Protected,0.1
P0925,1962,2015,53,40-59,EV-D68,512,1,Protected,0.1
P0925,1962,2015,53,40-59,CVA6,512,1,Protected,0.1
P0925,1962,2015,53,40-59,CVA16,512,1,Protected,0.1
P0925,1962,2020,58,40-59,EV-A71,512,1,Protected,0.1
P0925,1962,2020,58,40-59,EV-D68,256,1,Protected,0.1
P0925,1962,2020,58,40-59,CVA6,512,1,Protected,0.1
P0925,1962,2020,58,40-59,CVA16,512,1,Protected,0.1
P0925,1962,2025,63,60+,EV-A71,256,1,Protected,0.1
P0925,1962,2025,63,60+,EV-D68,256,1,Protected,0.1
P0925,1962,2025,63,60+,CVA6,256,1,Protected,0.1
P0925,1962,2025,63,60+,CVA16,256,1,Protected,0.1
P0926,2006,2010,4,0-4,EV-A71,128,1,Protected,0.1
P0926,2006,2010,4,0-4,EV-D68,32,1,Partially protected,0.5
P0926,2006,2010,4,0-4,CVA6,128,1,Protected,0.1
P0926,2006,2010,4,0-4,CVA16,32,1,Partially protected,0.5
P0926,2006,2015,9,5-9,EV-A71,64,1,Protected,0.1
P0926,2006,2015,9,5-9,EV-D68,64,1,Protected,0.1
P0926,2006,2015,9,5-9,CVA6,128,1,Protected,0.1
P0926,2006,2015,9,5-9,CVA16,64,1,Protected,0.1
P0926,2006,2020,14,10-14,EV-A71,128,1,Protected,0.1
P0926,2006,2020,14,10-14,EV-D68,128,1,Protected,0.1
P0926,2006,2020,14,10-14,CVA6,256,1,Protected,0.1
P0926,2006,2020,14,10-14,CVA16,128,1,Protected,0.1
P0926,2006,2025,19,15-19,EV-A71,256,1,Protected,0.1
P0926,2006,2025,19,15-19,EV-D68,256,1,Protected,0.1
P0926,2006,2025,19,15-19,CVA6,256,1,Protected,0.1
P0926,2006,2025,19,15-19,CVA16,128,1,Protected,0.1
P0927,1962,2005,43,40-59,EV-A71,512,1,Protected,0.1
P0927,1962,2005,43,40-59,EV-D68,256,1,Protected,0.1
P0927,1962,2005,43,40-59,CVA6,512,1,Protected,0.1
P0927,1962,2005,43,40-59,CVA16,128,1,Protected,0.1
P0927,1962,2010,48,40-59,EV-A71,128,1,Protected,0.1
P0927,1962,2010,48,40-59,EV-D68,128,1,Protected,0.1
P0927,1962,2010,48,40-59,CVA6,256,1,Protected,0.1
P0927,1962,2010,48,40-59,CVA16,256,1,Protected,0.1
P0927,1962,2015,53,40-59,EV-A71,512,1,Protected,0.1
P0927,1962,2015,53,40-59,EV-D68,256,1,Protected,0.1
P0927,1962,2015,53,40-59,CVA6,512,1,Protected,0.1
P0927,1962,2015,53,40-59,CVA16,128,1,Protected,0.1
P0927,1962,2020,58,40-59,EV-A71,512,1,Protected,0.1
P0927,1962,2020,58,40-59,EV-D68,256,1,Protected,0.1
P0927,1962,2020,58,40-59,CVA6,512,1,Protected,0.1
P0927,1962,2020,58,40-59,CVA16,256,1,Protected,0.1
P0927,1962,2025,63,60+,EV-A71,512,1,Protected,0.1
P0927,1962,2025,63,60+,EV-D68,256,1,Protected,0.1
P0927,1962,2025,63,60+,CVA6,512,1,Protected,0.1
P0927,1962,2025,63,60+,CVA16,256,1,Protected,0.1
P0928,2017,2020,3,0-4,EV-A71,128,1,Protected,0.1
P0928,2017,2020,3,0-4,EV-D68,128,1,Protected,0.1
P0928,2017,2020,3,0-4,CVA6,64,1,Protected,0.1
P0928,2017,2020,3,0-4,CVA16,32,1,Partially protected,0.5
P0928,2017,2025,8,5-9,EV-A71,64,1,Protected,0.1
P0928,2017,2025,8,5-9,EV-D68,128,1,Protected,0.1
P0928,2017,2025,8,5-9,CVA6,128,1,Protected,0.1
P0928,2017,2025,8,5-9,CVA16,64,1,Protected,0.1
P0929,2008,2010,2,0-4,EV-A71,64,1,Protected,0.1
P0929,2008,2010,2,0-4,EV-D68,16,0,Susceptible,1.0
P0929,2008,2010,2,0-4,CVA6,64,1,Protected,0.1
P0929,2008,2010,2,0-4,CVA16,32,1,Partially protected,0.5
P0929,2008,2015,7,5-9,EV-A71,128,1,Protected,0.1
P0929,2008,2015,7,5-9,EV-D68,128,1,Protected,0.1
P0929,2008,2015,7,5-9,CVA6,64,1,Protected,0.1
P0929,2008,2015,7,5-9,CVA16,32,1,Partially protected,0.5
P0929,2008,2020,12,10-14,EV-A71,512,1,Protected,0.1
P0929,2008,2020,12,10-14,EV-D68,128,1,Protected,0.1
P0929,2008,2020,12,10-14,CVA6,256,1,Protected,0.1
P0929,2008,2020,12,10-14,CVA16,128,1,Protected,0.1
P0929,2008,2025,17,15-19,EV-A71,256,1,Protected,0.1
P0929,2008,2025,17,15-19,EV-D68,128,1,Protected,0.1
P0929,2008,2025,17,15-19,CVA6,256,1,Protected,0.1
P0929,2008,2025,17,15-19,CVA16,64,1,Protected,0.1
P0930,1951,2005,54,40-59,EV-A71,128,1,Protected,0.1
P0930,1951,2005,54,40-59,EV-D68,128,1,Protected,0.1
P0930,1951,2005,54,40-59,CVA6,128,1,Protected,0.1
P0930,1951,2005,54,40-59,CVA16,256,1,Protected,0.1
P0930,1951,2010,59,40-59,EV-A71,256,1,Protected,0.1
P0930,1951,2010,59,40-59,EV-D68,64,1,Protected,0.1
P0930,1951,2010,59,40-59,CVA6,256,1,Protected,0.1
P0930,1951,2010,59,40-59,CVA16,256,1,Protected,0.1
P0930,1951,2015,64,60+,EV-A71,512,1,Protected,0.1
P0930,1951,2015,64,60+,EV-D68,256,1,Protected,0.1
P0930,1951,2015,64,60+,CVA6,256,1,Protected,0.1
P0930,1951,2015,64,60+,CVA16,256,1,Protected,0.1
P0930,1951,2020,69,60+,EV-A71,512,1,Protected,0.1
P0930,1951,2020,69,60+,EV-D68,512,1,Protected,0.1
P0930,1951,2020,69,60+,CVA6,256,1,Protected,0.1
P0930,1951,2020,69,60+,CVA16,128,1,Protected,0.1
P0930,1951,2025,74,60+,EV-A71,512,1,Protected,0.1
P0930,1951,2025,74,60+,EV-D68,512,1,Protected,0.1
P0930,1951,2025,74,60+,CVA6,512,1,Protected,0.1
P0930,1951,2025,74,60+,CVA16,256,1,Protected,0.1
P0931,1968,2005,37,20-39,EV-A71,128,1,Protected,0.1
P0931,1968,2005,37,20-39,EV-D68,128,1,Protected,0.1
P0931,1968,2005,37,20-39,CVA6,256,1,Protected,0.1
P0931,1968,2005,37,20-39,CVA16,256,1,Protected,0.1
P0931,1968,2010,42,40-59,EV-A71,256,1,Protected,0.1
P0931,1968,2010,42,40-59,EV-D68,64,1,Protected,0.1
P0931,1968,2010,42,40-59,CVA6,256,1,Protected,0.1
P0931,1968,2010,42,40-59,CVA16,128,1,Protected,0.1
P0931,1968,2015,47,40-59,EV-A71,512,1,Protected,0.1
P0931,1968,2015,47,40-59,EV-D68,256,1,Protected,0.1
P0931,1968,2015,47,40-59,CVA6,256,1,Protected,0.1
P0931,1968,2015,47,40-59,CVA16,128,1,Protected,0.1
P0931,1968,2020,52,40-59,EV-A71,512,1,Protected,0.1
P0931,1968,2020,52,40-59,EV-D68,512,1,Protected,0.1
P0931,1968,2020,52,40-59,CVA6,512,1,Protected,0.1
P0931,1968,2020,52,40-59,CVA16,512,1,Protected,0.1
P0931,1968,2025,57,40-59,EV-A71,512,1,Protected,0.1
P0931,1968,2025,57,40-59,EV-D68,128,1,Protected,0.1
P0931,1968,2025,57,40-59,CVA6,512,1,Protected,0.1
P0931,1968,2025,57,40-59,CVA16,256,1,Protected,0.1
P0932,2002,2005,3,0-4,EV-A71,64,1,Protected,0.1
P0932,2002,2005,3,0-4,EV-D68,32,1,Partially protected,0.5
P0932,2002,2005,3,0-4,CVA6,128,1,Protected,0.1
P0932,2002,2005,3,0-4,CVA16,32,1,Partially protected,0.5
P0932,2002,2010,8,5-9,EV-A71,32,1,Partially protected,0.5
P0932,2002,2010,8,5-9,EV-D68,16,0,Susceptible,1.0
P0932,2002,2010,8,5-9,CVA6,128,1,Protected,0.1
P0932,2002,2010,8,5-9,CVA16,16,0,Susceptible,1.0
P0932,2002,2015,13,10-14,EV-A71,256,1,Protected,0.1
P0932,2002,2015,13,10-14,EV-D68,128,1,Protected,0.1
P0932,2002,2015,13,10-14,CVA6,256,1,Protected,0.1
P0932,2002,2015,13,10-14,CVA16,128,1,Protected,0.1
P0932,2002,2020,18,15-19,EV-A71,256,1,Protected,0.1
P0932,2002,2020,18,15-19,EV-D68,64,1,Protected,0.1
P0932,2002,2020,18,15-19,CVA6,256,1,Protected,0.1
P0932,2002,2020,18,15-19,CVA16,128,1,Protected,0.1
P0932,2002,2025,23,20-39,EV-A71,512,1,Protected,0.1
P0932,2002,2025,23,20-39,EV-D68,256,1,Protected,0.1
P0932,2002,2025,23,20-39,CVA6,512,1,Protected,0.1
P0932,2002,2025,23,20-39,CVA16,256,1,Protected,0.1
P0933,1969,2005,36,20-39,EV-A71,256,1,Protected,0.1
P0933,1969,2005,36,20-39,EV-D68,64,1,Protected,0.1
P0933,1969,2005,36,20-39,CVA6,256,1,Protected,0.1
P0933,1969,2005,36,20-39,CVA16,128,1,Protected,0.1
P0933,1969,2010,41,40-59,EV-A71,512,1,Protected,0.1
P0933,1969,2010,41,40-59,EV-D68,128,1,Protected,0.1
P0933,1969,2010,41,40-59,CVA6,128,1,Protected,0.1
P0933,1969,2010,41,40-59,CVA16,64,1,Protected,0.1
P0933,1969,2015,46,40-59,EV-A71,512,1,Protected,0.1
P0933,1969,2015,46,40-59,EV-D68,256,1,Protected,0.1
P0933,1969,2015,46,40-59,CVA6,512,1,Protected,0.1
P0933,1969,2015,46,40-59,CVA16,256,1,Protected,0.1
P0933,1969,2020,51,40-59,EV-A71,512,1,Protected,0.1
P0933,1969,2020,51,40-59,EV-D68,128,1,Protected,0.1
P0933,1969,2020,51,40-59,CVA6,512,1,Protected,0.1
P0933,1969,2020,51,40-59,CVA16,256,1,Protected,0.1
P0933,1969,2025,56,40-59,EV-A71,512,1,Protected,0.1
P0933,1969,2025,56,40-59,EV-D68,128,1,Protected,0.1
P0933,1969,2025,56,40-59,CVA6,512,1,Protected,0.1
P0933,1969,2025,56,40-59,CVA16,256,1,Protected,0.1
P0934,1959,2005,46,40-59,EV-A71,128,1,Protected,0.1
P0934,1959,2005,46,40-59,EV-D68,256,1,Protected,0.1
P0934,1959,2005,46,40-59,CVA6,256,1,Protected,0.1
P0934,1959,2005,46,40-59,CVA16,128,1,Protected,0.1
P0934,1959,2010,51,40-59,EV-A71,128,1,Protected,0.1
P0934,1959,2010,51,40-59,EV-D68,64,1,Protected,0.1
P0934,1959,2010,51,40-59,CVA6,256,1,Protected,0.1
P0934,1959,2010,51,40-59,CVA16,128,1,Protected,0.1
P0934,1959,2015,56,40-59,EV-A71,256,1,Protected,0.1
P0934,1959,2015,56,40-59,EV-D68,256,1,Protected,0.1
P0934,1959,2015,56,40-59,CVA6,512,1,Protected,0.1
P0934,1959,2015,56,40-59,CVA16,128,1,Protected,0.1
P0934,1959,2020,61,60+,EV-A71,512,1,Protected,0.1
P0934,1959,2020,61,60+,EV-D68,256,1,Protected,0.1
P0934,1959,2020,61,60+,CVA6,512,1,Protected,0.1
P0934,1959,2020,61,60+,CVA16,256,1,Protected,0.1
P0934,1959,2025,66,60+,EV-A71,512,1,Protected,0.1
P0934,1959,2025,66,60+,EV-D68,512,1,Protected,0.1
P0934,1959,2025,66,60+,CVA6,512,1,Protected,0.1
P0934,1959,2025,66,60+,CVA16,512,1,Protected,0.1
P0935,2010,2010,0,0-4,EV-A71,128,1,Protected,0.1
P0935,2010,2010,0,0-4,EV-D68,32,1,Partially protected,0.5
P0935,2010,2010,0,0-4,CVA6,64,1,Protected,0.1
P0935,2010,2010,0,0-4,CVA16,32,1,Partially protected,0.5
P0935,2010,2015,5,5-9,EV-A71,256,1,Protected,0.1
P0935,2010,2015,5,5-9,EV-D68,128,1,Protected,0.1
P0935,2010,2015,5,5-9,CVA6,256,1,Protected,0.1
P0935,2010,2015,5,5-9,CVA16,64,1,Protected,0.1
P0935,2010,2020,10,10-14,EV-A71,256,1,Protected,0.1
P0935,2010,2020,10,10-14,EV-D68,128,1,Protected,0.1
P0935,2010,2020,10,10-14,CVA6,256,1,Protected,0.1
P0935,2010,2020,10,10-14,CVA16,256,1,Protected,0.1
P0935,2010,2025,15,15-19,EV-A71,256,1,Protected,0.1
P0935,2010,2025,15,15-19,EV-D68,128,1,Protected,0.1
P0935,2010,2025,15,15-19,CVA6,256,1,Protected,0.1
P0935,2010,2025,15,15-19,CVA16,128,1,Protected,0.1
P0936,1983,2005,22,20-39,EV-A71,512,1,Protected,0.1
P0936,1983,2005,22,20-39,EV-D68,128,1,Protected,0.1
P0936,1983,2005,22,20-39,CVA6,128,1,Protected,0.1
P0936,1983,2005,22,20-39,CVA16,128,1,Protected,0.1
P0936,1983,2010,27,20-39,EV-A71,256,1,Protected,0.1
P0936,1983,2010,27,20-39,EV-D68,128,1,Protected,0.1
P0936,1983,2010,27,20-39,CVA6,256,1,Protected,0.1
P0936,1983,2010,27,20-39,CVA16,256,1,Protected,0.1
P0936,1983,2015,32,20-39,EV-A71,512,1,Protected,0.1
P0936,1983,2015,32,20-39,EV-D68,128,1,Protected,0.1
P0936,1983,2015,32,20-39,CVA6,512,1,Protected,0.1
P0936,1983,2015,32,20-39,CVA16,128,1,Protected,0.1
P0936,1983,2020,37,20-39,EV-A71,512,1,Protected,0.1
P0936,1983,2020,37,20-39,EV-D68,128,1,Protected,0.1
P0936,1983,2020,37,20-39,CVA6,512,1,Protected,0.1
P0936,1983,2020,37,20-39,CVA16,512,1,Protected,0.1
P0936,1983,2025,42,40-59,EV-A71,256,1,Protected,0.1
P0936,1983,2025,42,40-59,EV-D68,512,1,Protected,0.1
P0936,1983,2025,42,40-59,CVA6,512,1,Protected,0.1
P0936,1983,2025,42,40-59,CVA16,256,1,Protected,0.1
P0937,1993,2005,12,10-14,EV-A71,256,1,Protected,0.1
P0937,1993,2005,12,10-14,EV-D68,64,1,Protected,0.1
P0937,1993,2005,12,10-14,CVA6,64,1,Protected,0.1
P0937,1993,2005,12,10-14,CVA16,128,1,Protected,0.1
P0937,1993,2010,17,15-19,EV-A71,128,1,Protected,0.1
P0937,1993,2010,17,15-19,EV-D68,128,1,Protected,0.1
P0937,1993,2010,17,15-19,CVA6,128,1,Protected,0.1
P0937,1993,2010,17,15-19,CVA16,64,1,Protected,0.1
P0937,1993,2015,22,20-39,EV-A71,512,1,Protected,0.1
P0937,1993,2015,22,20-39,EV-D68,128,1,Protected,0.1
P0937,1993,2015,22,20-39,CVA6,512,1,Protected,0.1
P0937,1993,2015,22,20-39,CVA16,512,1,Protected,0.1
P0937,1993,2020,27,20-39,EV-A71,512,1,Protected,0.1
P0937,1993,2020,27,20-39,EV-D68,128,1,Protected,0.1
P0937,1993,2020,27,20-39,CVA6,512,1,Protected,0.1
P0937,1993,2020,27,20-39,CVA16,512,1,Protected,0.1
P0937,1993,2025,32,20-39,EV-A71,512,1,Protected,0.1
P0937,1993,2025,32,20-39,EV-D68,128,1,Protected,0.1
P0937,1993,2025,32,20-39,CVA6,512,1,Protected,0.1
P0937,1993,2025,32,20-39,CVA16,512,1,Protected,0.1
P0938,2000,2005,5,5-9,EV-A71,128,1,Protected,0.1
P0938,2000,2005,5,5-9,EV-D68,16,0,Susceptible,1.0
P0938,2000,2005,5,5-9,CVA6,64,1,Protected,0.1
P0938,2000,2005,5,5-9,CVA16,32,1,Partially protected,0.5
P0938,2000,2010,10,10-14,EV-A71,128,1,Protected,0.1
P0938,2000,2010,10,10-14,EV-D68,128,1,Protected,0.1
P0938,2000,2010,10,10-14,CVA6,128,1,Protected,0.1
P0938,2000,2010,10,10-14,CVA16,64,1,Protected,0.1
P0938,2000,2015,15,15-19,EV-A71,128,1,Protected,0.1
P0938,2000,2015,15,15-19,EV-D68,128,1,Protected,0.1
P0938,2000,2015,15,15-19,CVA6,256,1,Protected,0.1
P0938,2000,2015,15,15-19,CVA16,128,1,Protected,0.1
P0938,2000,2020,20,20-39,EV-A71,512,1,Protected,0.1
P0938,2000,2020,20,20-39,EV-D68,256,1,Protected,0.1
P0938,2000,2020,20,20-39,CVA6,256,1,Protected,0.1
P0938,2000,2020,20,20-39,CVA16,512,1,Protected,0.1
P0938,2000,2025,25,20-39,EV-A71,512,1,Protected,0.1
P0938,2000,2025,25,20-39,EV-D68,512,1,Protected,0.1
P0938,2000,2025,25,20-39,CVA6,512,1,Protected,0.1
P0938,2000,2025,25,20-39,CVA16,128,1,Protected,0.1
P0939,1960,2005,45,40-59,EV-A71,256,1,Protected,0.1
P0939,1960,2005,45,40-59,EV-D68,256,1,Protected,0.1
P0939,1960,2005,45,40-59,CVA6,128,1,Protected,0.1
P0939,1960,2005,45,40-59,CVA16,128,1,Protected,0.1
P0939,1960,2010,50,40-59,EV-A71,256,1,Protected,0.1
P0939,1960,2010,50,40-59,EV-D68,128,1,Protected,0.1
P0939,1960,2010,50,40-59,CVA6,256,1,Protected,0.1
P0939,1960,2010,50,40-59,CVA16,128,1,Protected,0.1
P0939,1960,2015,55,40-59,EV-A71,256,1,Protected,0.1
P0939,1960,2015,55,40-59,EV-D68,128,1,Protected,0.1
P0939,1960,2015,55,40-59,CVA6,256,1,Protected,0.1
P0939,1960,2015,55,40-59,CVA16,128,1,Protected,0.1
P0939,1960,2020,60,60+,EV-A71,256,1,Protected,0.1
P0939,1960,2020,60,60+,EV-D68,128,1,Protected,0.1
P0939,1960,2020,60,60+,CVA6,256,1,Protected,0.1
P0939,1960,2020,60,60+,CVA16,256,1,Protected,0.1
P0939,1960,2025,65,60+,EV-A71,512,1,Protected,0.1
P0939,1960,2025,65,60+,EV-D68,512,1,Protected,0.1
P0939,1960,2025,65,60+,CVA6,256,1,Protected,0.1
P0939,1960,2025,65,60+,CVA16,128,1,Protected,0.1
P0940,1992,2005,13,10-14,EV-A71,128,1,Protected,0.1
P0940,1992,2005,13,10-14,EV-D68,64,1,Protected,0.1
P0940,1992,2005,13,10-14,CVA6,64,1,Protected,0.1
P0940,1992,2005,13,10-14,CVA16,64,1,Protected,0.1
P0940,1992,2010,18,15-19,EV-A71,256,1,Protected,0.1
P0940,1992,2010,18,15-19,EV-D68,64,1,Protected,0.1
P0940,1992,2010,18,15-19,CVA6,64,1,Protected,0.1
P0940,1992,2010,18,15-19,CVA16,128,1,Protected,0.1
P0940,1992,2015,23,20-39,EV-A71,256,1,Protected,0.1
P0940,1992,2015,23,20-39,EV-D68,256,1,Protected,0.1
P0940,1992,2015,23,20-39,CVA6,512,1,Protected,0.1
P0940,1992,2015,23,20-39,CVA16,256,1,Protected,0.1
P0940,1992,2020,28,20-39,EV-A71,512,1,Protected,0.1
P0940,1992,2020,28,20-39,EV-D68,128,1,Protected,0.1
P0940,1992,2020,28,20-39,CVA6,512,1,Protected,0.1
P0940,1992,2020,28,20-39,CVA16,256,1,Protected,0.1
P0940,1992,2025,33,20-39,EV-A71,512,1,Protected,0.1
P0940,1992,2025,33,20-39,EV-D68,256,1,Protected,0.1
P0940,1992,2025,33,20-39,CVA6,512,1,Protected,0.1
P0940,1992,2025,33,20-39,CVA16,128,1,Protected,0.1
P0941,2018,2020,2,0-4,EV-A71,256,1,Protected,0.1
P0941,2018,2020,2,0-4,EV-D68,64,1,Protected,0.1
P0941,2018,2020,2,0-4,CVA6,256,1,Protected,0.1
P0941,2018,2020,2,0-4,CVA16,128,1,Protected,0.1
P0941,2018,2025,7,5-9,EV-A71,256,1,Protected,0.1
P0941,2018,2025,7,5-9,EV-D68,64,1,Protected,0.1
P0941,2018,2025,7,5-9,CVA6,128,1,Protected,0.1
P0941,2018,2025,7,5-9,CVA16,64,1,Protected,0.1
P0942,1998,2005,7,5-9,EV-A71,128,1,Protected,0.1
P0942,1998,2005,7,5-9,EV-D68,16,0,Susceptible,1.0
P0942,1998,2005,7,5-9,CVA6,64,1,Protected,0.1
P0942,1998,2005,7,5-9,CVA16,32,1,Partially protected,0.5
P0942,1998,2010,12,10-14,EV-A71,128,1,Protected,0.1
P0942,1998,2010,12,10-14,EV-D68,128,1,Protected,0.1
P0942,1998,2010,12,10-14,CVA6,256,1,Protected,0.1
P0942,1998,2010,12,10-14,CVA16,32,1,Partially protected,0.5
P0942,1998,2015,17,15-19,EV-A71,256,1,Protected,0.1
P0942,1998,2015,17,15-19,EV-D68,128,1,Protected,0.1
P0942,1998,2015,17,15-19,CVA6,256,1,Protected,0.1
P0942,1998,2015,17,15-19,CVA16,64,1,Protected,0.1
P0942,1998,2020,22,20-39,EV-A71,512,1,Protected,0.1
P0942,1998,2020,22,20-39,EV-D68,256,1,Protected,0.1
P0942,1998,2020,22,20-39,CVA6,512,1,Protected,0.1
P0942,1998,2020,22,20-39,CVA16,128,1,Protected,0.1
P0942,1998,2025,27,20-39,EV-A71,256,1,Protected,0.1
P0942,1998,2025,27,20-39,EV-D68,512,1,Protected,0.1
P0942,1998,2025,27,20-39,CVA6,256,1,Protected,0.1
P0942,1998,2025,27,20-39,CVA16,128,1,Protected,0.1
P0943,1990,2005,15,15-19,EV-A71,128,1,Protected,0.1
P0943,1990,2005,15,15-19,EV-D68,64,1,Protected,0.1
P0943,1990,2005,15,15-19,CVA6,128,1,Protected,0.1
P0943,1990,2005,15,15-19,CVA16,64,1,Protected,0.1
P0943,1990,2010,20,20-39,EV-A71,256,1,Protected,0.1
P0943,1990,2010,20,20-39,EV-D68,64,1,Protected,0.1
P0943,1990,2010,20,20-39,CVA6,256,1,Protected,0.1
P0943,1990,2010,20,20-39,CVA16,256,1,Protected,0.1
P0943,1990,2015,25,20-39,EV-A71,512,1,Protected,0.1
P0943,1990,2015,25,20-39,EV-D68,512,1,Protected,0.1
P0943,1990,2015,25,20-39,CVA6,512,1,Protected,0.1
P0943,1990,2015,25,20-39,CVA16,256,1,Protected,0.1
P0943,1990,2020,30,20-39,EV-A71,512,1,Protected,0.1
P0943,1990,2020,30,20-39,EV-D68,512,1,Protected,0.1
P0943,1990,2020,30,20-39,CVA6,256,1,Protected,0.1
P0943,1990,2020,30,20-39,CVA16,256,1,Protected,0.1
P0943,1990,2025,35,20-39,EV-A71,512,1,Protected,0.1
P0943,1990,2025,35,20-39,EV-D68,256,1,Protected,0.1
P0943,1990,2025,35,20-39,CVA6,512,1,Protected,0.1
P0943,1990,2025,35,20-39,CVA16,512,1,Protected,0.1
P0944,2012,2015,3,0-4,EV-A71,128,1,Protected,0.1
P0944,2012,2015,3,0-4,EV-D68,64,1,Protected,0.1
P0944,2012,2015,3,0-4,CVA6,128,1,Protected,0.1
P0944,2012,2015,3,0-4,CVA16,32,1,Partially protected,0.5
P0944,2012,2020,8,5-9,EV-A71,128,1,Protected,0.1
P0944,2012,2020,8,5-9,EV-D68,64,1,Protected,0.1
P0944,2012,2020,8,5-9,CVA6,128,1,Protected,0.1
P0944,2012,2020,8,5-9,CVA16,128,1,Protected,0.1
P0944,2012,2025,13,10-14,EV-A71,256,1,Protected,0.1
P0944,2012,2025,13,10-14,EV-D68,64,1,Protected,0.1
P0944,2012,2025,13,10-14,CVA6,512,1,Protected,0.1
P0944,2012,2025,13,10-14,CVA16,64,1,Protected,0.1
P0945,2019,2020,1,0-4,EV-A71,128,1,Protected,0.1
P0945,2019,2020,1,0-4,EV-D68,32,1,Partially protected,0.5
P0945,2019,2020,1,0-4,CVA6,128,1,Protected,0.1
P0945,2019,2020,1,0-4,CVA16,64,1,Protected,0.1
P0945,2019,2025,6,5-9,EV-A71,128,1,Protected,0.1
P0945,2019,2025,6,5-9,EV-D68,64,1,Protected,0.1
P0945,2019,2025,6,5-9,CVA6,256,1,Protected,0.1
P0945,2019,2025,6,5-9,CVA16,128,1,Protected,0.1
P0946,1954,2005,51,40-59,EV-A71,512,1,Protected,0.1
P0946,1954,2005,51,40-59,EV-D68,128,1,Protected,0.1
P0946,1954,2005,51,40-59,CVA6,512,1,Protected,0.1
P0946,1954,2005,51,40-59,CVA16,128,1,Protected,0.1
P0946,1954,2010,56,40-59,EV-A71,128,1,Protected,0.1
P0946,1954,2010,56,40-59,EV-D68,256,1,Protected,0.1
P0946,1954,2010,56,40-59,CVA6,512,1,Protected,0.1
P0946,1954,2010,56,40-59,CVA16,128,1,Protected,0.1
P0946,1954,2015,61,60+,EV-A71,512,1,Protected,0.1
P0946,1954,2015,61,60+,EV-D68,128,1,Protected,0.1
P0946,1954,2015,61,60+,CVA6,256,1,Protected,0.1
P0946,1954,2015,61,60+,CVA16,256,1,Protected,0.1
P0946,1954,2020,66,60+,EV-A71,256,1,Protected,0.1
P0946,1954,2020,66,60+,EV-D68,128,1,Protected,0.1
P0946,1954,2020,66,60+,CVA6,512,1,Protected,0.1
P0946,1954,2020,66,60+,CVA16,256,1,Protected,0.1
P0946,1954,2025,71,60+,EV-A71,512,1,Protected,0.1
P0946,1954,2025,71,60+,EV-D68,128,1,Protected,0.1
P0946,1954,2025,71,60+,CVA6,512,1,Protected,0.1
P0946,1954,2025,71,60+,CVA16,512,1,Protected,0.1
P0947,1958,2005,47,40-59,EV-A71,128,1,Protected,0.1
P0947,1958,2005,47,40-59,EV-D68,128,1,Protected,0.1
P0947,1958,2005,47,40-59,CVA6,256,1,Protected,0.1
P0947,1958,2005,47,40-59,CVA16,128,1,Protected,0.1
P0947,1958,2010,52,40-59,EV-A71,512,1,Protected,0.1
P0947,1958,2010,52,40-59,EV-D68,128,1,Protected,0.1
P0947,1958,2010,52,40-59,CVA6,256,1,Protected,0.1
P0947,1958,2010,52,40-59,CVA16,128,1,Protected,0.1
P0947,1958,2015,57,40-59,EV-A71,512,1,Protected,0.1
P0947,1958,2015,57,40-59,EV-D68,256,1,Protected,0.1
P0947,1958,2015,57,40-59,CVA6,512,1,Protected,0.1
P0947,1958,2015,57,40-59,CVA16,256,1,Protected,0.1
P0947,1958,2020,62,60+,EV-A71,512,1,Protected,0.1
P0947,1958,2020,62,60+,EV-D68,128,1,Protected,0.1
P0947,1958,2020,62,60+,CVA6,512,1,Protected,0.1
P0947,1958,2020,62,60+,CVA16,256,1,Protected,0.1
P0947,1958,2025,67,60+,EV-A71,512,1,Protected,0.1
P0947,1958,2025,67,60+,EV-D68,256,1,Protected,0.1
P0947,1958,2025,67,60+,CVA6,256,1,Protected,0.1
P0947,1958,2025,67,60+,CVA16,256,1,Protected,0.1
P0948,1980,2005,25,20-39,EV-A71,256,1,Protected,0.1
P0948,1980,2005,25,20-39,EV-D68,256,1,Protected,0.1
P0948,1980,2005,25,20-39,CVA6,256,1,Protected,0.1
P0948,1980,2005,25,20-39,CVA16,128,1,Protected,0.1
P0948,1980,2010,30,20-39,EV-A71,512,1,Protected,0.1
P0948,1980,2010,30,20-39,EV-D68,256,1,Protected,0.1
P0948,1980,2010,30,20-39,CVA6,256,1,Protected,0.1
P0948,1980,2010,30,20-39,CVA16,128,1,Protected,0.1
P0948,1980,2015,35,20-39,EV-A71,512,1,Protected,0.1
P0948,1980,2015,35,20-39,EV-D68,256,1,Protected,0.1
P0948,1980,2015,35,20-39,CVA6,256,1,Protected,0.1
P0948,1980,2015,35,20-39,CVA16,256,1,Protected,0.1
P0948,1980,2020,40,40-59,EV-A71,512,1,Protected,0.1
P0948,1980,2020,40,40-59,EV-D68,256,1,Protected,0.1
P0948,1980,2020,40,40-59,CVA6,512,1,Protected,0.1
P0948,1980,2020,40,40-59,CVA16,512,1,Protected,0.1
P0948,1980,2025,45,40-59,EV-A71,512,1,Protected,0.1
P0948,1980,2025,45,40-59,EV-D68,256,1,Protected,0.1
P0948,1980,2025,45,40-59,CVA6,256,1,Protected,0.1
P0948,1980,2025,45,40-59,CVA16,256,1,Protected,0.1
P0949,1986,2005,19,15-19,EV-A71,128,1,Protected,0.1
P0949,1986,2005,19,15-19,EV-D68,32,1,Partially protected,0.5
P0949,1986,2005,19,15-19,CVA6,128,1,Protected,0.1
P0949,1986,2005,19,15-19,CVA16,32,1,Partially protected,0.5
P0949,1986,2010,24,20-39,EV-A71,256,1,Protected,0.1
P0949,1986,2010,24,20-39,EV-D68,128,1,Protected,0.1
P0949,1986,2010,24,20-39,CVA6,256,1,Protected,0.1
P0949,1986,2010,24,20-39,CVA16,128,1,Protected,0.1
P0949,1986,2015,29,20-39,EV-A71,512,1,Protected,0.1
P0949,1986,2015,29,20-39,EV-D68,256,1,Protected,0.1
P0949,1986,2015,29,20-39,CVA6,512,1,Protected,0.1
P0949,1986,2015,29,20-39,CVA16,128,1,Protected,0.1
P0949,1986,2020,34,20-39,EV-A71,512,1,Protected,0.1
P0949,1986,2020,34,20-39,EV-D68,256,1,Protected,0.1
P0949,1986,2020,34,20-39,CVA6,512,1,Protected,0.1
P0949,1986,2020,34,20-39,CVA16,256,1,Protected,0.1
P0949,1986,2025,39,20-39,EV-A71,512,1,Protected,0.1
P0949,1986,2025,39,20-39,EV-D68,512,1,Protected,0.1
P0949,1986,2025,39,20-39,CVA6,512,1,Protected,0.1
P0949,1986,2025,39,20-39,CVA16,256,1,Protected,0.1
P0950,1979,2005,26,20-39,EV-A71,256,1,Protected,0.1
P0950,1979,2005,26,20-39,EV-D68,64,1,Protected,0.1
P0950,1979,2005,26,20-39,CVA6,128,1,Protected,0.1
P0950,1979,2005,26,20-39,CVA16,128,1,Protected,0.1
P0950,1979,2010,31,20-39,EV-A71,256,1,Protected,0.1
P0950,1979,2010,31,20-39,EV-D68,128,1,Protected,0.1
P0950,1979,2010,31,20-39,CVA6,256,1,Protected,0.1
P0950,1979,2010,31,20-39,CVA16,128,1,Protected,0.1
P0950,1979,2015,36,20-39,EV-A71,512,1,Protected,0.1
P0950,1979,2015,36,20-39,EV-D68,512,1,Protected,0.1
P0950,1979,2015,36,20-39,CVA6,512,1,Protected,0.1
P0950,1979,2015,36,20-39,CVA16,512,1,Protected,0.1
P0950,1979,2020,41,40-59,EV-A71,512,1,Protected,0.1
P0950,1979,2020,41,40-59,EV-D68,128,1,Protected,0.1
P0950,1979,2020,41,40-59,CVA6,512,1,Protected,0.1
P0950,1979,2020,41,40-59,CVA16,128,1,Protected,0.1
P0950,1979,2025,46,40-59,EV-A71,512,1,Protected,0.1
P0950,1979,2025,46,40-59,EV-D68,256,1,Protected,0.1
P0950,1979,2025,46,40-59,CVA6,512,1,Protected,0.1
P0950,1979,2025,46,40-59,CVA16,512,1,Protected,0.1
P0951,1961,2005,44,40-59,EV-A71,512,1,Protected,0.1
P0951,1961,2005,44,40-59,EV-D68,128,1,Protected,0.1
P0951,1961,2005,44,40-59,CVA6,256,1,Protected,0.1
P0951,1961,2005,44,40-59,CVA16,128,1,Protected,0.1
P0951,1961,2010,49,40-59,EV-A71,256,1,Protected,0.1
P0951,1961,2010,49,40-59,EV-D68,128,1,Protected,0.1
P0951,1961,2010,49,40-59,CVA6,512,1,Protected,0.1
P0951,1961,2010,49,40-59,CVA16,64,1,Protected,0.1
P0951,1961,2015,54,40-59,EV-A71,512,1,Protected,0.1
P0951,1961,2015,54,40-59,EV-D68,128,1,Protected,0.1
P0951,1961,2015,54,40-59,CVA6,512,1,Protected,0.1
P0951,1961,2015,54,40-59,CVA16,128,1,Protected,0.1
P0951,1961,2020,59,40-59,EV-A71,512,1,Protected,0.1
P0951,1961,2020,59,40-59,EV-D68,256,1,Protected,0.1
P0951,1961,2020,59,40-59,CVA6,512,1,Protected,0.1
P0951,1961,2020,59,40-59,CVA16,256,1,Protected,0.1
P0951,1961,2025,64,60+,EV-A71,512,1,Protected,0.1
P0951,1961,2025,64,60+,EV-D68,256,1,Protected,0.1
P0951,1961,2025,64,60+,CVA6,512,1,Protected,0.1
P0951,1961,2025,64,60+,CVA16,512,1,Protected,0.1
P0952,2005,2005,0,0-4,EV-A71,64,1,Protected,0.1
P0952,2005,2005,0,0-4,EV-D68,64,1,Protected,0.1
P0952,2005,2005,0,0-4,CVA6,64,1,Protected,0.1
P0952,2005,2005,0,0-4,CVA16,16,0,Susceptible,1.0
P0952,2005,2010,5,5-9,EV-A71,64,1,Protected,0.1
P0952,2005,2010,5,5-9,EV-D68,32,1,Partially protected,0.5
P0952,2005,2010,5,5-9,CVA6,64,1,Protected,0.1
P0952,2005,2010,5,5-9,CVA16,16,0,Susceptible,1.0
P0952,2005,2015,10,10-14,EV-A71,128,1,Protected,0.1
P0952,2005,2015,10,10-14,EV-D68,64,1,Protected,0.1
P0952,2005,2015,10,10-14,CVA6,512,1,Protected,0.1
P0952,2005,2015,10,10-14,CVA16,128,1,Protected,0.1
P0952,2005,2020,15,15-19,EV-A71,512,1,Protected,0.1
P0952,2005,2020,15,15-19,EV-D68,128,1,Protected,0.1
P0952,2005,2020,15,15-19,CVA6,128,1,Protected,0.1
P0952,2005,2020,15,15-19,CVA16,256,1,Protected,0.1
P0952,2005,2025,20,20-39,EV-A71,256,1,Protected,0.1
P0952,2005,2025,20,20-39,EV-D68,512,1,Protected,0.1
P0952,2005,2025,20,20-39,CVA6,512,1,Protected,0.1
P0952,2005,2025,20,20-39,CVA16,256,1,Protected,0.1
P0953,1962,2005,43,40-59,EV-A71,512,1,Protected,0.1
P0953,1962,2005,43,40-59,EV-D68,64,1,Protected,0.1
P0953,1962,2005,43,40-59,CVA6,256,1,Protected,0.1
P0953,1962,2005,43,40-59,CVA16,128,1,Protected,0.1
P0953,1962,2010,48,40-59,EV-A71,256,1,Protected,0.1
P0953,1962,2010,48,40-59,EV-D68,128,1,Protected,0.1
P0953,1962,2010,48,40-59,CVA6,256,1,Protected,0.1
P0953,1962,2010,48,40-59,CVA16,128,1,Protected,0.1
P0953,1962,2015,53,40-59,EV-A71,512,1,Protected,0.1
P0953,1962,2015,53,40-59,EV-D68,128,1,Protected,0.1
P0953,1962,2015,53,40-59,CVA6,512,1,Protected,0.1
P0953,1962,2015,53,40-59,CVA16,128,1,Protected,0.1
P0953,1962,2020,58,40-59,EV-A71,256,1,Protected,0.1
P0953,1962,2020,58,40-59,EV-D68,128,1,Protected,0.1
P0953,1962,2020,58,40-59,CVA6,512,1,Protected,0.1
P0953,1962,2020,58,40-59,CVA16,512,1,Protected,0.1
P0953,1962,2025,63,60+,EV-A71,512,1,Protected,0.1
P0953,1962,2025,63,60+,EV-D68,256,1,Protected,0.1
P0953,1962,2025,63,60+,CVA6,512,1,Protected,0.1
P0953,1962,2025,63,60+,CVA16,128,1,Protected,0.1
P0954,1962,2005,43,40-59,EV-A71,256,1,Protected,0.1
P0954,1962,2005,43,40-59,EV-D68,256,1,Protected,0.1
P0954,1962,2005,43,40-59,CVA6,256,1,Protected,0.1
P0954,1962,2005,43,40-59,CVA16,256,1,Protected,0.1
P0954,1962,2010,48,40-59,EV-A71,512,1,Protected,0.1
P0954,1962,2010,48,40-59,EV-D68,64,1,Protected,0.1
P0954,1962,2010,48,40-59,CVA6,128,1,Protected,0.1
P0954,1962,2010,48,40-59,CVA16,128,1,Protected,0.1
P0954,1962,2015,53,40-59,EV-A71,512,1,Protected,0.1
P0954,1962,2015,53,40-59,EV-D68,128,1,Protected,0.1
P0954,1962,2015,53,40-59,CVA6,256,1,Protected,0.1
P0954,1962,2015,53,40-59,CVA16,512,1,Protected,0.1
P0954,1962,2020,58,40-59,EV-A71,256,1,Protected,0.1
P0954,1962,2020,58,40-59,EV-D68,256,1,Protected,0.1
P0954,1962,2020,58,40-59,CVA6,512,1,Protected,0.1
P0954,1962,2020,58,40-59,CVA16,128,1,Protected,0.1
P0954,1962,2025,63,60+,EV-A71,512,1,Protected,0.1
P0954,1962,2025,63,60+,EV-D68,256,1,Protected,0.1
P0954,1962,2025,63,60+,CVA6,512,1,Protected,0.1
P0954,1962,2025,63,60+,CVA16,512,1,Protected,0.1
P0955,2006,2010,4,0-4,EV-A71,32,1,Partially protected,0.5
P0955,2006,2010,4,0-4,EV-D68,32,1,Partially protected,0.5
P0955,2006,2010,4,0-4,CVA6,64,1,Protected,0.1
P0955,2006,2010,4,0-4,CVA16,32,1,Partially protected,0.5
P0955,2006,2015,9,5-9,EV-A71,128,1,Protected,0.1
P0955,2006,2015,9,5-9,EV-D68,64,1,Protected,0.1
P0955,2006,2015,9,5-9,CVA6,128,1,Protected,0.1
P0955,2006,2015,9,5-9,CVA16,64,1,Protected,0.1
P0955,2006,2020,14,10-14,EV-A71,512,1,Protected,0.1
P0955,2006,2020,14,10-14,EV-D68,64,1,Protected,0.1
P0955,2006,2020,14,10-14,CVA6,256,1,Protected,0.1
P0955,2006,2020,14,10-14,CVA16,64,1,Protected,0.1
P0955,2006,2025,19,15-19,EV-A71,512,1,Protected,0.1
P0955,2006,2025,19,15-19,EV-D68,128,1,Protected,0.1
P0955,2006,2025,19,15-19,CVA6,256,1,Protected,0.1
P0955,2006,2025,19,15-19,CVA16,128,1,Protected,0.1
P0956,1971,2005,34,20-39,EV-A71,512,1,Protected,0.1
P0956,1971,2005,34,20-39,EV-D68,128,1,Protected,0.1
P0956,1971,2005,34,20-39,CVA6,256,1,Protected,0.1
P0956,1971,2005,34,20-39,CVA16,64,1,Protected,0.1
P0956,1971,2010,39,20-39,EV-A71,128,1,Protected,0.1
P0956,1971,2010,39,20-39,EV-D68,128,1,Protected,0.1
P0956,1971,2010,39,20-39,CVA6,512,1,Protected,0.1
P0956,1971,2010,39,20-39,CVA16,64,1,Protected,0.1
P0956,1971,2015,44,40-59,EV-A71,256,1,Protected,0.1
P0956,1971,2015,44,40-59,EV-D68,512,1,Protected,0.1
P0956,1971,2015,44,40-59,CVA6,512,1,Protected,0.1
P0956,1971,2015,44,40-59,CVA16,256,1,Protected,0.1
P0956,1971,2020,49,40-59,EV-A71,256,1,Protected,0.1
P0956,1971,2020,49,40-59,EV-D68,512,1,Protected,0.1
P0956,1971,2020,49,40-59,CVA6,512,1,Protected,0.1
P0956,1971,2020,49,40-59,CVA16,256,1,Protected,0.1
P0956,1971,2025,54,40-59,EV-A71,512,1,Protected,0.1
P0956,1971,2025,54,40-59,EV-D68,256,1,Protected,0.1
P0956,1971,2025,54,40-59,CVA6,512,1,Protected,0.1
P0956,1971,2025,54,40-59,CVA16,256,1,Protected,0.1
P0957,1988,2005,17,15-19,EV-A71,128,1,Protected,0.1
P0957,1988,2005,17,15-19,EV-D68,32,1,Partially protected,0.5
P0957,1988,2005,17,15-19,CVA6,256,1,Protected,0.1
P0957,1988,2005,17,15-19,CVA16,64,1,Protected,0.1
P0957,1988,2010,22,20-39,EV-A71,256,1,Protected,0.1
P0957,1988,2010,22,20-39,EV-D68,128,1,Protected,0.1
P0957,1988,2010,22,20-39,CVA6,256,1,Protected,0.1
P0957,1988,2010,22,20-39,CVA16,128,1,Protected,0.1
P0957,1988,2015,27,20-39,EV-A71,512,1,Protected,0.1
P0957,1988,2015,27,20-39,EV-D68,512,1,Protected,0.1
P0957,1988,2015,27,20-39,CVA6,512,1,Protected,0.1
P0957,1988,2015,27,20-39,CVA16,512,1,Protected,0.1
P0957,1988,2020,32,20-39,EV-A71,512,1,Protected,0.1
P0957,1988,2020,32,20-39,EV-D68,128,1,Protected,0.1
P0957,1988,2020,32,20-39,CVA6,512,1,Protected,0.1
P0957,1988,2020,32,20-39,CVA16,256,1,Protected,0.1
P0957,1988,2025,37,20-39,EV-A71,512,1,Protected,0.1
P0957,1988,2025,37,20-39,EV-D68,256,1,Protected,0.1
P0957,1988,2025,37,20-39,CVA6,512,1,Protected,0.1
P0957,1988,2025,37,20-39,CVA16,256,1,Protected,0.1
P0958,1953,2005,52,40-59,EV-A71,128,1,Protected,0.1
P0958,1953,2005,52,40-59,EV-D68,64,1,Protected,0.1
P0958,1953,2005,52,40-59,CVA6,256,1,Protected,0.1
P0958,1953,2005,52,40-59,CVA16,64,1,Protected,0.1
P0958,1953,2010,57,40-59,EV-A71,256,1,Protected,0.1
P0958,1953,2010,57,40-59,EV-D68,128,1,Protected,0.1
P0958,1953,2010,57,40-59,CVA6,512,1,Protected,0.1
P0958,1953,2010,57,40-59,CVA16,256,1,Protected,0.1
P0958,1953,2015,62,60+,EV-A71,512,1,Protected,0.1
P0958,1953,2015,62,60+,EV-D68,128,1,Protected,0.1
P0958,1953,2015,62,60+,CVA6,512,1,Protected,0.1
P0958,1953,2015,62,60+,CVA16,128,1,Protected,0.1
P0958,1953,2020,67,60+,EV-A71,512,1,Protected,0.1
P0958,1953,2020,67,60+,EV-D68,256,1,Protected,0.1
P0958,1953,2020,67,60+,CVA6,512,1,Protected,0.1
P0958,1953,2020,67,60+,CVA16,256,1,Protected,0.1
P0958,1953,2025,72,60+,EV-A71,512,1,Protected,0.1
P0958,1953,2025,72,60+,EV-D68,256,1,Protected,0.1
P0958,1953,2025,72,60+,CVA6,256,1,Protected,0.1
P0958,1953,2025,72,60+,CVA16,512,1,Protected,0.1
P0959,1955,2005,50,40-59,EV-A71,128,1,Protected,0.1
P0959,1955,2005,50,40-59,EV-D68,64,1,Protected,0.1
P0959,1955,2005,50,40-59,CVA6,256,1,Protected,0.1
P0959,1955,2005,50,40-59,CVA16,128,1,Protected,0.1
P0959,1955,2010,55,40-59,EV-A71,128,1,Protected,0.1
P0959,1955,2010,55,40-59,EV-D68,64,1,Protected,0.1
P0959,1955,2010,55,40-59,CVA6,256,1,Protected,0.1
P0959,1955,2010,55,40-59,CVA16,64,1,Protected,0.1
P0959,1955,2015,60,60+,EV-A71,512,1,Protected,0.1
P0959,1955,2015,60,60+,EV-D68,256,1,Protected,0.1
P0959,1955,2015,60,60+,CVA6,512,1,Protected,0.1
P0959,1955,2015,60,60+,CVA16,256,1,Protected,0.1
P0959,1955,2020,65,60+,EV-A71,512,1,Protected,0.1
P0959,1955,2020,65,60+,EV-D68,512,1,Protected,0.1
P0959,1955,2020,65,60+,CVA6,256,1,Protected,0.1
P0959,1955,2020,65,60+,CVA16,128,1,Protected,0.1
P0959,1955,2025,70,60+,EV-A71,512,1,Protected,0.1
P0959,1955,2025,70,60+,EV-D68,256,1,Protected,0.1
P0959,1955,2025,70,60+,CVA6,512,1,Protected,0.1
P0959,1955,2025,70,60+,CVA16,128,1,Protected,0.1
P0960,1991,2005,14,10-14,EV-A71,128,1,Protected,0.1
P0960,1991,2005,14,10-14,EV-D68,64,1,Protected,0.1
P0960,1991,2005,14,10-14,CVA6,64,1,Protected,0.1
P0960,1991,2005,14,10-14,CVA16,64,1,Protected,0.1
P0960,1991,2010,19,15-19,EV-A71,128,1,Protected,0.1
P0960,1991,2010,19,15-19,EV-D68,64,1,Protected,0.1
P0960,1991,2010,19,15-19,CVA6,128,1,Protected,0.1
P0960,1991,2010,19,15-19,CVA16,64,1,Protected,0.1
P0960,1991,2015,24,20-39,EV-A71,256,1,Protected,0.1
P0960,1991,2015,24,20-39,EV-D68,256,1,Protected,0.1
P0960,1991,2015,24,20-39,CVA6,512,1,Protected,0.1
P0960,1991,2015,24,20-39,CVA16,512,1,Protected,0.1
P0960,1991,2020,29,20-39,EV-A71,512,1,Protected,0.1
P0960,1991,2020,29,20-39,EV-D68,256,1,Protected,0.1
P0960,1991,2020,29,20-39,CVA6,512,1,Protected,0.1
P0960,1991,2020,29,20-39,CVA16,128,1,Protected,0.1
P0960,1991,2025,34,20-39,EV-A71,512,1,Protected,0.1
P0960,1991,2025,34,20-39,EV-D68,256,1,Protected,0.1
P0960,1991,2025,34,20-39,CVA6,512,1,Protected,0.1
P0960,1991,2025,34,20-39,CVA16,512,1,Protected,0.1
P0961,1957,2005,48,40-59,EV-A71,256,1,Protected,0.1
P0961,1957,2005,48,40-59,EV-D68,256,1,Protected,0.1
P0961,1957,2005,48,40-59,CVA6,256,1,Protected,0.1
P0961,1957,2005,48,40-59,CVA16,256,1,Protected,0.1
P0961,1957,2010,53,40-59,EV-A71,256,1,Protected,0.1
P0961,1957,2010,53,40-59,EV-D68,128,1,Protected,0.1
P0961,1957,2010,53,40-59,CVA6,128,1,Protected,0.1
P0961,1957,2010,53,40-59,CVA16,64,1,Protected,0.1
P0961,1957,2015,58,40-59,EV-A71,512,1,Protected,0.1
P0961,1957,2015,58,40-59,EV-D68,256,1,Protected,0.1
P0961,1957,2015,58,40-59,CVA6,512,1,Protected,0.1
P0961,1957,2015,58,40-59,CVA16,128,1,Protected,0.1
P0961,1957,2020,63,60+,EV-A71,512,1,Protected,0.1
P0961,1957,2020,63,60+,EV-D68,256,1,Protected,0.1
P0961,1957,2020,63,60+,CVA6,512,1,Protected,0.1
P0961,1957,2020,63,60+,CVA16,256,1,Protected,0.1
P0961,1957,2025,68,60+,EV-A71,512,1,Protected,0.1
P0961,1957,2025,68,60+,EV-D68,256,1,Protected,0.1
P0961,1957,2025,68,60+,CVA6,512,1,Protected,0.1
P0961,1957,2025,68,60+,CVA16,512,1,Protected,0.1
P0962,1987,2005,18,15-19,EV-A71,256,1,Protected,0.1
P0962,1987,2005,18,15-19,EV-D68,64,1,Protected,0.1
P0962,1987,2005,18,15-19,CVA6,128,1,Protected,0.1
P0962,1987,2005,18,15-19,CVA16,32,1,Partially protected,0.5
P0962,1987,2010,23,20-39,EV-A71,256,1,Protected,0.1
P0962,1987,2010,23,20-39,EV-D68,128,1,Protected,0.1
P0962,1987,2010,23,20-39,CVA6,256,1,Protected,0.1
P0962,1987,2010,23,20-39,CVA16,256,1,Protected,0.1
P0962,1987,2015,28,20-39,EV-A71,256,1,Protected,0.1
P0962,1987,2015,28,20-39,EV-D68,128,1,Protected,0.1
P0962,1987,2015,28,20-39,CVA6,256,1,Protected,0.1
P0962,1987,2015,28,20-39,CVA16,256,1,Protected,0.1
P0962,1987,2020,33,20-39,EV-A71,512,1,Protected,0.1
P0962,1987,2020,33,20-39,EV-D68,128,1,Protected,0.1
P0962,1987,2020,33,20-39,CVA6,512,1,Protected,0.1
P0962,1987,2020,33,20-39,CVA16,128,1,Protected,0.1
P0962,1987,2025,38,20-39,EV-A71,512,1,Protected,0.1
P0962,1987,2025,38,20-39,EV-D68,256,1,Protected,0.1
P0962,1987,2025,38,20-39,CVA6,512,1,Protected,0.1
P0962,1987,2025,38,20-39,CVA16,512,1,Protected,0.1
P0963,1995,2005,10,10-14,EV-A71,64,1,Protected,0.1
P0963,1995,2005,10,10-14,EV-D68,64,1,Protected,0.1
P0963,1995,2005,10,10-14,CVA6,128,1,Protected,0.1
P0963,1995,2005,10,10-14,CVA16,128,1,Protected,0.1
P0963,1995,2010,15,15-19,EV-A71,128,1,Protected,0.1
P0963,1995,2010,15,15-19,EV-D68,32,1,Partially protected,0.5
P0963,1995,2010,15,15-19,CVA6,128,1,Protected,0.1
P0963,1995,2010,15,15-19,CVA16,64,1,Protected,0.1
P0963,1995,2015,20,20-39,EV-A71,512,1,Protected,0.1
P0963,1995,2015,20,20-39,EV-D68,256,1,Protected,0.1
P0963,1995,2015,20,20-39,CVA6,512,1,Protected,0.1
P0963,1995,2015,20,20-39,CVA16,512,1,Protected,0.1
P0963,1995,2020,25,20-39,EV-A71,512,1,Protected,0.1
P0963,1995,2020,25,20-39,EV-D68,512,1,Protected,0.1
P0963,1995,2020,25,20-39,CVA6,512,1,Protected,0.1
P0963,1995,2020,25,20-39,CVA16,512,1,Protected,0.1
P0963,1995,2025,30,20-39,EV-A71,512,1,Protected,0.1
P0963,1995,2025,30,20-39,EV-D68,256,1,Protected,0.1
P0963,1995,2025,30,20-39,CVA6,512,1,Protected,0.1
P0963,1995,2025,30,20-39,CVA16,512,1,Protected,0.1
P0964,1997,2005,8,5-9,EV-A71,128,1,Protected,0.1
P0964,1997,2005,8,5-9,EV-D68,64,1,Protected,0.1
P0964,1997,2005,8,5-9,CVA6,64,1,Protected,0.1
P0964,1997,2005,8,5-9,CVA16,16,0,Susceptible,1.0
P0964,1997,2010,13,10-14,EV-A71,256,1,Protected,0.1
P0964,1997,2010,13,10-14,EV-D68,64,1,Protected,0.1
P0964,1997,2010,13,10-14,CVA6,128,1,Protected,0.1
P0964,1997,2010,13,10-14,CVA16,128,1,Protected,0.1
P0964,1997,2015,18,15-19,EV-A71,256,1,Protected,0.1
P0964,1997,2015,18,15-19,EV-D68,256,1,Protected,0.1
P0964,1997,2015,18,15-19,CVA6,256,1,Protected,0.1
P0964,1997,2015,18,15-19,CVA16,256,1,Protected,0.1
P0964,1997,2020,23,20-39,EV-A71,512,1,Protected,0.1
P0964,1997,2020,23,20-39,EV-D68,256,1,Protected,0.1
P0964,1997,2020,23,20-39,CVA6,512,1,Protected,0.1
P0964,1997,2020,23,20-39,CVA16,512,1,Protected,0.1
P0964,1997,2025,28,20-39,EV-A71,256,1,Protected,0.1
P0964,1997,2025,28,20-39,EV-D68,256,1,Protected,0.1
P0964,1997,2025,28,20-39,CVA6,256,1,Protected,0.1
P0964,1997,2025,28,20-39,CVA16,512,1,Protected,0.1
P0965,2005,2005,0,0-4,EV-A71,64,1,Protected,0.1
P0965,2005,2005,0,0-4,EV-D68,64,1,Protected,0.1
P0965,2005,2005,0,0-4,CVA6,128,1,Protected,0.1
P0965,2005,2005,0,0-4,CVA16,32,1,Partially protected,0.5
P0965,2005,2010,5,5-9,EV-A71,64,1,Protected,0.1
P0965,2005,2010,5,5-9,EV-D68,32,1,Partially protected,0.5
P0965,2005,2010,5,5-9,CVA6,32,1,Partially protected,0.5
P0965,2005,2010,5,5-9,CVA16,32,1,Partially protected,0.5
P0965,2005,2015,10,10-14,EV-A71,256,1,Protected,0.1
P0965,2005,2015,10,10-14,EV-D68,128,1,Protected,0.1
P0965,2005,2015,10,10-14,CVA6,256,1,Protected,0.1
P0965,2005,2015,10,10-14,CVA16,128,1,Protected,0.1
P0965,2005,2020,15,15-19,EV-A71,256,1,Protected,0.1
P0965,2005,2020,15,15-19,EV-D68,256,1,Protected,0.1
P0965,2005,2020,15,15-19,CVA6,512,1,Protected,0.1
P0965,2005,2020,15,15-19,CVA16,64,1,Protected,0.1
P0965,2005,2025,20,20-39,EV-A71,512,1,Protected,0.1
P0965,2005,2025,20,20-39,EV-D68,512,1,Protected,0.1
P0965,2005,2025,20,20-39,CVA6,256,1,Protected,0.1
P0965,2005,2025,20,20-39,CVA16,512,1,Protected,0.1
P0966,1968,2005,37,20-39,EV-A71,256,1,Protected,0.1
P0966,1968,2005,37,20-39,EV-D68,128,1,Protected,0.1
P0966,1968,2005,37,20-39,CVA6,256,1,Protected,0.1
P0966,1968,2005,37,20-39,CVA16,64,1,Protected,0.1
P0966,1968,2010,42,40-59,EV-A71,256,1,Protected,0.1
P0966,1968,2010,42,40-59,EV-D68,128,1,Protected,0.1
P0966,1968,2010,42,40-59,CVA6,128,1,Protected,0.1
P0966,1968,2010,42,40-59,CVA16,128,1,Protected,0.1
P0966,1968,2015,47,40-59,EV-A71,512,1,Protected,0.1
P0966,1968,2015,47,40-59,EV-D68,256,1,Protected,0.1
P0966,1968,2015,47,40-59,CVA6,512,1,Protected,0.1
P0966,1968,2015,47,40-59,CVA16,512,1,Protected,0.1
P0966,1968,2020,52,40-59,EV-A71,512,1,Protected,0.1
P0966,1968,2020,52,40-59,EV-D68,512,1,Protected,0.1
P0966,1968,2020,52,40-59,CVA6,512,1,Protected,0.1
P0966,1968,2020,52,40-59,CVA16,256,1,Protected,0.1
P0966,1968,2025,57,40-59,EV-A71,512,1,Protected,0.1
P0966,1968,2025,57,40-59,EV-D68,512,1,Protected,0.1
P0966,1968,2025,57,40-59,CVA6,512,1,Protected,0.1
P0966,1968,2025,57,40-59,CVA16,256,1,Protected,0.1
P0967,1981,2005,24,20-39,EV-A71,512,1,Protected,0.1
P0967,1981,2005,24,20-39,EV-D68,128,1,Protected,0.1
P0967,1981,2005,24,20-39,CVA6,512,1,Protected,0.1
P0967,1981,2005,24,20-39,CVA16,64,1,Protected,0.1
P0967,1981,2010,29,20-39,EV-A71,256,1,Protected,0.1
P0967,1981,2010,29,20-39,EV-D68,64,1,Protected,0.1
P0967,1981,2010,29,20-39,CVA6,256,1,Protected,0.1
P0967,1981,2010,29,20-39,CVA16,128,1,Protected,0.1
P0967,1981,2015,34,20-39,EV-A71,256,1,Protected,0.1
P0967,1981,2015,34,20-39,EV-D68,256,1,Protected,0.1
P0967,1981,2015,34,20-39,CVA6,512,1,Protected,0.1
P0967,1981,2015,34,20-39,CVA16,512,1,Protected,0.1
P0967,1981,2020,39,20-39,EV-A71,512,1,Protected,0.1
P0967,1981,2020,39,20-39,EV-D68,256,1,Protected,0.1
P0967,1981,2020,39,20-39,CVA6,256,1,Protected,0.1
P0967,1981,2020,39,20-39,CVA16,512,1,Protected,0.1
P0967,1981,2025,44,40-59,EV-A71,512,1,Protected,0.1
P0967,1981,2025,44,40-59,EV-D68,256,1,Protected,0.1
P0967,1981,2025,44,40-59,CVA6,512,1,Protected,0.1
P0967,1981,2025,44,40-59,CVA16,256,1,Protected,0.1
P0968,2017,2020,3,0-4,EV-A71,256,1,Protected,0.1
P0968,2017,2020,3,0-4,EV-D68,64,1,Protected,0.1
P0968,2017,2020,3,0-4,CVA6,128,1,Protected,0.1
P0968,2017,2020,3,0-4,CVA16,64,1,Protected,0.1
P0968,2017,2025,8,5-9,EV-A71,64,1,Protected,0.1
P0968,2017,2025,8,5-9,EV-D68,128,1,Protected,0.1
P0968,2017,2025,8,5-9,CVA6,128,1,Protected,0.1
P0968,2017,2025,8,5-9,CVA16,128,1,Protected,0.1
P0969,2002,2005,3,0-4,EV-A71,64,1,Protected,0.1
P0969,2002,2005,3,0-4,EV-D68,32,1,Partially protected,0.5
P0969,2002,2005,3,0-4,CVA6,64,1,Protected,0.1
P0969,2002,2005,3,0-4,CVA16,16,0,Susceptible,1.0
P0969,2002,2010,8,5-9,EV-A71,64,1,Protected,0.1
P0969,2002,2010,8,5-9,EV-D68,16,0,Susceptible,1.0
P0969,2002,2010,8,5-9,CVA6,128,1,Protected,0.1
P0969,2002,2010,8,5-9,CVA16,32,1,Partially protected,0.5
P0969,2002,2015,13,10-14,EV-A71,256,1,Protected,0.1
P0969,2002,2015,13,10-14,EV-D68,64,1,Protected,0.1
P0969,2002,2015,13,10-14,CVA6,256,1,Protected,0.1
P0969,2002,2015,13,10-14,CVA16,128,1,Protected,0.1
P0969,2002,2020,18,15-19,EV-A71,512,1,Protected,0.1
P0969,2002,2020,18,15-19,EV-D68,128,1,Protected,0.1
P0969,2002,2020,18,15-19,CVA6,512,1,Protected,0.1
P0969,2002,2020,18,15-19,CVA16,128,1,Protected,0.1
P0969,2002,2025,23,20-39,EV-A71,256,1,Protected,0.1
P0969,2002,2025,23,20-39,EV-D68,256,1,Protected,0.1
P0969,2002,2025,23,20-39,CVA6,512,1,Protected,0.1
P0969,2002,2025,23,20-39,CVA16,256,1,Protected,0.1
P0970,1973,2005,32,20-39,EV-A71,256,1,Protected,0.1
P0970,1973,2005,32,20-39,EV-D68,256,1,Protected,0.1
P0970,1973,2005,32,20-39,CVA6,256,1,Protected,0.1
P0970,1973,2005,32,20-39,CVA16,128,1,Protected,0.1
P0970,1973,2010,37,20-39,EV-A71,512,1,Protected,0.1
P0970,1973,2010,37,20-39,EV-D68,128,1,Protected,0.1
P0970,1973,2010,37,20-39,CVA6,512,1,Protected,0.1
P0970,1973,2010,37,20-39,CVA16,128,1,Protected,0.1
P0970,1973,2015,42,40-59,EV-A71,256,1,Protected,0.1
P0970,1973,2015,42,40-59,EV-D68,128,1,Protected,0.1
P0970,1973,2015,42,40-59,CVA6,512,1,Protected,0.1
P0970,1973,2015,42,40-59,CVA16,256,1,Protected,0.1
P0970,1973,2020,47,40-59,EV-A71,512,1,Protected,0.1
P0970,1973,2020,47,40-59,EV-D68,128,1,Protected,0.1
P0970,1973,2020,47,40-59,CVA6,256,1,Protected,0.1
P0970,1973,2020,47,40-59,CVA16,512,1,Protected,0.1
P0970,1973,2025,52,40-59,EV-A71,512,1,Protected,0.1
P0970,1973,2025,52,40-59,EV-D68,512,1,Protected,0.1
P0970,1973,2025,52,40-59,CVA6,512,1,Protected,0.1
P0970,1973,2025,52,40-59,CVA16,256,1,Protected,0.1
P0971,1971,2005,34,20-39,EV-A71,128,1,Protected,0.1
P0971,1971,2005,34,20-39,EV-D68,64,1,Protected,0.1
P0971,1971,2005,34,20-39,CVA6,128,1,Protected,0.1
P0971,1971,2005,34,20-39,CVA16,128,1,Protected,0.1
P0971,1971,2010,39,20-39,EV-A71,512,1,Protected,0.1
P0971,1971,2010,39,20-39,EV-D68,128,1,Protected,0.1
P0971,1971,2010,39,20-39,CVA6,128,1,Protected,0.1
P0971,1971,2010,39,20-39,CVA16,64,1,Protected,0.1
P0971,1971,2015,44,40-59,EV-A71,512,1,Protected,0.1
P0971,1971,2015,44,40-59,EV-D68,512,1,Protected,0.1
P0971,1971,2015,44,40-59,CVA6,512,1,Protected,0.1
P0971,1971,2015,44,40-59,CVA16,128,1,Protected,0.1
P0971,1971,2020,49,40-59,EV-A71,256,1,Protected,0.1
P0971,1971,2020,49,40-59,EV-D68,128,1,Protected,0.1
P0971,1971,2020,49,40-59,CVA6,512,1,Protected,0.1
P0971,1971,2020,49,40-59,CVA16,512,1,Protected,0.1
P0971,1971,2025,54,40-59,EV-A71,256,1,Protected,0.1
P0971,1971,2025,54,40-59,EV-D68,512,1,Protected,0.1
P0971,1971,2025,54,40-59,CVA6,512,1,Protected,0.1
P0971,1971,2025,54,40-59,CVA16,128,1,Protected,0.1
P0972,1972,2005,33,20-39,EV-A71,256,1,Protected,0.1
P0972,1972,2005,33,20-39,EV-D68,256,1,Protected,0.1
P0972,1972,2005,33,20-39,CVA6,128,1,Protected,0.1
P0972,1972,2005,33,20-39,CVA16,128,1,Protected,0.1
P0972,1972,2010,38,20-39,EV-A71,128,1,Protected,0.1
P0972,1972,2010,38,20-39,EV-D68,128,1,Protected,0.1
P0972,1972,2010,38,20-39,CVA6,256,1,Protected,0.1
P0972,1972,2010,38,20-39,CVA16,128,1,Protected,0.1
P0972,1972,2015,43,40-59,EV-A71,512,1,Protected,0.1
P0972,1972,2015,43,40-59,EV-D68,256,1,Protected,0.1
P0972,1972,2015,43,40-59,CVA6,512,1,Protected,0.1
P0972,1972,2015,43,40-59,CVA16,256,1,Protected,0.1
P0972,1972,2020,48,40-59,EV-A71,512,1,Protected,0.1
P0972,1972,2020,48,40-59,EV-D68,256,1,Protected,0.1
P0972,1972,2020,48,40-59,CVA6,256,1,Protected,0.1
P0972,1972,2020,48,40-59,CVA16,256,1,Protected,0.1
P0972,1972,2025,53,40-59,EV-A71,512,1,Protected,0.1
P0972,1972,2025,53,40-59,EV-D68,256,1,Protected,0.1
P0972,1972,2025,53,40-59,CVA6,512,1,Protected,0.1
P0972,1972,2025,53,40-59,CVA16,128,1,Protected,0.1
P0973,1960,2005,45,40-59,EV-A71,256,1,Protected,0.1
P0973,1960,2005,45,40-59,EV-D68,128,1,Protected,0.1
P0973,1960,2005,45,40-59,CVA6,256,1,Protected,0.1
P0973,1960,2005,45,40-59,CVA16,256,1,Protected,0.1
P0973,1960,2010,50,40-59,EV-A71,256,1,Protected,0.1
P0973,1960,2010,50,40-59,EV-D68,128,1,Protected,0.1
P0973,1960,2010,50,40-59,CVA6,256,1,Protected,0.1
P0973,1960,2010,50,40-59,CVA16,64,1,Protected,0.1
P0973,1960,2015,55,40-59,EV-A71,512,1,Protected,0.1
P0973,1960,2015,55,40-59,EV-D68,256,1,Protected,0.1
P0973,1960,2015,55,40-59,CVA6,512,1,Protected,0.1
P0973,1960,2015,55,40-59,CVA16,256,1,Protected,0.1
P0973,1960,2020,60,60+,EV-A71,512,1,Protected,0.1
P0973,1960,2020,60,60+,EV-D68,512,1,Protected,0.1
P0973,1960,2020,60,60+,CVA6,512,1,Protected,0.1
P0973,1960,2020,60,60+,CVA16,256,1,Protected,0.1
P0973,1960,2025,65,60+,EV-A71,256,1,Protected,0.1
P0973,1960,2025,65,60+,EV-D68,512,1,Protected,0.1
P0973,1960,2025,65,60+,CVA6,256,1,Protected,0.1
P0973,1960,2025,65,60+,CVA16,256,1,Protected,0.1
P0974,1998,2005,7,5-9,EV-A71,64,1,Protected,0.1
P0974,1998,2005,7,5-9,EV-D68,32,1,Partially protected,0.5
P0974,1998,2005,7,5-9,CVA6,32,1,Partially protected,0.5
P0974,1998,2005,7,5-9,CVA16,32,1,Partially protected,0.5
P0974,1998,2010,12,10-14,EV-A71,256,1,Protected,0.1
P0974,1998,2010,12,10-14,EV-D68,128,1,Protected,0.1
P0974,1998,2010,12,10-14,CVA6,64,1,Protected,0.1
P0974,1998,2010,12,10-14,CVA16,64,1,Protected,0.1
P0974,1998,2015,17,15-19,EV-A71,128,1,Protected,0.1
P0974,1998,2015,17,15-19,EV-D68,128,1,Protected,0.1
P0974,1998,2015,17,15-19,CVA6,512,1,Protected,0.1
P0974,1998,2015,17,15-19,CVA16,256,1,Protected,0.1
P0974,1998,2020,22,20-39,EV-A71,512,1,Protected,0.1
P0974,1998,2020,22,20-39,EV-D68,128,1,Protected,0.1
P0974,1998,2020,22,20-39,CVA6,512,1,Protected,0.1
P0974,1998,2020,22,20-39,CVA16,256,1,Protected,0.1
P0974,1998,2025,27,20-39,EV-A71,512,1,Protected,0.1
P0974,1998,2025,27,20-39,EV-D68,256,1,Protected,0.1
P0974,1998,2025,27,20-39,CVA6,512,1,Protected,0.1
P0974,1998,2025,27,20-39,CVA16,128,1,Protected,0.1
P0975,1980,2005,25,20-39,EV-A71,256,1,Protected,0.1
P0975,1980,2005,25,20-39,EV-D68,128,1,Protected,0.1
P0975,1980,2005,25,20-39,CVA6,256,1,Protected,0.1
P0975,1980,2005,25,20-39,CVA16,128,1,Protected,0.1
P0975,1980,2010,30,20-39,EV-A71,256,1,Protected,0.1
P0975,1980,2010,30,20-39,EV-D68,128,1,Protected,0.1
P0975,1980,2010,30,20-39,CVA6,256,1,Protected,0.1
P0975,1980,2010,30,20-39,CVA16,64,1,Protected,0.1
P0975,1980,2015,35,20-39,EV-A71,512,1,Protected,0.1
P0975,1980,2015,35,20-39,EV-D68,512,1,Protected,0.1
P0975,1980,2015,35,20-39,CVA6,256,1,Protected,0.1
P0975,1980,2015,35,20-39,CVA16,256,1,Protected,0.1
P0975,1980,2020,40,40-59,EV-A71,256,1,Protected,0.1
P0975,1980,2020,40,40-59,EV-D68,256,1,Protected,0.1
P0975,1980,2020,40,40-59,CVA6,512,1,Protected,0.1
P0975,1980,2020,40,40-59,CVA16,128,1,Protected,0.1
P0975,1980,2025,45,40-59,EV-A71,256,1,Protected,0.1
P0975,1980,2025,45,40-59,EV-D68,512,1,Protected,0.1
P0975,1980,2025,45,40-59,CVA6,512,1,Protected,0.1
P0975,1980,2025,45,40-59,CVA16,128,1,Protected,0.1
P0976,2013,2015,2,0-4,EV-A71,128,1,Protected,0.1
P0976,2013,2015,2,0-4,EV-D68,32,1,Partially protected,0.5
P0976,2013,2015,2,0-4,CVA6,128,1,Protected,0.1
P0976,2013,2015,2,0-4,CVA16,64,1,Protected,0.1
P0976,2013,2020,7,5-9,EV-A71,128,1,Protected,0.1
P0976,2013,2020,7,5-9,EV-D68,128,1,Protected,0.1
P0976,2013,2020,7,5-9,CVA6,128,1,Protected,0.1
P0976,2013,2020,7,5-9,CVA16,64,1,Protected,0.1
P0976,2013,2025,12,10-14,EV-A71,256,1,Protected,0.1
P0976,2013,2025,12,10-14,EV-D68,128,1,Protected,0.1
P0976,2013,2025,12,10-14,CVA6,512,1,Protected,0.1
P0976,2013,2025,12,10-14,CVA16,256,1,Protected,0.1
P0977,1968,2005,37,20-39,EV-A71,256,1,Protected,0.1
P0977,1968,2005,37,20-39,EV-D68,128,1,Protected,0.1
P0977,1968,2005,37,20-39,CVA6,128,1,Protected,0.1
P0977,1968,2005,37,20-39,CVA16,128,1,Protected,0.1
P0977,1968,2010,42,40-59,EV-A71,256,1,Protected,0.1
P0977,1968,2010,42,40-59,EV-D68,128,1,Protected,0.1
P0977,1968,2010,42,40-59,CVA6,128,1,Protected,0.1
P0977,1968,2010,42,40-59,CVA16,256,1,Protected,0.1
P0977,1968,2015,47,40-59,EV-A71,512,1,Protected,0.1
P0977,1968,2015,47,40-59,EV-D68,256,1,Protected,0.1
P0977,1968,2015,47,40-59,CVA6,512,1,Protected,0.1
P0977,1968,2015,47,40-59,CVA16,512,1,Protected,0.1
P0977,1968,2020,52,40-59,EV-A71,256,1,Protected,0.1
P0977,1968,2020,52,40-59,EV-D68,256,1,Protected,0.1
P0977,1968,2020,52,40-59,CVA6,512,1,Protected,0.1
P0977,1968,2020,52,40-59,CVA16,256,1,Protected,0.1
P0977,1968,2025,57,40-59,EV-A71,256,1,Protected,0.1
P0977,1968,2025,57,40-59,EV-D68,256,1,Protected,0.1
P0977,1968,2025,57,40-59,CVA6,512,1,Protected,0.1
P0977,1968,2025,57,40-59,CVA16,256,1,Protected,0.1
P0978,1979,2005,26,20-39,EV-A71,512,1,Protected,0.1
P0978,1979,2005,26,20-39,EV-D68,64,1,Protected,0.1
P0978,1979,2005,26,20-39,CVA6,128,1,Protected,0.1
P0978,1979,2005,26,20-39,CVA16,128,1,Protected,0.1
P0978,1979,2010,31,20-39,EV-A71,256,1,Protected,0.1
P0978,1979,2010,31,20-39,EV-D68,128,1,Protected,0.1
P0978,1979,2010,31,20-39,CVA6,128,1,Protected,0.1
P0978,1979,2010,31,20-39,CVA16,128,1,Protected,0.1
P0978,1979,2015,36,20-39,EV-A71,512,1,Protected,0.1
P0978,1979,2015,36,20-39,EV-D68,256,1,Protected,0.1
P0978,1979,2015,36,20-39,CVA6,512,1,Protected,0.1
P0978,1979,2015,36,20-39,CVA16,128,1,Protected,0.1
P0978,1979,2020,41,40-59,EV-A71,512,1,Protected,0.1
P0978,1979,2020,41,40-59,EV-D68,256,1,Protected,0.1
P0978,1979,2020,41,40-59,CVA6,512,1,Protected,0.1
P0978,1979,2020,41,40-59,CVA16,128,1,Protected,0.1
P0978,1979,2025,46,40-59,EV-A71,512,1,Protected,0.1
P0978,1979,2025,46,40-59,EV-D68,256,1,Protected,0.1
P0978,1979,2025,46,40-59,CVA6,512,1,Protected,0.1
P0978,1979,2025,46,40-59,CVA16,512,1,Protected,0.1
P0979,2009,2010,1,0-4,EV-A71,64,1,Protected,0.1
P0979,2009,2010,1,0-4,EV-D68,32,1,Partially protected,0.5
P0979,2009,2010,1,0-4,CVA6,32,1,Partially protected,0.5
P0979,2009,2010,1,0-4,CVA16,16,0,Susceptible,1.0
P0979,2009,2015,6,5-9,EV-A71,128,1,Protected,0.1
P0979,2009,2015,6,5-9,EV-D68,32,1,Partially protected,0.5
P0979,2009,2015,6,5-9,CVA6,128,1,Protected,0.1
P0979,2009,2015,6,5-9,CVA16,128,1,Protected,0.1
P0979,2009,2020,11,10-14,EV-A71,512,1,Protected,0.1
P0979,2009,2020,11,10-14,EV-D68,128,1,Protected,0.1
P0979,2009,2020,11,10-14,CVA6,128,1,Protected,0.1
P0979,2009,2020,11,10-14,CVA16,128,1,Protected,0.1
P0979,2009,2025,16,15-19,EV-A71,256,1,Protected,0.1
P0979,2009,2025,16,15-19,EV-D68,256,1,Protected,0.1
P0979,2009,2025,16,15-19,CVA6,256,1,Protected,0.1
P0979,2009,2025,16,15-19,CVA16,128,1,Protected,0.1
P0980,1982,2005,23,20-39,EV-A71,512,1,Protected,0.1
P0980,1982,2005,23,20-39,EV-D68,256,1,Protected,0.1
P0980,1982,2005,23,20-39,CVA6,256,1,Protected,0.1
P0980,1982,2005,23,20-39,CVA16,128,1,Protected,0.1
P0980,1982,2010,28,20-39,EV-A71,512,1,Protected,0.1
P0980,1982,2010,28,20-39,EV-D68,128,1,Protected,0.1
P0980,1982,2010,28,20-39,CVA6,256,1,Protected,0.1
P0980,1982,2010,28,20-39,CVA16,128,1,Protected,0.1
P0980,1982,2015,33,20-39,EV-A71,512,1,Protected,0.1
P0980,1982,2015,33,20-39,EV-D68,512,1,Protected,0.1
P0980,1982,2015,33,20-39,CVA6,512,1,Protected,0.1
P0980,1982,2015,33,20-39,CVA16,128,1,Protected,0.1
P0980,1982,2020,38,20-39,EV-A71,512,1,Protected,0.1
P0980,1982,2020,38,20-39,EV-D68,256,1,Protected,0.1
P0980,1982,2020,38,20-39,CVA6,512,1,Protected,0.1
P0980,1982,2020,38,20-39,CVA16,256,1,Protected,0.1
P0980,1982,2025,43,40-59,EV-A71,512,1,Protected,0.1
P0980,1982,2025,43,40-59,EV-D68,128,1,Protected,0.1
P0980,1982,2025,43,40-59,CVA6,512,1,Protected,0.1
P0980,1982,2025,43,40-59,CVA16,256,1,Protected,0.1
P0981,2008,2010,2,0-4,EV-A71,128,1,Protected,0.1
P0981,2008,2010,2,0-4,EV-D68,32,1,Partially protected,0.5
P0981,2008,2010,2,0-4,CVA6,32,1,Partially protected,0.5
P0981,2008,2010,2,0-4,CVA16,32,1,Partially protected,0.5
P0981,2008,2015,7,5-9,EV-A71,256,1,Protected,0.1
P0981,2008,2015,7,5-9,EV-D68,128,1,Protected,0.1
P0981,2008,2015,7,5-9,CVA6,128,1,Protected,0.1
P0981,2008,2015,7,5-9,CVA16,64,1,Protected,0.1
P0981,2008,2020,12,10-14,EV-A71,128,1,Protected,0.1
P0981,2008,2020,12,10-14,EV-D68,128,1,Protected,0.1
P0981,2008,2020,12,10-14,CVA6,256,1,Protected,0.1
P0981,2008,2020,12,10-14,CVA16,64,1,Protected,0.1
P0981,2008,2025,17,15-19,EV-A71,256,1,Protected,0.1
P0981,2008,2025,17,15-19,EV-D68,128,1,Protected,0.1
P0981,2008,2025,17,15-19,CVA6,256,1,Protected,0.1
P0981,2008,2025,17,15-19,CVA16,128,1,Protected,0.1
P0982,1982,2005,23,20-39,EV-A71,512,1,Protected,0.1
P0982,1982,2005,23,20-39,EV-D68,128,1,Protected,0.1
P0982,1982,2005,23,20-39,CVA6,128,1,Protected,0.1
P0982,1982,2005,23,20-39,CVA16,128,1,Protected,0.1
P0982,1982,2010,28,20-39,EV-A71,128,1,Protected,0.1
P0982,1982,2010,28,20-39,EV-D68,128,1,Protected,0.1
P0982,1982,2010,28,20-39,CVA6,512,1,Protected,0.1
P0982,1982,2010,28,20-39,CVA16,128,1,Protected,0.1
P0982,1982,2015,33,20-39,EV-A71,256,1,Protected,0.1
P0982,1982,2015,33,20-39,EV-D68,256,1,Protected,0.1
P0982,1982,2015,33,20-39,CVA6,512,1,Protected,0.1
P0982,1982,2015,33,20-39,CVA16,256,1,Protected,0.1
P0982,1982,2020,38,20-39,EV-A71,512,1,Protected,0.1
P0982,1982,2020,38,20-39,EV-D68,256,1,Protected,0.1
P0982,1982,2020,38,20-39,CVA6,512,1,Protected,0.1
P0982,1982,2020,38,20-39,CVA16,128,1,Protected,0.1
P0982,1982,2025,43,40-59,EV-A71,512,1,Protected,0.1
P0982,1982,2025,43,40-59,EV-D68,256,1,Protected,0.1
P0982,1982,2025,43,40-59,CVA6,256,1,Protected,0.1
P0982,1982,2025,43,40-59,CVA16,256,1,Protected,0.1
P0983,1951,2005,54,40-59,EV-A71,512,1,Protected,0.1
P0983,1951,2005,54,40-59,EV-D68,128,1,Protected,0.1
P0983,1951,2005,54,40-59,CVA6,128,1,Protected,0.1
P0983,1951,2005,54,40-59,CVA16,128,1,Protected,0.1
P0983,1951,2010,59,40-59,EV-A71,256,1,Protected,0.1
P0983,1951,2010,59,40-59,EV-D68,256,1,Protected,0.1
P0983,1951,2010,59,40-59,CVA6,256,1,Protected,0.1
P0983,1951,2010,59,40-59,CVA16,64,1,Protected,0.1
P0983,1951,2015,64,60+,EV-A71,512,1,Protected,0.1
P0983,1951,2015,64,60+,EV-D68,256,1,Protected,0.1
P0983,1951,2015,64,60+,CVA6,256,1,Protected,0.1
P0983,1951,2015,64,60+,CVA16,512,1,Protected,0.1
P0983,1951,2020,69,60+,EV-A71,512,1,Protected,0.1
P0983,1951,2020,69,60+,EV-D68,256,1,Protected,0.1
P0983,1951,2020,69,60+,CVA6,512,1,Protected,0.1
P0983,1951,2020,69,60+,CVA16,256,1,Protected,0.1
P0983,1951,2025,74,60+,EV-A71,512,1,Protected,0.1
P0983,1951,2025,74,60+,EV-D68,512,1,Protected,0.1
P0983,1951,2025,74,60+,CVA6,256,1,Protected,0.1
P0983,1951,2025,74,60+,CVA16,512,1,Protected,0.1
P0984,2009,2010,1,0-4,EV-A71,128,1,Protected,0.1
P0984,2009,2010,1,0-4,EV-D68,64,1,Protected,0.1
P0984,2009,2010,1,0-4,CVA6,64,1,Protected,0.1
P0984,2009,2010,1,0-4,CVA16,32,1,Partially protected,0.5
P0984,2009,2015,6,5-9,EV-A71,128,1,Protected,0.1
P0984,2009,2015,6,5-9,EV-D68,128,1,Protected,0.1
P0984,2009,2015,6,5-9,CVA6,256,1,Protected,0.1
P0984,2009,2015,6,5-9,CVA16,128,1,Protected,0.1
P0984,2009,2020,11,10-14,EV-A71,256,1,Protected,0.1
P0984,2009,2020,11,10-14,EV-D68,256,1,Protected,0.1
P0984,2009,2020,11,10-14,CVA6,128,1,Protected,0.1
P0984,2009,2020,11,10-14,CVA16,128,1,Protected,0.1
P0984,2009,2025,16,15-19,EV-A71,256,1,Protected,0.1
P0984,2009,2025,16,15-19,EV-D68,64,1,Protected,0.1
P0984,2009,2025,16,15-19,CVA6,256,1,Protected,0.1
P0984,2009,2025,16,15-19,CVA16,64,1,Protected,0.1
P0985,1986,2005,19,15-19,EV-A71,256,1,Protected,0.1
P0985,1986,2005,19,15-19,EV-D68,64,1,Protected,0.1
P0985,1986,2005,19,15-19,CVA6,256,1,Protected,0.1
P0985,1986,2005,19,15-19,CVA16,64,1,Protected,0.1
P0985,1986,2010,24,20-39,EV-A71,512,1,Protected,0.1
P0985,1986,2010,24,20-39,EV-D68,128,1,Protected,0.1
P0985,1986,2010,24,20-39,CVA6,512,1,Protected,0.1
P0985,1986,2010,24,20-39,CVA16,128,1,Protected,0.1
P0985,1986,2015,29,20-39,EV-A71,512,1,Protected,0.1
P0985,1986,2015,29,20-39,EV-D68,256,1,Protected,0.1
P0985,1986,2015,29,20-39,CVA6,512,1,Protected,0.1
P0985,1986,2015,29,20-39,CVA16,256,1,Protected,0.1
P0985,1986,2020,34,20-39,EV-A71,512,1,Protected,0.1
P0985,1986,2020,34,20-39,EV-D68,512,1,Protected,0.1
P0985,1986,2020,34,20-39,CVA6,512,1,Protected,0.1
P0985,1986,2020,34,20-39,CVA16,128,1,Protected,0.1
P0985,1986,2025,39,20-39,EV-A71,256,1,Protected,0.1
P0985,1986,2025,39,20-39,EV-D68,256,1,Protected,0.1
P0985,1986,2025,39,20-39,CVA6,512,1,Protected,0.1
P0985,1986,2025,39,20-39,CVA16,256,1,Protected,0.1
P0986,2019,2020,1,0-4,EV-A71,256,1,Protected,0.1
P0986,2019,2020,1,0-4,EV-D68,128,1,Protected,0.1
P0986,2019,2020,1,0-4,CVA6,128,1,Protected,0.1
P0986,2019,2020,1,0-4,CVA16,32,1,Partially protected,0.5
P0986,2019,2025,6,5-9,EV-A71,128,1,Protected,0.1
P0986,2019,2025,6,5-9,EV-D68,32,1,Partially protected,0.5
P0986,2019,2025,6,5-9,CVA6,128,1,Protected,0.1
P0986,2019,2025,6,5-9,CVA16,64,1,Protected,0.1
P0987,1970,2005,35,20-39,EV-A71,256,1,Protected,0.1
P0987,1970,2005,35,20-39,EV-D68,256,1,Protected,0.1
P0987,1970,2005,35,20-39,CVA6,256,1,Protected,0.1
P0987,1970,2005,35,20-39,CVA16,128,1,Protected,0.1
P0987,1970,2010,40,40-59,EV-A71,256,1,Protected,0.1
P0987,1970,2010,40,40-59,EV-D68,128,1,Protected,0.1
P0987,1970,2010,40,40-59,CVA6,256,1,Protected,0.1
P0987,1970,2010,40,40-59,CVA16,256,1,Protected,0.1
P0987,1970,2015,45,40-59,EV-A71,512,1,Protected,0.1
P0987,1970,2015,45,40-59,EV-D68,128,1,Protected,0.1
P0987,1970,2015,45,40-59,CVA6,512,1,Protected,0.1
P0987,1970,2015,45,40-59,CVA16,256,1,Protected,0.1
P0987,1970,2020,50,40-59,EV-A71,512,1,Protected,0.1
P0987,1970,2020,50,40-59,EV-D68,256,1,Protected,0.1
P0987,1970,2020,50,40-59,CVA6,256,1,Protected,0.1
P0987,1970,2020,50,40-59,CVA16,512,1,Protected,0.1
P0987,1970,2025,55,40-59,EV-A71,256,1,Protected,0.1
P0987,1970,2025,55,40-59,EV-D68,256,1,Protected,0.1
P0987,1970,2025,55,40-59,CVA6,512,1,Protected,0.1
P0987,1970,2025,55,40-59,CVA16,512,1,Protected,0.1
P0988,1959,2005,46,40-59,EV-A71,512,1,Protected,0.1
P0988,1959,2005,46,40-59,EV-D68,128,1,Protected,0.1
P0988,1959,2005,46,40-59,CVA6,256,1,Protected,0.1
P0988,1959,2005,46,40-59,CVA16,256,1,Protected,0.1
P0988,1959,2010,51,40-59,EV-A71,256,1,Protected,0.1
P0988,1959,2010,51,40-59,EV-D68,256,1,Protected,0.1
P0988,1959,2010,51,40-59,CVA6,512,1,Protected,0.1
P0988,1959,2010,51,40-59,CVA16,128,1,Protected,0.1
P0988,1959,2015,56,40-59,EV-A71,512,1,Protected,0.1
P0988,1959,2015,56,40-59,EV-D68,256,1,Protected,0.1
P0988,1959,2015,56,40-59,CVA6,512,1,Protected,0.1
P0988,1959,2015,56,40-59,CVA16,256,1,Protected,0.1
P0988,1959,2020,61,60+,EV-A71,512,1,Protected,0.1
P0988,1959,2020,61,60+,EV-D68,512,1,Protected,0.1
P0988,1959,2020,61,60+,CVA6,512,1,Protected,0.1
P0988,1959,2020,61,60+,CVA16,256,1,Protected,0.1
P0988,1959,2025,66,60+,EV-A71,512,1,Protected,0.1
P0988,1959,2025,66,60+,EV-D68,128,1,Protected,0.1
P0988,1959,2025,66,60+,CVA6,512,1,Protected,0.1
P0988,1959,2025,66,60+,CVA16,256,1,Protected,0.1
P0989,2006,2010,4,0-4,EV-A71,128,1,Protected,0.1
P0989,2006,2010,4,0-4,EV-D68,16,0,Susceptible,1.0
P0989,2006,2010,4,0-4,CVA6,64,1,Protected,0.1
P0989,2006,2010,4,0-4,CVA16,32,1,Partially protected,0.5
P0989,2006,2015,9,5-9,EV-A71,128,1,Protected,0.1
P0989,2006,2015,9,5-9,EV-D68,64,1,Protected,0.1
P0989,2006,2015,9,5-9,CVA6,64,1,Protected,0.1
P0989,2006,2015,9,5-9,CVA16,64,1,Protected,0.1
P0989,2006,2020,14,10-14,EV-A71,128,1,Protected,0.1
P0989,2006,2020,14,10-14,EV-D68,128,1,Protected,0.1
P0989,2006,2020,14,10-14,CVA6,256,1,Protected,0.1
P0989,2006,2020,14,10-14,CVA16,128,1,Protected,0.1
P0989,2006,2025,19,15-19,EV-A71,512,1,Protected,0.1
P0989,2006,2025,19,15-19,EV-D68,128,1,Protected,0.1
P0989,2006,2025,19,15-19,CVA6,256,1,Protected,0.1
P0989,2006,2025,19,15-19,CVA16,256,1,Protected,0.1
P0990,1994,2005,11,10-14,EV-A71,64,1,Protected,0.1
P0990,1994,2005,11,10-14,EV-D68,32,1,Partially protected,0.5
P0990,1994,2005,11,10-14,CVA6,64,1,Protected,0.1
P0990,1994,2005,11,10-14,CVA16,64,1,Protected,0.1
P0990,1994,2010,16,15-19,EV-A71,128,1,Protected,0.1
P0990,1994,2010,16,15-19,EV-D68,128,1,Protected,0.1
P0990,1994,2010,16,15-19,CVA6,128,1,Protected,0.1
P0990,1994,2010,16,15-19,CVA16,64,1,Protected,0.1
P0990,1994,2015,21,20-39,EV-A71,512,1,Protected,0.1
P0990,1994,2015,21,20-39,EV-D68,256,1,Protected,0.1
P0990,1994,2015,21,20-39,CVA6,512,1,Protected,0.1
P0990,1994,2015,21,20-39,CVA16,256,1,Protected,0.1
P0990,1994,2020,26,20-39,EV-A71,512,1,Protected,0.1
P0990,1994,2020,26,20-39,EV-D68,256,1,Protected,0.1
P0990,1994,2020,26,20-39,CVA6,512,1,Protected,0.1
P0990,1994,2020,26,20-39,CVA16,512,1,Protected,0.1
P0990,1994,2025,31,20-39,EV-A71,512,1,Protected,0.1
P0990,1994,2025,31,20-39,EV-D68,256,1,Protected,0.1
P0990,1994,2025,31,20-39,CVA6,512,1,Protected,0.1
P0990,1994,2025,31,20-39,CVA16,256,1,Protected,0.1
P0991,1988,2005,17,15-19,EV-A71,256,1,Protected,0.1
P0991,1988,2005,17,15-19,EV-D68,64,1,Protected,0.1
P0991,1988,2005,17,15-19,CVA6,128,1,Protected,0.1
P0991,1988,2005,17,15-19,CVA16,64,1,Protected,0.1
P0991,1988,2010,22,20-39,EV-A71,256,1,Protected,0.1
P0991,1988,2010,22,20-39,EV-D68,256,1,Protected,0.1
P0991,1988,2010,22,20-39,CVA6,512,1,Protected,0.1
P0991,1988,2010,22,20-39,CVA16,128,1,Protected,0.1
P0991,1988,2015,27,20-39,EV-A71,512,1,Protected,0.1
P0991,1988,2015,27,20-39,EV-D68,256,1,Protected,0.1
P0991,1988,2015,27,20-39,CVA6,512,1,Protected,0.1
P0991,1988,2015,27,20-39,CVA16,512,1,Protected,0.1
P0991,1988,2020,32,20-39,EV-A71,512,1,Protected,0.1
P0991,1988,2020,32,20-39,EV-D68,128,1,Protected,0.1
P0991,1988,2020,32,20-39,CVA6,512,1,Protected,0.1
P0991,1988,2020,32,20-39,CVA16,256,1,Protected,0.1
P0991,1988,2025,37,20-39,EV-A71,512,1,Protected,0.1
P0991,1988,2025,37,20-39,EV-D68,256,1,Protected,0.1
P0991,1988,2025,37,20-39,CVA6,256,1,Protected,0.1
P0991,1988,2025,37,20-39,CVA16,256,1,Protected,0.1
P0992,2004,2005,1,0-4,EV-A71,64,1,Protected,0.1
P0992,2004,2005,1,0-4,EV-D68,64,1,Protected,0.1
P0992,2004,2005,1,0-4,CVA6,64,1,Protected,0.1
P0992,2004,2005,1,0-4,CVA16,32,1,Partially protected,0.5
P0992,2004,2010,6,5-9,EV-A71,64,1,Protected,0.1
P0992,2004,2010,6,5-9,EV-D68,32,1,Partially protected,0.5
P0992,2004,2010,6,5-9,CVA6,64,1,Protected,0.1
P0992,2004,2010,6,5-9,CVA16,32,1,Partially protected,0.5
P0992,2004,2015,11,10-14,EV-A71,512,1,Protected,0.1
P0992,2004,2015,11,10-14,EV-D68,128,1,Protected,0.1
P0992,2004,2015,11,10-14,CVA6,256,1,Protected,0.1
P0992,2004,2015,11,10-14,CVA16,256,1,Protected,0.1
P0992,2004,2020,16,15-19,EV-A71,256,1,Protected,0.1
P0992,2004,2020,16,15-19,EV-D68,128,1,Protected,0.1
P0992,2004,2020,16,15-19,CVA6,256,1,Protected,0.1
P0992,2004,2020,16,15-19,CVA16,256,1,Protected,0.1
P0992,2004,2025,21,20-39,EV-A71,512,1,Protected,0.1
P0992,2004,2025,21,20-39,EV-D68,256,1,Protected,0.1
P0992,2004,2025,21,20-39,CVA6,256,1,Protected,0.1
P0992,2004,2025,21,20-39,CVA16,256,1,Protected,0.1
P0993,1982,2005,23,20-39,EV-A71,512,1,Protected,0.1
P0993,1982,2005,23,20-39,EV-D68,64,1,Protected,0.1
P0993,1982,2005,23,20-39,CVA6,512,1,Protected,0.1
P0993,1982,2005,23,20-39,CVA16,128,1,Protected,0.1
P0993,1982,2010,28,20-39,EV-A71,256,1,Protected,0.1
P0993,1982,2010,28,20-39,EV-D68,128,1,Protected,0.1
P0993,1982,2010,28,20-39,CVA6,128,1,Protected,0.1
P0993,1982,2010,28,20-39,CVA16,128,1,Protected,0.1
P0993,1982,2015,33,20-39,EV-A71,512,1,Protected,0.1
P0993,1982,2015,33,20-39,EV-D68,256,1,Protected,0.1
P0993,1982,2015,33,20-39,CVA6,512,1,Protected,0.1
P0993,1982,2015,33,20-39,CVA16,512,1,Protected,0.1
P0993,1982,2020,38,20-39,EV-A71,512,1,Protected,0.1
P0993,1982,2020,38,20-39,EV-D68,128,1,Protected,0.1
P0993,1982,2020,38,20-39,CVA6,512,1,Protected,0.1
P0993,1982,2020,38,20-39,CVA16,256,1,Protected,0.1
P0993,1982,2025,43,40-59,EV-A71,512,1,Protected,0.1
P0993,1982,2025,43,40-59,EV-D68,256,1,Protected,0.1
P0993,1982,2025,43,40-59,CVA6,512,1,Protected,0.1
P0993,1982,2025,43,40-59,CVA16,256,1,Protected,0.1
P0994,2008,2010,2,0-4,EV-A71,32,1,Partially protected,0.5
P0994,2008,2010,2,0-4,EV-D68,32,1,Partially protected,0.5
P0994,2008,2010,2,0-4,CVA6,64,1,Protected,0.1
P0994,2008,2010,2,0-4,CVA16,64,1,Protected,0.1
P0994,2008,2015,7,5-9,EV-A71,64,1,Protected,0.1
P0994,2008,2015,7,5-9,EV-D68,128,1,Protected,0.1
P0994,2008,2015,7,5-9,CVA6,256,1,Protected,0.1
P0994,2008,2015,7,5-9,CVA16,32,1,Partially protected,0.5
P0994,2008,2020,12,10-14,EV-A71,128,1,Protected,0.1
P0994,2008,2020,12,10-14,EV-D68,128,1,Protected,0.1
P0994,2008,2020,12,10-14,CVA6,512,1,Protected,0.1
P0994,2008,2020,12,10-14,CVA16,128,1,Protected,0.1
P0994,2008,2025,17,15-19,EV-A71,256,1,Protected,0.1
P0994,2008,2025,17,15-19,EV-D68,64,1,Protected,0.1
P0994,2008,2025,17,15-19,CVA6,256,1,Protected,0.1
P0994,2008,2025,17,15-19,CVA16,256,1,Protected,0.1
P0995,1988,2005,17,15-19,EV-A71,128,1,Protected,0.1
P0995,1988,2005,17,15-19,EV-D68,128,1,Protected,0.1
P0995,1988,2005,17,15-19,CVA6,128,1,Protected,0.1
P0995,1988,2005,17,15-19,CVA16,64,1,Protected,0.1
P0995,1988,2010,22,20-39,EV-A71,128,1,Protected,0.1
P0995,1988,2010,22,20-39,EV-D68,64,1,Protected,0.1
P0995,1988,2010,22,20-39,CVA6,256,1,Protected,0.1
P0995,1988,2010,22,20-39,CVA16,128,1,Protected,0.1
P0995,1988,2015,27,20-39,EV-A71,512,1,Protected,0.1
P0995,1988,2015,27,20-39,EV-D68,256,1,Protected,0.1
P0995,1988,2015,27,20-39,CVA6,256,1,Protected,0.1
P0995,1988,2015,27,20-39,CVA16,256,1,Protected,0.1
P0995,1988,2020,32,20-39,EV-A71,512,1,Protected,0.1
P0995,1988,2020,32,20-39,EV-D68,256,1,Protected,0.1
P0995,1988,2020,32,20-39,CVA6,256,1,Protected,0.1
P0995,1988,2020,32,20-39,CVA16,256,1,Protected,0.1
P0995,1988,2025,37,20-39,EV-A71,512,1,Protected,0.1
P0995,1988,2025,37,20-39,EV-D68,256,1,Protected,0.1
P0995,1988,2025,37,20-39,CVA6,256,1,Protected,0.1
P0995,1988,2025,37,20-39,CVA16,256,1,Protected,0.1
P0996,1975,2005,30,20-39,EV-A71,256,1,Protected,0.1
P0996,1975,2005,30,20-39,EV-D68,128,1,Protected,0.1
P0996,1975,2005,30,20-39,CVA6,512,1,Protected,0.1
P0996,1975,2005,30,20-39,CVA16,128,1,Protected,0.1
P0996,1975,2010,35,20-39,EV-A71,256,1,Protected,0.1
P0996,1975,2010,35,20-39,EV-D68,128,1,Protected,0.1
P0996,1975,2010,35,20-39,CVA6,512,1,Protected,0.1
P0996,1975,2010,35,20-39,CVA16,64,1,Protected,0.1
P0996,1975,2015,40,40-59,EV-A71,512,1,Protected,0.1
P0996,1975,2015,40,40-59,EV-D68,256,1,Protected,0.1
P0996,1975,2015,40,40-59,CVA6,512,1,Protected,0.1
P0996,1975,2015,40,40-59,CVA16,256,1,Protected,0.1
P0996,1975,2020,45,40-59,EV-A71,256,1,Protected,0.1
P0996,1975,2020,45,40-59,EV-D68,128,1,Protected,0.1
P0996,1975,2020,45,40-59,CVA6,512,1,Protected,0.1
P0996,1975,2020,45,40-59,CVA16,256,1,Protected,0.1
P0996,1975,2025,50,40-59,EV-A71,512,1,Protected,0.1
P0996,1975,2025,50,40-59,EV-D68,128,1,Protected,0.1
P0996,1975,2025,50,40-59,CVA6,512,1,Protected,0.1
P0996,1975,2025,50,40-59,CVA16,128,1,Protected,0.1
P0997,1999,2005,6,5-9,EV-A71,32,1,Partially protected,0.5
P0997,1999,2005,6,5-9,EV-D68,32,1,Partially protected,0.5
P0997,1999,2005,6,5-9,CVA6,64,1,Protected,0.1
P0997,1999,2005,6,5-9,CVA16,32,1,Partially protected,0.5
P0997,1999,2010,11,10-14,EV-A71,128,1,Protected,0.1
P0997,1999,2010,11,10-14,EV-D68,128,1,Protected,0.1
P0997,1999,2010,11,10-14,CVA6,256,1,Protected,0.1
P0997,1999,2010,11,10-14,CVA16,32,1,Partially protected,0.5
P0997,1999,2015,16,15-19,EV-A71,512,1,Protected,0.1
P0997,1999,2015,16,15-19,EV-D68,256,1,Protected,0.1
P0997,1999,2015,16,15-19,CVA6,256,1,Protected,0.1
P0997,1999,2015,16,15-19,CVA16,256,1,Protected,0.1
P0997,1999,2020,21,20-39,EV-A71,256,1,Protected,0.1
P0997,1999,2020,21,20-39,EV-D68,512,1,Protected,0.1
P0997,1999,2020,21,20-39,CVA6,512,1,Protected,0.1
P0997,1999,2020,21,20-39,CVA16,256,1,Protected,0.1
P0997,1999,2025,26,20-39,EV-A71,256,1,Protected,0.1
P0997,1999,2025,26,20-39,EV-D68,256,1,Protected,0.1
P0997,1999,2025,26,20-39,CVA6,512,1,Protected,0.1
P0997,1999,2025,26,20-39,CVA16,256,1,Protected,0.1
P0998,2011,2015,4,0-4,EV-A71,128,1,Protected,0.1
P0998,2011,2015,4,0-4,EV-D68,128,1,Protected,0.1
P0998,2011,2015,4,0-4,CVA6,256,1,Protected,0.1
P0998,2011,2015,4,0-4,CVA16,128,1,Protected,0.1
P0998,2011,2020,9,5-9,EV-A71,128,1,Protected,0.1
P0998,2011,2020,9,5-9,EV-D68,64,1,Protected,0.1
P0998,2011,2020,9,5-9,CVA6,128,1,Protected,0.1
P0998,2011,2020,9,5-9,CVA16,64,1,Protected,0.1
P0998,2011,2025,14,10-14,EV-A71,256,1,Protected,0.1
P0998,2011,2025,14,10-14,EV-D68,256,1,Protected,0.1
P0998,2011,2025,14,10-14,CVA6,256,1,Protected,0.1
P0998,2011,2025,14,10-14,CVA16,128,1,Protected,0.1
P0999,1963,2005,42,40-59,EV-A71,128,1,Protected,0.1
P0999,1963,2005,42,40-59,EV-D68,128,1,Protected,0.1
P0999,1963,2005,42,40-59,CVA6,512,1,Protected,0.1
P0999,1963,2005,42,40-59,CVA16,256,1,Protected,0.1
P0999,1963,2010,47,40-59,EV-A71,256,1,Protected,0.1
P0999,1963,2010,47,40-59,EV-D68,128,1,Protected,0.1
P0999,1963,2010,47,40-59,CVA6,512,1,Protected,0.1
P0999,1963,2010,47,40-59,CVA16,128,1,Protected,0.1
P0999,1963,2015,52,40-59,EV-A71,512,1,Protected,0.1
P0999,1963,2015,52,40-59,EV-D68,256,1,Protected,0.1
P0999,1963,2015,52,40-59,CVA6,512,1,Protected,0.1
P0999,1963,2015,52,40-59,CVA16,256,1,Protected,0.1
P0999,1963,2020,57,40-59,EV-A71,512,1,Protected,0.1
P0999,1963,2020,57,40-59,EV-D68,256,1,Protected,0.1
P0999,1963,2020,57,40-59,CVA6,512,1,Protected,0.1
P0999,1963,2020,57,40-59,CVA16,256,1,Protected,0.1
P0999,1963,2025,62,60+,EV-A71,512,1,Protected,0.1
P0999,1963,2025,62,60+,EV-D68,512,1,Protected,0.1
P0999,1963,2025,62,60+,CVA6,512,1,Protected,0.1
P0999,1963,2025,62,60+,CVA16,512,1,Protected,0.1
P1000,1980,2005,25,20-39,EV-A71,256,1,Protected,0.1
P1000,1980,2005,25,20-39,EV-D68,128,1,Protected,0.1
P1000,1980,2005,25,20-39,CVA6,256,1,Protected,0.1
P1000,1980,2005,25,20-39,CVA16,256,1,Protected,0.1
P1000,1980,2010,30,20-39,EV-A71,256,1,Protected,0.1
P1000,1980,2010,30,20-39,EV-D68,128,1,Protected,0.1
P1000,1980,2010,30,20-39,CVA6,512,1,Protected,0.1
P1000,1980,2010,30,20-39,CVA16,128,1,Protected,0.1
P1000,1980,2015,35,20-39,EV-A71,512,1,Protected,0.1
P1000,1980,2015,35,20-39,EV-D68,512,1,Protected,0.1
P1000,1980,2015,35,20-39,CVA6,256,1,Protected,0.1
P1000,1980,2015,35,20-39,CVA16,128,1,Protected,0.1
P1000,1980,2020,40,40-59,EV-A71,512,1,Protected,0.1
P1000,1980,2020,40,40-59,EV-D68,256,1,Protected,0.1
P1000,1980,2020,40,40-59,CVA6,256,1,Protected,0.1
P1000,1980,2020,40,40-59,CVA16,256,1,Protected,0.1
P1000,1980,2025,45,40-59,EV-A71,256,1,Protected,0.1
P1000,1980,2025,45,40-59,EV-D68,128,1,Protected,0.1
P1000,1980,2025,45,40-59,CVA6,256,1,Protected,0.1
P1000,1980,2025,45,40-59,CVA16,256,1,Protected,0.1
