simulation,beta,gamma,r0,peak_infectious,peak_day,cumulative_infections
1,0.3139426798457884,0.1525010755222667,2.058626004902828,854.46281280341,40,4108.816077896404
2,0.27750293183691194,0.17232107381488226,1.6103830233499032,434.0192153873579,52,3279.5124176071836
3,0.32364712141640123,0.21766994874229112,1.4868709405522076,319.33410920618456,48,2916.3285222682384
4,0.3392179567704845,0.15869388326294162,2.1375616362505325,926.0676445556298,37,4204.407802672577
5,0.29219218196852703,0.15297972194380702,1.9100059684763708,717.0662434321956,44,3897.862544888993
6,0.2718637974803603,0.20053552881033623,1.3556889349890981,201.0585533965758,63,2408.9161470661206
7,0.25265359696838635,0.16988376506866484,1.4872144896616049,317.5732075538633,61,2908.7946746286193
8,0.3149884437779523,0.20449414806032168,1.5403298664812504,369.20325806254476,48,3085.6696127211644
9,0.2720440622040697,0.20892656838759088,1.30210372143473,157.0254530031259,66,2161.9008016802286
10,0.33094304566778265,0.1506498759678061,2.1967694532885327,976.8421850593213,37,4264.977310542711
11,0.3305819251832808,0.21981393949882266,1.5039170215365318,335.46027638661985,47,2973.3333837861614
12,0.2840250516517992,0.16554794998117814,1.715666377530445,534.5150563929582,49,3534.5572610735467
13,0.34572130722067806,0.18365945451126267,1.8824040839099692,696.3111669319943,38,3861.3309256676757
14,0.2592745843380148,0.15967163768334638,1.6237986163340825,445.8233708922636,55,3312.1543760487
15,0.334749436634746,0.2103726031366891,1.591221630780712,418.30878531256207,44,3235.0276221088247
16,0.330712827327438,0.22297317866938177,1.4831955542859687,316.06796986439554,47,2904.7322579132847
17,0.3036228091454701,0.24731157639793705,1.2276934770612005,101.79618003933459,65,1774.882984335686
18,0.2878534377208353,0.2052040631273227,1.4027667548777105,242.0607669617898,57,2606.2304720918437
19,0.33294046642529945,0.2118519752364246,1.5715712164294968,399.41553091694186,45,3179.6895024325695
20,0.3361706900310777,0.2077352145256762,1.618265303736102,444.12004924733355,43,3307.857089558409
21,0.32045718362149234,0.1545824383655662,2.0730503866400087,867.8856495353152,39,4127.433900834284
22,0.2727898275651547,0.1789387963602107,1.5244867692974655,352.77906088917365,56,3031.9303243401982
23,0.25797919769236277,0.17327908863610303,1.4888074477015245,319.24720422049285,60,2914.932093127463
24,0.2601001429409729,0.1777973603110092,1.4629021628104988,295.473237986083,61,2826.620099433449
25,0.31356844442644,0.18648321789700842,1.6814834490877277,503.6422980731602,45,3461.25428244201
26,0.28701809671168826,0.17095070307714877,1.6789524204656774,499.8006995267071,49,3451.737944194833
27,0.2766977822049113,0.2436654587712494,1.1355642428772488,46.4762405119603,78,1172.2372639958453
28,0.31480353852465937,0.21091310056669882,1.4925746085891256,324.31442451870265,49,2934.364948618609
29,0.2671138648198097,0.22291267979503493,1.1982892362400253,82.09166354901002,76,1587.213780162609
30,0.26634024937619283,0.18794554417576478,1.4171139334227265,254.37436264817646,61,2659.3933617178077
31,0.3489523350636595,0.21399997598540926,1.6306185711322296,456.3417389266006,42,3341.524968908941
32,0.3056949743774646,0.21846142509898747,1.3993087074248949,239.38563026468512,54,2594.41936383535
33,0.33428519201898094,0.22759999115462448,1.4687399165665072,302.8106253386304,47,2855.5934791512973
34,0.2729048071964104,0.15321002439040377,1.7812464183218528,595.6566520755883,49,3668.8583309729243
35,0.28154530480590817,0.17677408759757027,1.5926842481962156,417.45858970572715,52,3232.33133654531
36,0.27109828435863265,0.24429097143350545,1.1097351767354364,34.64150317816047,81,976.8383952533595
37,0.3376367626472669,0.18146778807984779,1.8605878553978024,675.0417202789305,39,3823.4818419979597
38,0.31554386652948796,0.18956319010606643,1.6645840701083976,487.58140316111957,45,3421.4706614717297
39,0.3414547589740543,0.19588518525873988,1.7431372286936104,563.752181410224,40,3601.467737520755
40,0.27648801664980527,0.17466275076939836,1.5829821494958793,408.0320168276981,53,3204.8515261570437
41,0.30613681341631505,0.17627416085229353,1.7367083861646524,555.9176847265383,45,3582.9756056077867
42,0.30845859902235406,0.2397822883602477,1.28641110705778,145.06998117679208,60,2089.65518030174
43,0.2899400505140397,0.17193207591572834,1.686363925810751,506.8106736568433,48,3469.382002830758
44,0.349753760649511,0.20095262936764646,1.7404786478788998,561.8501884781899,40,3597.0560456952344
45,0.2590909412173794,0.15471163754247344,1.6746700205163974,494.2050189455416,54,3437.7874395445515
46,0.2609649130350659,0.212744604170309,1.226658199171787,100.84256416038538,75,1755.3447981620407
47,0.3292079364362964,0.19221599667996841,1.7126979134021496,534.08705668235,42,3534.276886418696
48,0.25635277061519574,0.18816192865065368,1.3624050967884527,206.47694211895404,66,2435.168574853232
49,0.34961213802400964,0.2029114345099137,1.7229789876968642,545.4017403782681,40,3559.626857485368
50,0.3471078377613618,0.2360779702234498,1.4703101582617863,304.5798639840533,46,2862.404479781808
51,0.25114810219428196,0.22207218193601946,1.1309300426770224,44.17246326999193,86,1109.7862008820482
52,0.31817103690265747,0.20369703304087952,1.5619816948379626,389.8080392737822,47,3150.261628515448
53,0.27668251899525426,0.2140961798579808,1.292328145129865,149.3863441019342,66,2114.637014414141
54,0.26115521735958763,0.1934765250669105,1.3498031209174945,195.93034397417352,66,2381.210442762722
55,0.29537237063292066,0.24538159275210802,1.203726682674665,85.70675496748629,68,1632.346287289332
56,0.3375852940378194,0.17633890507510908,1.9144118757799347,725.373491073155,39,3911.5244387063485
57,0.3000586113050298,0.16786518805301312,1.787497543625716,603.7127990755374,45,3684.926750895082
58,0.34126278393448206,0.2370518569836767,1.4396123627834785,276.2845855522185,47,2752.1683589180566
59,0.27984447914486327,0.2138949494866005,1.3083267268187375,162.0895171569831,64,2193.4738889756586
60,0.31089702114381723,0.1652839268549635,1.8809876257152889,692.0890119248162,42,3853.8340832981444
61,0.3262510800075151,0.20393790301196257,1.599756961256868,426.09640537125813,45,3257.2753900885646
62,0.3278626478630558,0.20303536721951776,1.614805599403661,440.32297001581367,44,3297.698485386009
63,0.25005718961279433,0.1824156057004673,1.3708102914363414,213.55328393649592,68,2469.6358169110435
64,0.2519476742385832,0.24290986162646172,1.0372064458462356,12.957358249333602,58,450.4838973284886
65,0.3378721877823184,0.23316655293611793,1.4490594106560701,284.7440761691096,47,2786.2568809854647
66,0.28075141254026614,0.15579251664941876,1.8020853541511461,616.073658220077,48,3710.0313993332406
67,0.33780095992040404,0.2446949445297994,1.380498320345421,223.50556386155623,50,2521.149927954292
68,0.25856534520678787,0.19859904633166137,1.301946560080568,156.76001241273394,70,2157.798823748806
69,0.25692125184683834,0.22606021652572317,1.1365168794200615,46.90966619960169,84,1158.6347909084204
70,0.32658344293069874,0.16283914644997627,2.0055585530290423,808.1279018052769,39,4042.207976201941
71,0.29752823780987314,0.20498035934949438,1.4514963226432018,286.0270502983483,54,2790.790524081322
72,0.2765056628940059,0.23724330410852573,1.1654940649769394,62.371760672884776,76,1380.4172658674795
73,0.29231379402008867,0.17117982054420822,1.7076416664696576,527.2048691762645,48,3517.974438710357
74,0.30392960887794584,0.2229931069089976,1.362955174224188,207.74017196996888,56,2444.1709236296942
75,0.27011510633896957,0.1811716291300895,1.4909349087158377,321.5094559551373,57,2923.6832319713944
76,0.34951493566608943,0.21498780576394533,1.6257430714458925,451.7341488493141,42,3329.0461783257324
77,0.2938100083914504,0.20175758410355907,1.456252609768772,290.3445403909257,54,2807.3628205797854
78,0.26210041958682656,0.17246973370315574,1.519689362064753,348.0208011556927,58,3015.5042242026707
79,0.28380855621474554,0.20883087184572333,1.3590354419647925,204.06186634490592,60,2425.0861764533115
80,0.2730114732596577,0.17202173844515595,1.5870754227187358,411.7220311176176,54,3215.7699228776582
81,0.25709930860090324,0.2131102957270099,1.2064143016827418,87.27459187537603,78,1631.1206213345488
82,0.2728941783811154,0.2405420013006128,1.1344969980526232,45.94311934155894,79,1161.1929358101568
83,0.33596354002537465,0.15708573498886533,2.1387272373852957,927.3983836796406,37,4205.192658679483
84,0.2738004634368995,0.21689777782962805,1.2623479418584371,126.47324739447961,69,1959.5207912907672
85,0.27142368073704387,0.1632311848725025,1.6628175611728173,483.6192645547905,52,3411.26988823013
86,0.3435514240580671,0.20710430933252844,1.658832813113792,483.27827556850093,42,3411.290251799834
87,0.2972671026311794,0.22846194242907533,1.3011668353623678,156.57352498675175,61,2161.2998754909872
88,0.33074969977666435,0.16904099143618778,1.9566242304105326,763.9306522176184,39,3974.247753420014
89,0.25969308142288233,0.19310511824063775,1.3448275415427677,191.71251763181164,67,2358.806224032461
90,0.29235786230199207,0.1967024668036675,1.4862948444556117,317.8914780116903,53,2910.900046338782
91,0.32290758494598504,0.21733645472933016,1.4857497576655176,318.2022030620514,48,2912.4842101918584
92,0.3484165211365966,0.1598417871151959,2.1797586690237476,963.488912828545,35,4250.395808011225
93,0.2902621282102269,0.18393026053949632,1.5781096996157267,403.98509451824657,51,3192.9563658622496
94,0.3361672536352791,0.17486563339202857,1.9224317958556838,732.7858310855589,39,3923.7685310468664
95,0.26902089084408115,0.19486135478331318,1.3805759030220937,222.29376434894237,62,2514.109877271725
96,0.2921881639834404,0.17785451446669404,1.6428492965701866,465.65437397825247,49,3365.0551630622595
97,0.27498064478821005,0.24232655992760127,1.1347523972211906,46.07250506491548,79,1164.9129617656165
98,0.29431307450534566,0.23613491047618307,1.2463768017691332,114.93960420903731,65,1877.7288057781013
99,0.3050325312449848,0.15505883295248812,1.967205127478616,771.2335995684191,42,3985.6928890570593
100,0.34992824684127266,0.2336027585079952,1.4979628197725077,330.3292447807687,44,2956.04697808503
101,0.3468996257284751,0.24263669830081275,1.4297079879417116,267.49423283165504,47,2715.9292592800775
102,0.33486957344143053,0.16663111106039138,2.009646165775521,812.6181072182313,38,4048.941634693817
103,0.2985641125450718,0.17137472991991817,1.7421711630681376,560.6473967049258,46,3593.4140125000586
104,0.2901040292549453,0.1558635399972179,1.8612693466356758,671.8609891690817,45,3817.654995939003
105,0.28789731189769163,0.2485308843779726,1.1583965212945104,58.43340028954724,74,1339.3313007728398
106,0.2765203058172152,0.22840706019485693,1.2106469282574377,90.14027104853783,72,1667.683997413328
107,0.2955008367339143,0.1923007485990163,1.5366598356311647,365.0387337425599,51,3072.208179006701
108,0.3457317640859673,0.2495422689492714,1.3854637354293269,227.95894333860548,49,2542.304694193458
109,0.3055768323405618,0.22184082752963258,1.377459846969531,220.2620141427086,55,2505.535664184017
110,0.2654796825274064,0.17967078254945643,1.4775896156311896,309.1218608496604,59,2878.1697564766696
111,0.34687093649691586,0.20791802908162563,1.6683061975387392,492.7727505928916,41,3434.6006962610377
112,0.3042195201374274,0.2247975560379064,1.3533043930696849,199.5127972598185,57,2402.468690363927
113,0.2557165272907483,0.20841775944589713,1.2269421184192768,100.99520572073001,77,1753.9755955335534
114,0.30028503829195136,0.23527198920482853,1.2763314464541815,137.24259064547266,62,2037.5511031760043
115,0.2657432727939483,0.24607789032744504,1.0799152757703483,23.48511632361442,79,748.0814887941145
116,0.2580111465240587,0.16858249609807233,1.5304741150229593,357.8240640996444,59,3048.4711363775523
117,0.30950351064500276,0.217521255360409,1.4228655959721692,260.4281510247343,53,2686.376738948157
118,0.2735203895000931,0.1619886613947124,1.6885156476082916,508.14832253826705,51,3472.0838273620425
119,0.33902873141294376,0.1746215347788625,1.94150585059445,750.4812413144739,38,3953.1664790147584
120,0.3094519153533441,0.21193815103321031,1.4601048175835674,294.2288149763625,51,2822.712465226749
121,0.29192249153358724,0.20836722892912246,1.4010000182556859,240.6006205431417,57,2599.6916032107006
122,0.30227827155319587,0.24347062577364273,1.2415389765918918,111.52642535398891,64,1852.4430549110166
123,0.27042591994235365,0.2216191800789415,1.220227959719132,96.51265362524408,73,1722.1635993923812
124,0.2738685952615846,0.18957858467912544,1.4446177859441542,279.2052308517115,58,2763.195261709593
125,0.3171690222959971,0.17999970797987622,1.7620529825051507,580.7005486346118,43,3636.986269751202
126,0.2816177196271854,0.2251864492414402,1.2505979848069844,117.9006238848767,68,1898.137442156918
127,0.2572543114493157,0.1958285522618586,1.3136711091308055,166.10987181438085,69,2214.219248969136
128,0.3498454440854442,0.24960964478550945,1.401570217312988,242.19662833415998,48,2607.6245292375893
129,0.2573260721099633,0.17131543122670403,1.50206009036886,331.4348372247487,60,2958.4771081371828
130,0.2765200414750401,0.2433259377993709,1.1364182708011947,46.89823999425745,78,1178.2211974876404
131,0.3380864173686439,0.23792702424845427,1.4209668634177455,259.3069062758518,48,2681.9875875020743
132,0.2869527088738884,0.1657746832357232,1.730980287658618,549.3043549829671,48,3568.11443197872
133,0.3333744954639807,0.2203539925087371,1.512904266759597,343.9852722267706,46,3002.572695046657
134,0.311167776572595,0.24872330636315043,1.2510599875922845,118.44172313713729,61,1905.7775360276394
135,0.3153976317710733,0.15078231071521578,2.091741599362861,883.2993109955726,40,4148.944106777443
136,0.3317104135115462,0.1799378752199978,1.843471882203713,658.6961300333276,40,3792.8999055272275
137,0.3163388714966077,0.2438930003927104,1.2970395664789347,153.47178641440397,58,2143.1669145317783
138,0.2634291114393368,0.1615428670419102,1.6307071693298194,452.57838325186776,54,3330.4948247141606
139,0.26070359777094176,0.2053223640884816,1.2697282097267992,131.86936903817264,72,1994.5632634181886
140,0.27723482123148163,0.2104829827030224,1.3171365099032337,169.1568641839423,64,2235.000415489203
141,0.32176121871387975,0.17035973123274528,1.8887164025534293,700.3087244169892,41,3868.1301384475537
142,0.31342379588850794,0.17639839016304093,1.776795103395318,594.1854604045942,43,3665.9193847203546
143,0.29885318521493764,0.24053364910793232,1.2424589504349812,112.14029719117407,65,1856.9631691188072
144,0.3346103713294855,0.15922984677127333,2.101429965012392,894.0344624051982,37,4163.11128818863
145,0.2923575772563726,0.17766802239722518,1.6455272778504157,468.20017390190617,49,3371.7571875256886
146,0.2503545689087782,0.2271119223019627,1.1023400549439788,31.592445346223975,87,894.4511592787298
147,0.31371133773013793,0.17619552624343482,1.7804727760040222,597.8188503888211,43,3673.19416591484
148,0.32412309083479307,0.20516804211263912,1.5797932635963186,406.8723910618723,46,3201.9041473498173
149,0.2927686918980679,0.150966969960834,1.9392897133328049,744.6117830282154,44,3942.939294726039
150,0.2575243860073767,0.23831063933001428,1.0806247959863642,23.71156898931237,82,743.2426248847631
151,0.3403928571559893,0.20455902892055222,1.6640324260054686,488.325273751208,42,3423.4649745897673
152,0.33345950198860164,0.2082509566489794,1.601238752293798,427.82723544256714,44,3262.196787950904
153,0.26480937855674824,0.16274455192821388,1.6271474247172024,449.3698934080065,54,3321.5661043276036
154,0.2808258349930134,0.239898148874259,1.1706044265485616,65.30606634176013,75,1417.1216673647368
155,0.32961223048880417,0.23607025820009028,1.3962463251487989,237.1042283669503,51,2584.5095010363925
156,0.33989246365264747,0.1710076538339754,1.987586263142559,792.8973737534367,38,4019.6518675798716
157,0.27495297392229245,0.16027936216717856,1.7154608691011897,533.7119312081488,50,3532.8360421165385
158,0.32801162418714425,0.2384134701451009,1.3758099489408588,219.207666729504,52,2500.784357888054
159,0.29063773898321166,0.21206615101507129,1.3705050881154361,213.97809368288037,58,2474.842913425626
160,0.26545533383322045,0.24298810156936745,1.0924622733325036,27.82818375370085,81,840.8204302200064
161,0.3364605696219964,0.2476206032930963,1.3587745330857812,204.69892321122015,51,2429.1821575517074
162,0.3310771719940397,0.23814162046633244,1.390253292749581,231.8611692691952,51,2560.4889481379814
163,0.25247863618981886,0.2236564471755082,1.1288681340435192,43.191113204440406,86,1096.4159185774345
164,0.28321854679464287,0.24308158860483256,1.1651172284177362,62.17502381534271,74,1381.9737528506619
165,0.33022351389371385,0.23640640283752795,1.3968467432781946,237.62929993120605,50,2586.9711739298955
166,0.3310749316574389,0.1766805709594472,1.8738615675711692,687.257010192777,40,3844.968491642317
167,0.3287374509135471,0.1608095626402957,2.0442655617991963,842.3805592033943,38,4093.069747639069
168,0.337216678290609,0.23585932513377816,1.4297364672748956,267.26777837648564,48,2715.0790536923478
169,0.2722433717545664,0.2316586605596929,1.175191858127902,67.95668746865417,76,1442.1649866637158
170,0.2960303234678942,0.18051908673386005,1.639883786385053,462.8085206339169,48,3358.1274165629384
171,0.3295345499152862,0.17275954874077704,1.9074751718051055,718.2177368126544,40,3899.416240841084
172,0.25236644347014514,0.16931297883277086,1.4905321801667997,320.63929276098315,61,2919.816822280524
173,0.28282619511977064,0.23643529420302864,1.1962097117230974,80.8410692774889,72,1582.0968912158792
174,0.34668891040483607,0.17791249927218714,1.9486484188749382,757.3974358533667,37,3964.933468030359
175,0.31414817386076277,0.1899678384360061,1.6536913640073287,476.81260620381335,45,3394.816434243622
176,0.348114968719826,0.2036215732478722,1.7096173218152058,532.4008872179389,40,3530.0666338018887
177,0.3439237140324716,0.16153417518514276,2.129108058021051,919.7489951571179,36,4195.818369630961
178,0.34704006110222274,0.16785678161724635,2.0674771537890986,865.3002547830744,36,4124.666650913786
179,0.3462534315761555,0.17654663625229686,1.9612575970087383,769.1649385016428,37,3983.309188159172
180,0.2608402547214711,0.19345637585646444,1.3483156270590033,194.67227281978714,66,2374.565102113276
181,0.32285450606527044,0.18136773141949913,1.7801099651983618,598.2305038361076,42,3673.7904946320755
182,0.3106208853306143,0.20114230596694782,1.5442842013636668,372.5834921358826,49,3097.071384197189
183,0.2885195433344727,0.20765880434965994,1.3893922978033615,230.36402027365222,58,2552.7469655900254
184,0.27547225061385816,0.22087852838341704,1.2471662711174594,115.35833036378048,70,1877.6635757916633
185,0.25016912782186296,0.24255751654990826,1.0313806448063156,12.083468665195067,51,417.07196502893515
186,0.3038451997092792,0.22194299991448455,1.3690235773435155,212.9655920447962,56,2469.986261646607
187,0.3241950077839476,0.21706285044329993,1.493553628001546,325.6213143707206,48,2938.651504167939
188,0.2864221471781264,0.156997381112631,1.8243753185452514,637.1010140447122,47,3752.1323008518466
189,0.3164237684911272,0.18302000360425963,1.7289026459387673,549.0027983598709,44,3567.7819406280805
190,0.28139156450583597,0.23480152795063355,1.1984230552579618,82.24043806877673,72,1595.2032930935202
191,0.321975426301395,0.1800322268211264,1.7884321712095372,606.0737812989018,42,3689.8793385156578
192,0.2809284662208653,0.1908392908619217,1.4720682777223586,304.48651016903324,56,2861.2149734911404
193,0.2902400387057725,0.1795655202525947,1.6163461576448084,440.30896463774667,50,3296.9095056344013
194,0.2627287799059153,0.19204463337729083,1.3680610350082443,211.401807091106,65,2460.609398528913
195,0.34403636707301827,0.2177317945272733,1.580092461094027,408.04187962961106,43,3205.2089381450105
196,0.34028055457325823,0.21155149159513806,1.6084999070792592,435.0743066128656,43,3282.5636137443485
197,0.28009498745655653,0.20479372131356982,1.3676932361988248,211.3936879765534,61,2461.678022053882
198,0.2500405939697288,0.17869137168689272,1.399287450811312,238.296036882725,66,2586.768780631791
199,0.29298881499898344,0.2079984781195682,1.40861037853632,247.38467559536355,56,2629.75377245489
200,0.31547056237030713,0.19649881902470143,1.6054578034418112,430.9644196385807,46,3271.272530461613
201,0.2942159799304807,0.17137014009891002,1.7168450685788523,536.2669386466026,47,3538.5578091388657
202,0.2973186185909326,0.2401180825828254,1.2382183607033288,109.13229495732354,65,1833.137546859974
203,0.329602476012678,0.16696913961980547,1.9740323077857038,779.7663306515689,39,3999.102912389068
204,0.2584795536725122,0.20154520099152165,1.2824892500585294,141.57174567744005,71,2060.1608829586035
205,0.31329408557657956,0.1835188255409801,1.7071495779958574,527.8345371765639,45,3519.7686689127463
206,0.3318423464536664,0.22511381375407322,1.4741092113351575,307.617673785275,48,2873.8897463991593
207,0.3172795670557167,0.17246406659972882,1.8396850620024494,654.1585875077984,42,3784.097855743822
208,0.26991299327265766,0.15244253877268263,1.7705884161057115,585.6868926000358,50,3647.3883009006904
209,0.274484254407835,0.19751363442188052,1.3896977553536816,230.35203842400816,61,2552.2624247072945
210,0.33497376946247315,0.1572828229184569,2.1297543065852773,919.4263008282044,37,4195.191319821347
211,0.2914441010997719,0.21297653807377137,1.3684328975186024,212.22069837274157,58,2466.176290789398
212,0.26944352367397095,0.21963542504905048,1.2267762525730856,100.96884627722454,73,1760.089319638453
213,0.2994377169010437,0.17439844395784387,1.7169747051953326,536.5401782753032,46,3539.565732698276
214,0.3156058011111784,0.15055448181380318,2.0962896441801107,887.1098498062394,40,4154.295388212283
215,0.32509644766184725,0.2270046188574025,1.4321138014643795,269.16186852933095,50,2722.762314128593
216,0.2606587296563539,0.19251461939427342,1.353968495880929,199.4280725313039,66,2399.4289788177066
217,0.2675886681706532,0.24579660422795396,1.0886589300578338,26.458312320106575,80,814.9206786691149
218,0.30179577504437405,0.1550218385140641,1.9467952253513892,752.0821218319722,43,3955.4718600328074
219,0.2749198279659972,0.23483363473516597,1.1707003908364255,65.34953887543084,76,1414.1872858402985
220,0.29564618254701724,0.23014166017222645,1.2846269655210207,143.57256735926302,62,2079.135617291507
221,0.3167577732586353,0.2487892453066448,1.2731972110298255,135.00272855295364,59,2023.30827301785
222,0.30954523184694194,0.24500396084431558,1.2634295004056617,127.57567567234317,61,1971.6173621763419
223,0.3391425925810437,0.21126523227617627,1.6052929719060438,431.9002846752813,43,3273.8372441442993
224,0.3219273961275967,0.2004778164824402,1.6058005906892656,431.4853439108307,45,3273.01146151211
225,0.33305691697214146,0.20478719506108284,1.6263561638841677,451.5150655520577,44,3328.4960023051544
226,0.3397208103233262,0.2243655442159585,1.5141398449145775,345.2932217162124,45,3007.2333565133677
227,0.2974674436823053,0.17591915484650195,1.6909326556386666,511.76283371676226,47,3480.9290381851474
228,0.27472397375096597,0.21376614367761562,1.2851612936671668,143.78994920611115,67,2078.2495589514965
229,0.3265813684297165,0.20212998128279822,1.6156997905857395,441.1033176019014,45,3299.8891218758217
230,0.3126748436981781,0.17745974469175382,1.7619480082161272,580.1907251688237,44,3636.136370682471
231,0.25774833538647357,0.17857281508631526,1.443379471068359,277.75000922365643,62,2756.4233232277143
232,0.27717151070821844,0.18197095684187622,1.5231634515669816,351.7492270856103,55,3028.35970564658
233,0.30401522225184563,0.16383740615161557,1.8555910362161687,667.5583823863803,44,3809.9550569657154
234,0.27312614797281864,0.21939498122990522,1.2449060887432435,113.73089707353026,70,1864.4330739229613
235,0.3206419141694552,0.1564228850713878,2.049840175388158,846.9398715650933,39,4098.876855813357
236,0.29075993696665864,0.20426111405039155,1.4234718062632699,260.6019941322126,56,2686.6897976309283
237,0.29157742341031556,0.17068343895144103,1.7082935825617418,527.8826550102463,48,3519.3228952177506
238,0.29201435177734253,0.2404838478340177,1.214278440766181,92.62955371184907,68,1694.500678753648
239,0.3084079414204225,0.2195522986497968,1.4047128785126382,244.18403467566765,54,2616.0808478402887
240,0.3356732032303934,0.22655945761180696,1.481611965215528,314.8081986232271,47,2899.913202723927
241,0.28803810289277115,0.1505896083583993,1.9127355866896742,719.7960291873895,45,3901.5320776747576
242,0.28517588026718244,0.2253475125059386,1.265493801533164,128.91550462795698,66,1978.8012896748612
243,0.33534479505691045,0.24534303384701062,1.3668405000079298,211.6136257355112,51,2463.656816684519
244,0.2919021282629822,0.22475156689780507,1.2987768329807043,154.61937244799498,62,2148.945065327856
245,0.3046132309733839,0.21032525889412412,1.4482959991349564,283.24587475307356,53,2780.0381363150755
246,0.27205386943238186,0.1719421634621436,1.582240585755336,407.1729094145569,54,3202.200135240915
247,0.2935835976046636,0.15290248199467152,1.920070843682542,726.9692912853669,44,3913.7784594772143
248,0.28361295436983824,0.21791418850283495,1.3014891610242652,156.67062377600848,64,2160.9852478209327
249,0.2904316669137637,0.16650447312035088,1.7442874745102923,562.0744657311841,47,3596.694463578763
250,0.296739014923231,0.16276277972811606,1.8231380381860827,637.0836644560285,45,3751.3816246252068
251,0.31222569609740647,0.15269664519051376,2.044744962850064,841.4169960876737,40,4091.196295333867
252,0.28940202563397044,0.20643919830247742,1.4018753609473662,241.35123743853694,57,2602.879932650933
253,0.25271020463403127,0.21427496480093355,1.1793734506912879,70.37327843022425,82,1453.6322890306794
254,0.26356994872305645,0.19616984440515117,1.343580352639233,190.73936091531516,66,2354.0330049735194
255,0.25502846334886276,0.18791038641881397,1.3571813043929155,202.05992696823446,67,2412.2539032841546
256,0.2711660284211481,0.18268458048813085,1.4843399902531236,315.44255073673406,57,2901.777236177923
257,0.32612297078940267,0.18791262155641364,1.7355032785357454,555.6756804167997,42,3583.220384239061
258,0.32520098235547845,0.23319242851552727,1.3945606400073352,235.56752002501096,51,2577.329494269342
259,0.27522715317823804,0.15819062327616426,1.7398449255601898,556.9525160815173,50,3585.240463003195
260,0.25193832870500105,0.20394190479225338,1.2353436090618037,106.8141827158305,77,1800.5503132387346
261,0.3499907828509209,0.1849960343720184,1.8918826235329227,705.3111784875884,38,3877.4788890257887
262,0.3150144093249875,0.22812330496108948,1.3808953424496406,223.3540275497849,54,2520.6891634787626
263,0.3151754655243889,0.22542332040595262,1.398149335023575,238.5526153421117,53,2590.7394411974406
264,0.34496117327159886,0.1699360682362533,2.029946772641681,831.9262142499848,37,4077.1846180004422
265,0.2520380017320332,0.16523823457847903,1.5253007415322457,352.9159941010154,60,3031.5774942992643
266,0.2626220974874206,0.21694588446199106,1.210541965977843,90.00441296959731,76,1660.0923020888013
267,0.3063969581930019,0.17179645409065036,1.7834882554172395,600.2504764664252,44,3678.0441461172727
268,0.3199464971246151,0.2266898098356241,1.4113845582940525,250.334415333827,51,2643.3180691869193
269,0.26677891433678025,0.21072474938909316,1.266006556468532,129.14291238926143,70,1976.9309419133454
270,0.32479256519552857,0.16145328713788976,2.0116813411060397,813.3595647790612,39,4050.1437088357543
271,0.3319301174311085,0.24647207730340875,1.346725037021132,194.35157958182293,52,2376.0862115715177
272,0.26080987496576064,0.1525678425497466,1.7094681985866085,527.3445329837374,53,3517.6050329406753
273,0.2811957244394695,0.21773472868504087,1.291460145736451,148.75423148042026,65,2111.1540400789645
274,0.34581728382058957,0.18966544415166273,1.8233014736414648,640.8061637710499,39,3758.8241598742316
275,0.3215014705049468,0.157599647784306,2.03998850901596,838.2539770519641,39,4086.5503837119054
276,0.319061441593298,0.21272423956010444,1.4998828636223585,331.20841597523264,49,2958.8993079339684
277,0.26019013054459766,0.2272480884951224,1.144960700297298,51.18841801642185,82,1223.584198433532
278,0.33502932390887963,0.21004116148168442,1.5950650888877995,421.98843512909986,44,3245.609877195812
279,0.26210550650673153,0.24838443515146713,1.0552412688294948,16.55241254381646,71,570.8784202834779
280,0.3282635346361019,0.1847203765308449,1.7770835075213696,595.2346160703546,42,3668.609048260066
281,0.2928378013234744,0.18705708762180562,1.5654996292657863,392.119119006146,51,3157.343013988816
282,0.3005960789677078,0.1841231174861283,1.6325819542478388,456.2503858754774,48,3340.244077592442
283,0.3349575626999577,0.2322330918090058,1.4423334766409388,278.6762962568227,48,2761.5136630662823
284,0.26055388706439986,0.24607875672145785,1.0588231610716676,17.418068148208953,73,593.1846777266081
285,0.31355851061014456,0.2328707311002458,1.3464917172229962,193.88875209603384,55,2373.4148252420778
286,0.32073086437060766,0.19354871450076772,1.657106662774221,480.3446025929326,44,3404.046033561517
287,0.32337953040133915,0.24654737312380776,1.3116324311391017,165.20914139227176,56,2214.2866106066203
288,0.2770082396387401,0.2308199218806756,1.2001054214979847,83.29499459270114,73,1603.6820908087175
289,0.30381729064482554,0.19834975038831962,1.5317250969563947,360.6994177345082,50,3058.101419693217
290,0.2935574493003894,0.22310262143051224,1.3157956075017303,168.2625660472782,61,2230.985379915153
291,0.27683955380492253,0.2351713160019332,1.1771824834396334,69.15382538136394,75,1458.0748313576473
292,0.3330731018890603,0.15866628980556743,2.0992052079695958,891.5515295654935,38,4160.304137441593
293,0.3381631184002772,0.1743863439190956,1.9391605489313073,747.9612847170258,38,3949.523568692639
294,0.29647084666032314,0.21103317042305206,1.4048542514240612,244.09522775258793,56,2615.4058089801515
295,0.2878989304128264,0.15286999977700896,1.8832925415894795,692.0855378147427,45,3854.2396395360715
296,0.3350952836312459,0.16818398571576917,1.9924327646602258,796.8660659380803,38,4025.622873485804
297,0.2712119850179739,0.22978323568280964,1.1802949166942363,70.98741190925432,76,1474.9293960195557
298,0.28403388431642834,0.23803199797582253,1.1932592539313909,78.9876563737955,72,1564.2347242277806
299,0.32011837503322016,0.1776268575756185,1.8021957906728199,618.9599779884038,42,3715.9218414548372
300,0.25101511144386773,0.24480625777770312,1.025362315990315,11.335554809991477,43,386.5908799491586
301,0.25856129619580215,0.2220074664104194,1.1646513532919052,61.83982585848654,81,1359.9960225635325
302,0.2988577846848787,0.22581646534824665,1.3234543558371183,174.5650694837237,59,2267.466474735969
303,0.3190609339446523,0.21459028997409524,1.4868377035287499,319.2189816295537,49,2915.7126468090996
304,0.2990821335078586,0.22929328681323174,1.3043649801726318,159.12307569926293,60,2177.0304553221904
305,0.25930533505546716,0.172159640047253,1.5061912012844305,335.36890662816194,59,2972.140505913157
306,0.31917871552952015,0.18062060301300883,1.7671224113150146,585.5924422589654,43,3647.490590030093
307,0.30815555853323673,0.19732604887595248,1.561656761935959,388.93970350392954,48,3148.0996927986375
308,0.30309219311457675,0.1925503812705215,1.5740929263014587,400.69630257363906,49,3183.199846677967
309,0.32459354367136095,0.183079129719593,1.7729685746732233,591.5968145509505,42,3659.936746909062
310,0.3202854942185769,0.17709164269761962,1.808586161038993,625.0634232919839,42,3727.9511048177383
311,0.27514036762009414,0.1620655884752306,1.6977099840176462,516.8670485282596,51,3493.298047352963
312,0.26925842934515176,0.1619554741255053,1.6625460225968864,483.01593557540815,53,3410.3155799360025
313,0.303586396538375,0.2262189609484103,1.3420024354528288,189.97532868973144,57,2352.4750255439067
314,0.2685149842437662,0.17163846398786056,1.5644219716552428,390.1650488934331,55,3151.1297084267876
315,0.29841985872127086,0.22245850010930515,1.3414630529947924,189.45160981688468,58,2349.524381481946
316,0.34766070228830565,0.20246368691086078,1.7171509004544165,539.6610418779518,40,3546.6376635531565
317,0.2782998703274955,0.16005261080907907,1.7388024407766098,556.0724952346004,49,3583.4834065969426
318,0.2694117578091073,0.17274831634825547,1.5595622782567746,385.6301021280434,55,3137.1532533903774
319,0.26794415436854035,0.15141483672560638,1.769603033381122,584.3978756593137,51,3645.13809519257
320,0.30341350892676633,0.17743113267832672,1.7100353491900375,530.3231534314648,46,3524.8238680088252
321,0.34742949311027377,0.20533589667986082,1.6920056294489563,515.2898426017209,41,3490.2050646199186
322,0.31974173929101946,0.16262794929584087,1.9660934093768143,771.4268877079488,40,3986.299073963236
323,0.3368461197262944,0.19908786945237789,1.691946981264313,514.8829494165741,42,3488.623711885919
324,0.33727197349985344,0.20740642196263323,1.626140455576718,451.83646509739197,43,3328.4853053468833
325,0.296939694493051,0.19404687981360103,1.5302471999461549,359.0706365851746,51,3052.7359889955674
326,0.2684363670390082,0.15513767171835777,1.7303106593370612,547.4974750315849,51,3564.0654015916894
327,0.3441063596768103,0.19777291872656877,1.7399063627743445,561.203865464666,40,3595.0548754212455
328,0.33221156452994305,0.190070744225194,1.7478311345818796,567.6763315945002,41,3609.952983234017
329,0.257408217025564,0.21294457069519984,1.2088038506227408,88.83221326103336,78,1646.073410531019
330,0.2553609074292533,0.1649197584473655,1.5483948668937222,374.4956105534828,59,3102.3270480824135
331,0.3062839597084564,0.18038355118422278,1.6979594741188657,518.8479328355534,46,3498.151570081967
332,0.349391812271022,0.16184515622114615,2.158803021535047,945.3169613952941,35,4228.753338969884
333,0.3264443445326194,0.21063176512429627,1.5498343487744157,378.5930211693109,46,3115.5466435405024
334,0.32907408298434193,0.17256871370650345,1.9069162417471295,717.7527294208796,40,3898.46336944324
335,0.3022572535130218,0.19505144648887543,1.5496283619217393,377.428413986056,50,3112.0331871944163
336,0.2942721004019328,0.236016666582618,1.2468276273147108,115.26522871238129,65,1880.1931115550053
337,0.34900312604667977,0.18053802443193603,1.9331280883615525,743.5140386751991,37,3942.0506366692457
338,0.31210273210721484,0.21096309122451304,1.4794186523132904,312.1080659303985,50,2889.9018540763204
339,0.3240089305484545,0.2447590200325378,1.3237874972100367,175.16150711620799,55,2271.444516676603
340,0.2707787905823551,0.1711025195305393,1.5825529122849944,407.3610705401492,54,3202.9032725904335
341,0.3160428137192036,0.1657057093380877,1.9072536183673952,716.8383643120715,41,3897.059279376487
342,0.26738135483264347,0.1575064868901168,1.6975894778173806,516.447791893104,52,3491.9349410408367
343,0.25026757226028856,0.19505037046177023,1.2830920119136142,141.94256920055315,73,2060.0390642102348
344,0.3093811195119563,0.17912592890310275,1.7271710545005152,546.9178598375852,45,3563.080156048241
345,0.27314762345560256,0.22069558298790332,1.23766692453729,108.58409759982067,71,1823.9006849874709
346,0.3202987558093717,0.19540313264070433,1.6391689912071064,463.4935351360555,45,3359.5128080712016
347,0.31873849200712423,0.24239110444825487,1.3149760290611978,167.91145318808844,56,2229.725957920237
348,0.32878280266467313,0.21250580071642217,1.5471709551280275,376.15391109481055,46,3107.883900768556
349,0.31611830428533677,0.24336684584455132,1.2989374258778654,154.96972353628888,57,2152.4350990545477
350,0.29251389661042115,0.20445623787105788,1.4306919644823828,267.0873484965007,55,2714.060379249197
351,0.31476347234024804,0.2408411445212606,1.3069339666439836,161.36393851572745,57,2191.0456340310316
352,0.332663115965006,0.1571409836855814,2.1169723401415217,907.1508920353072,37,4180.568416481999
353,0.2665922789220725,0.18076118126142326,1.4748314713462578,306.5908754688348,59,2868.8944340692533
354,0.3248957722069623,0.20692070493190923,1.57014626600018,397.7924860768636,46,3174.6298472256394
355,0.27886105883058415,0.1624353658174708,1.716750889975163,535.1289901300521,50,3536.21219177527
356,0.3188677991212093,0.2199733684975717,1.4495745612257118,284.866516830625,50,2786.152576221725
357,0.34426762407440403,0.20004721771179257,1.720931828056661,542.639335046882,40,3554.4295421583024
358,0.2993795219345084,0.1580441851899301,1.8942773603136875,703.4420090462982,44,3873.845935621478
359,0.2539860784183613,0.19320286641607726,1.3146082308705644,166.83504890541604,70,2217.736174033236
360,0.28223215833583,0.1750367902412004,1.6124162123112207,436.0971807144949,51,3285.5165779752506
361,0.2591326886630985,0.24619111021928367,1.0525672045277659,15.936749304524929,70,550.4295387810498
362,0.33359586139061814,0.20751991092199304,1.6075366450789255,433.82146041087,44,3279.140075489545
363,0.34507862778063525,0.24995724168774514,1.380550631182428,223.68274162634646,49,2522.0183364461736
364,0.3172281584303239,0.17695110259670538,1.7927447400727885,609.6146328250553,43,3697.507713259951
365,0.2540231673144616,0.22562688304125572,1.1258550572097106,41.77375765033839,86,1076.2149164771097
366,0.29705008232516333,0.21515094894336861,1.380658945656577,222.87524825850386,57,2517.919977438783
367,0.3416072787926767,0.16814891472231258,2.031575876399915,832.9712203152731,37,4078.785115173003
368,0.30853296252778545,0.2134784719454087,1.4452649942458102,280.70398974247865,52,2769.4759318325314
369,0.2991725802191013,0.1591242406293827,1.8801194527985594,690.5076706174249,44,3850.6686668016728
370,0.28479610562946506,0.1833308393665092,1.5534544357815856,380.29296358988876,52,3121.2206590823553
371,0.3170133509521185,0.23577330944003527,1.3445684403592137,192.35292065281212,55,2365.2012705459574
372,0.28298036635789653,0.21936736739834323,1.2899838736909315,147.6013493914839,65,2104.097789826732
373,0.27882177953614556,0.24451935395632107,1.1402851145515132,48.838061649144024,77,1207.7031492269487
374,0.33135660347379725,0.2050096608971783,1.6162975053160433,442.13175450276964,44,3302.073882511853
375,0.2954825908601729,0.1814517157170168,1.6284364669276157,452.01436498126014,49,3328.9727975771802
376,0.2823273786275995,0.24701847268085772,1.1429403459730725,50.1985436574817,76,1229.0960281716248
377,0.2904175057000746,0.2014596252329105,1.44156679217644,276.87145504498034,55,2754.034045900396
378,0.3488119214781754,0.2157660386483129,1.6166210570641295,443.1955430906829,42,3305.167495827191
379,0.30425935943571947,0.19132475707993216,1.5902769933145933,416.03356799776714,48,3228.60623398115
380,0.2687582541394527,0.18617793591516751,1.443555880122729,278.08178663066235,60,2758.663345268002
381,0.3256443154055574,0.2125408742145009,1.532149129474785,361.7729839998852,47,3061.967446039986
382,0.3259990536061017,0.1703558238350274,1.9136360957157488,723.8762964299799,40,3908.582602899963
383,0.30492196390853316,0.24276727608444476,1.256025807211629,122.04065604690183,62,1931.7018188564568
384,0.29381160950723784,0.21982500291221724,1.336570479312427,185.28637065604119,60,2327.007664282103
385,0.26214260833626196,0.24731468158216943,1.0599557076807267,17.702775271053536,74,602.5061869206338
386,0.3108871667081965,0.17392974623276503,1.7874295423403046,604.0188167854217,44,3686.347427012433
387,0.26583781638052323,0.205083900700267,1.2962393219204902,152.33346790805064,68,2131.648955365978
388,0.3052251409053733,0.15932092012815224,1.9157882132482082,723.7036061417338,43,3908.8547308557536
389,0.34922571393952195,0.2412929878484168,1.4473098329691612,283.5792371044836,46,2781.087410653704
390,0.2961447894178783,0.16174661490895575,1.8309180045874398,644.3449758992547,45,3765.3710478012854
391,0.3332143173768901,0.19983755047071952,1.6674259496876347,491.0789114519672,43,3430.659021867884
392,0.3216603325991791,0.20088720150695116,1.601198733350113,427.0235601688363,46,3260.5963729370196
393,0.2773424896713274,0.23347239455766944,1.1879027077131457,75.63491203553112,74,1527.4229801858887
394,0.34802446326033754,0.17437309060751383,1.995861070351075,801.3452328015919,37,4032.2753813982727
395,0.30512650768804694,0.188358601324715,1.6199234096139499,444.14627155074476,47,3308.1954112233434
396,0.3421868149931562,0.2008240891592894,1.7039131930121234,526.7134911695023,41,3516.505525065482
397,0.3379326255146476,0.2364026934428588,1.4294787449041046,267.07050869753107,48,2714.183125910537
398,0.2776247402822041,0.22900061820031134,1.2123318376344305,91.2609655694405,72,1678.2388857961994
399,0.2914942423551345,0.24342483936825202,1.1974712322359318,81.67342811722774,70,1593.0494673085805
400,0.30077376758096563,0.23205494731855783,1.2961316750901792,152.58698669002413,61,2137.080149709353
401,0.27828389832828265,0.1798555849771767,1.5472630353046655,374.3992712708425,54,3102.042326031047
402,0.3086937722414161,0.24989023332293386,1.2353174757434007,107.15957384895123,63,1818.7904609707264
403,0.2989640346655701,0.16485954183827892,1.8134469581314419,628.0720663542585,45,3733.9070174381686
404,0.3038580577703874,0.18451239416930076,1.6468165140796995,470.0055098766346,47,3376.483617329398
405,0.3051917417070811,0.2043430062958673,1.4935267286084426,325.0121447659728,51,2936.4401236123126
406,0.2955344616866501,0.18217773502290374,1.6222315073216544,446.15402717856307,49,3312.959773613225
407,0.26886523737071055,0.2197498427620571,1.2235059374392139,98.72935782147451,73,1740.7506527488345
408,0.3071797641984901,0.1733562446057893,1.7719567293177951,589.3045297283827,44,3655.442896141673
409,0.32755444750992585,0.1543647299097302,2.1219513531457217,911.8059998051096,38,4185.398654157209
410,0.3244705151565196,0.22052278810250026,1.4713695484645506,304.9637698129088,49,2863.6569513333147
411,0.3311408902564877,0.18860787524909822,1.7557108356114146,575.1022655440887,41,3626.052185605719
412,0.31636888294845344,0.2320747551709555,1.3632197207981693,208.18577115241857,54,2446.50217380111
413,0.3480818138659785,0.19953286496164235,1.7444836164352813,565.766221911887,40,3605.2203366947983
414,0.2537019611345576,0.2002291150132966,1.2670582952819327,129.81766696599828,74,1977.5445584223073
415,0.3090180429309567,0.23697003133622155,1.3040384946082522,158.95415241096927,58,2176.529938004318
416,0.33741903740543083,0.19403062097706772,1.7389989049476373,560.0319271652841,41,3592.2007783607464
417,0.3025951086807561,0.19569280744742423,1.5462760876485089,374.29791425719026,50,3102.079579688834
418,0.32224438275706424,0.19099786197463645,1.6871622510615154,509.4237623087898,44,3475.6200859172077
419,0.31547813264277336,0.16543612187715487,1.9069483076799436,716.3636374174943,41,3896.4923957819715
420,0.29694906009847316,0.2469203630574217,1.202610657223994,84.9957063808702,68,1626.0206848424323
421,0.28385612340514316,0.2192704598586882,1.2945479458932956,151.19990504214888,64,2126.9386710515564
422,0.31498366525792726,0.23517652923506915,1.3393499184737412,187.89180227040112,55,2341.690951236797
423,0.3352341336565893,0.23593421841682666,1.4208796668244568,259.24780563443574,49,2681.3767058212106
424,0.2880009397522655,0.18166611539333996,1.585331084603705,410.75162215769797,51,3212.8702865386085
425,0.3218717425222983,0.22594018093343637,1.424588318875092,262.24027413820176,51,2694.1559387678612
426,0.3372383017398536,0.15358990998376865,2.195706096679742,975.8478693985239,36,4264.8499832548
427,0.2568420747181551,0.21311610168546405,1.2051744222368792,86.46646877747077,78,1623.2501590982708
428,0.34209290987802965,0.24974259229562154,1.3697820092821515,214.26000876770533,50,2476.718718368423
429,0.32467663667379265,0.19339714719231257,1.678807786915992,501.3744702880805,44,3456.494686059723
430,0.2598443126383198,0.21337478287807912,1.217783606541702,94.80612897685691,76,1702.150212751383
431,0.337257923260709,0.19436785516617058,1.7351527749914084,556.332349854134,41,3584.03738212737
432,0.3194001162793234,0.2403424062050486,1.3289378321644436,179.34128867756112,55,2294.805511223105
433,0.25459909686772125,0.22961434651622117,1.108811800005428,34.23553034326519,86,949.3922242432498
434,0.27933677759652087,0.18748410897753148,1.4899224212650322,320.79764493632274,56,2921.475641349754
435,0.26455697956993984,0.203116631814876,1.302488019843996,157.26104491475706,68,2162.0810496312356
436,0.3065928061915937,0.22925194738809532,1.3373618400395517,186.1735885823158,57,2331.937691454043
437,0.2669983649068097,0.15789683506599947,1.6909671735675182,510.04754974407336,52,3476.7981295188083
438,0.33708395986448547,0.21197103685374152,1.590235934436038,417.4065900144896,44,3232.6025971914096
439,0.2740829791856313,0.2412829016023555,1.1359403313100558,46.6572666375291,79,1172.6772917665824
440,0.26431177201285094,0.19611499133549976,1.3477387435450303,194.22262487481788,65,2372.6946664331613
441,0.27539773394135425,0.1755326708159154,1.568925788351784,394.6838788514115,54,3164.9828267524445
442,0.2509397431454871,0.23046330769751464,1.0888490044360901,26.512042817636882,86,794.6295512169128
443,0.34012094235988827,0.21776108856990795,1.5618995321595257,390.57444616370213,44,3152.6834978603783
444,0.2657975622071787,0.19417297836038144,1.368869986192741,212.1811934889882,64,2464.5738835354714
445,0.28455656244430816,0.20875717051264214,1.3630983872100129,207.5648747572623,60,2442.6524287456214
446,0.3138938702360012,0.19243089384608977,1.6312030982252779,455.5790780755903,46,3338.458571353311
447,0.2750098224407701,0.23453039251425986,1.1725978006200157,66.45180781122585,76,1426.8281161640066
448,0.2699216999108892,0.18846932489673454,1.4321784197974061,267.92122716309353,60,2716.8923711202874
449,0.2983208061059216,0.17372057019275747,1.717245147047985,536.5519064619107,47,3540.003024857572
450,0.30719226923507387,0.2074811930178645,1.480578864844989,313.0756208791769,51,2893.300130073913
451,0.3492692043626897,0.17952307538832693,1.9455393330756194,755.2885320537346,37,3960.715360502926
452,0.34779444845768626,0.21582298159286806,1.6114801393753855,438.2629254270266,42,3291.454671612965
453,0.27744803801782275,0.2065929016955699,1.342969849112547,190.40361814513608,63,2353.6578381504432
454,0.31857994927340116,0.2244668841165325,1.4192737183807016,257.3943371674137,51,2673.6017808811916
455,0.25490442507759997,0.21064064930764745,1.2101388118363794,89.69645261731534,78,1652.465042788449
456,0.29967272865238703,0.24041552908937253,1.2464782528294422,115.0541012430289,64,1879.2122448062355
457,0.2786194151459194,0.22988601195075986,1.211989423721866,91.0320265464686,72,1676.577301095638
458,0.31070649981642656,0.18523209558353165,1.6773901889821863,499.2614466908035,45,3451.279327404092
459,0.3136617878005892,0.2120891163130304,1.478915058223185,311.7217520265526,50,2888.3598334447356
460,0.31777644586233594,0.22209283766707089,1.4308270775426803,267.8348369707878,51,2717.2173470647604
461,0.31591815403167534,0.23383371169625167,1.351037674336927,197.78116657080383,55,2393.671059346014
462,0.3128248103686898,0.24034037040729678,1.3015907807687743,157.08234007026945,58,2165.045529823625
463,0.31463406088905227,0.1808932883952636,1.7393351830807362,558.8872167965488,44,3589.7111781419894
464,0.2940823190162811,0.20795738053684026,1.4141470634853643,252.30950718287815,56,2651.374196199357
465,0.3232359767939238,0.15901333757462188,2.0327601553689507,832.1981759962651,39,4077.5467052267154
466,0.27951104516291553,0.22474808649383715,1.2436637371352215,112.8873845113319,69,1859.4300893392801
467,0.2675640070444307,0.16321597977467836,1.6393248223231942,460.9680219617785,53,3352.9063340541898
468,0.3039407758984421,0.247148958121134,1.2297878097850325,103.25058420519862,64,1786.8562665696306
469,0.3030852373702785,0.2413486974481697,1.2557981069500774,121.85779582433912,63,1930.2283530197692
470,0.3330472619567397,0.17569700845632624,1.8955773059706176,707.1170766262284,39,3880.9354144565064
471,0.33246898125424074,0.19818478298737413,1.6775706804665298,500.65540235459065,43,3454.6412042612687
472,0.33064884937937666,0.2246559350717045,1.471801086732215,305.576473527156,48,2865.809090784852
473,0.2838715253801886,0.16151697074497592,1.7575337382249574,574.2963985027834,48,3623.084501935109
474,0.3462893292868877,0.16407570150058826,2.1105460840321086,903.8817104901304,36,4175.329186664838
475,0.3466500209462752,0.23601405968988218,1.4687685191372348,303.1960168595144,46,2857.004482802975
476,0.32242167120755183,0.24799422427819034,1.3001176626027857,155.9983839676096,56,2158.767765220022
477,0.34672697473000325,0.2304587644020562,1.5045076529400574,336.4636225058195,45,2977.062118981924
478,0.2865775049405566,0.22906819685889374,1.251057584030701,118.25954128228987,67,1901.770251740905
479,0.25139186551009013,0.2036572308269059,1.234387134153637,106.14008811589245,77,1794.6627903986441
480,0.29547860277338744,0.21728283818737537,1.3598800772225712,204.99482339971954,58,2430.0835203274473
481,0.3172340797351013,0.20845600916521662,1.5218274637680036,351.83349358946043,48,3028.9437322815347
482,0.33224173012267744,0.2440291891779554,1.3614835636748113,206.91586932753214,52,2440.488077808119
483,0.26083461021992305,0.1733821902211583,1.5043910212877947,333.7361450614762,59,2966.5421982070193
484,0.25250246496464823,0.2384234845214852,1.059050309039059,17.471777747625087,76,585.8149647402796
485,0.3061407382249879,0.24152559087431594,1.267529196872128,130.61253119950837,61,1992.716439234591
486,0.27213672000739897,0.15632170411601953,1.7408761089594016,557.6348308252194,50,3586.9652602484475
487,0.33238553513904473,0.2409387638427892,1.3795436227767977,222.56666736718614,51,2516.7084662581365
488,0.280219017452925,0.19082958557954127,1.468425436244133,301.1165626799704,56,2848.535398636935
489,0.2639777012507221,0.24462615328819462,1.0791066192326926,23.222487340289625,80,740.1046770011512
490,0.2804364584356005,0.1992624618978206,1.4073722454528588,245.99509974152932,59,2623.473788972235
491,0.25971919986218217,0.23872593085285024,1.0879387879411897,26.197359973777555,83,799.9628888527077
492,0.26356640487063365,0.19536437568888926,1.3491016667765143,195.3411071524394,65,2378.586307920317
493,0.3170486218850171,0.22431401215231717,1.4134142528275488,252.16323538584714,52,2650.903964466001
494,0.3445974085779432,0.19191267534147227,1.7955948348111834,614.0891933521481,39,3706.9144975375566
495,0.32422690147653155,0.16545229024098349,1.9596398514900621,765.9299068261049,40,3977.6564668749133
496,0.2914884527436807,0.15990216347105285,1.8229175041552765,636.4067148095661,46,3750.2170254352764
497,0.2989347037789614,0.19081158856977004,1.5666485773722085,393.4284727119999,50,3161.4069661364992
498,0.34515215253810594,0.15327162868550467,2.251898511800364,1024.8819050744478,35,4319.779672886596
499,0.2870529958734435,0.19433830860607015,1.4770788010474505,309.1653343076995,55,2879.1172597351356
500,0.3450555169851427,0.23554501933059546,1.464923851779033,299.66227333517463,46,2843.420940931359
501,0.25993546246061305,0.2185680265481285,1.1892657245700824,76.40469104090934,79,1524.99484846201
502,0.30444658614821446,0.24778425294520467,1.2286760862706645,102.48371917082142,64,1780.6240448353105
503,0.2858673841212318,0.1898139642744373,1.5060397964604875,336.03738218705405,54,2975.0761805852762
504,0.26898085621610796,0.16221597190872636,1.6581650564437311,478.9701112710467,53,3399.673163924399
505,0.3348033188463681,0.19547173685705171,1.7127965619459833,534.6536446120202,42,3535.2689119633287
506,0.3162768738061978,0.21417044672332175,1.4767531125094175,309.72897977783055,50,2881.2719660271496
507,0.3097145959519545,0.15213574547363706,2.035777949407844,833.4740894194674,41,4079.39801226617
508,0.32867945904546164,0.17435688971640237,1.885095906333672,697.5655554177554,40,3863.2305413609315
509,0.2625923885308043,0.20645779759079633,1.2718937797218388,133.53550798277496,71,2006.6154441235785
510,0.2568610152824356,0.22651573758885846,1.1339654278178937,45.653678918613295,84,1139.8911558937193
511,0.27071573703466584,0.17159513519186748,1.5776422608482903,402.63726607353544,54,3189.12506540838
512,0.33696954267695445,0.18285595534322305,1.8428141541491396,658.2092150595747,40,3792.512947811871
513,0.26475541799414437,0.24005310356317583,1.1029035411927826,31.83204726065146,82,918.3257525759784
514,0.25028355514800166,0.23584061263801764,1.0612402687918383,18.026207578974713,78,597.7876073261951
515,0.2644687980320508,0.16299921314434368,1.6225157958146148,444.853777142942,54,3309.5622004330626
516,0.2750654196728124,0.16744971209013934,1.6426747842047216,464.64776995621025,52,3362.3296898703074
517,0.3161057642597317,0.15257801497861984,2.07176482341854,865.9704019735793,40,4125.22540083438
518,0.2514860327230709,0.22899846642347538,1.0981996371015446,29.972407533445317,86,865.093322959699
519,0.2737931606090463,0.18237714619620224,1.5012470932871065,331.2058619300197,56,2958.0617874648674
520,0.26742462014061774,0.15523990178611766,1.7226538864283938,539.991290684402,52,3547.4481039551833
521,0.3241718056954149,0.20260855265978672,1.599990728129592,426.1691677915362,45,3257.6460571673447
522,0.32456652750339954,0.19762459654232503,1.642338722922516,466.63742523927453,44,3368.0382099108706
523,0.3278017039314203,0.20132379576091916,1.6282312912513293,453.36651426708664,44,3332.6457648885266
524,0.26090540100038456,0.20038386897858212,1.3020279642782586,156.85719953184847,69,2158.8686945849986
525,0.3445415642970106,0.15433650368991716,2.232404881927616,1007.6621224345138,35,4301.560918015726
526,0.32832269959803795,0.23669809077598383,1.3870948368095188,229.09462432038558,51,2547.385752163661
527,0.3021451214713084,0.19580425220976821,1.5430978544205236,371.3398941483033,50,3092.4915746442116
528,0.34640261831220287,0.15608254074945058,2.219355327308908,997.3058186897213,35,4289.3966002677735
529,0.29789819109983634,0.19016172545125604,1.56655178844702,393.34903321368597,50,3161.000494039025
530,0.31860974960622324,0.19902688541442254,1.6008377408047159,426.7976952253364,46,3259.234934714081
531,0.3409700829115229,0.15734907157664504,2.166965966147666,952.2255142669657,36,4236.066396663794
532,0.2580790477410792,0.210829742363344,1.2241111944077878,99.08131746144439,76,1738.7333892424556
533,0.2565682233320114,0.17750159995579531,1.4454417503611612,279.5749795530005,62,2763.742570331952
534,0.31330767243010155,0.20483564340483607,1.5295564151932384,358.80829087556174,49,3052.535110559321
535,0.2825185443318668,0.24946277558609237,1.1325078207284136,44.99060223932341,77,1154.9422606046378
536,0.30305568374313246,0.19537154175754717,1.5511761898220546,378.7997449235533,50,3116.723110234124
537,0.3105426791535313,0.1599178461679042,1.9418888297650032,748.1832072840721,42,3949.4781830866086
538,0.3201779418546066,0.2352792737295575,1.3608421038507459,206.15416892994784,54,2436.652086116947
539,0.31509166648813053,0.22689627301047385,1.3887035794262934,230.2564964328124,53,2552.6909481197054
540,0.3220839916657599,0.17150230663274968,1.8780155088844472,690.418025267241,41,3850.5631244696065
541,0.29515549159652815,0.17284935743645843,1.707588017531572,527.4935805481647,47,3518.247328980524
542,0.28389316188351754,0.19534989029074473,1.4532547802355629,287.35896142458404,56,2795.547089906288
543,0.2915989650261495,0.1595085839275631,1.8281082926456926,641.191643474094,46,3759.647544338344
544,0.2926764006260958,0.21651078630603088,1.3517866967256187,198.0789167453846,59,2394.6064514748205
545,0.2874301023435537,0.16526389247687237,1.739219003230108,557.091636339243,48,3585.6494962001516
546,0.34229850357343844,0.15671333081366476,2.184233477753326,967.519329927072,36,4254.046207364963
547,0.33317718884748543,0.15932301017036773,2.091205711536654,884.705239591441,38,4150.98135823036
548,0.25965644325657855,0.22387959984887157,1.15980394565587,59.13304535216459,81,1327.6611654609865
549,0.3311769285277392,0.20563707356153502,1.6104923241316091,436.56598925346736,44,3286.7073961508845
550,0.3086465082739477,0.20615864139920725,1.4971310742986617,328.45122765853495,50,2948.7102667242243
551,0.2829645981416205,0.16222312853545592,1.7442925721887739,561.4327566868764,48,3595.650865552931
552,0.2853598079633768,0.21653405200029152,1.3178518820817735,169.82137888436742,62,2239.607644734366
553,0.32502842502514784,0.23680921488690648,1.3725328432864083,216.32984957493923,52,2486.7897889112555
554,0.32210606787461493,0.24683986253114745,1.3049191673163,159.84342971178322,56,2182.0166052336463
555,0.3100410091224677,0.1851646185693149,1.6744074084888214,496.47777345037645,46,3444.158630834217
556,0.3077918518389855,0.1712738805672006,1.797074082864731,613.2549483274643,44,3704.4296048710426
557,0.3156736302988152,0.17242448691075657,1.8307935024460966,645.4360029828792,42,3767.991383635894
558,0.26082183819272664,0.2345373418601345,1.1120695584086,35.619562030687376,84,982.2763155795977
559,0.28675610506153504,0.22626056319368498,1.2673711274026322,130.32607303073604,65,1988.9740038666346
560,0.30741000043314626,0.23072213711523443,1.3323819043840166,182.03996357527404,57,2309.434157304396
561,0.3345155161328358,0.24745466021257082,1.3518254853049734,198.73155490806832,52,2398.7745892860585
562,0.33184268595406696,0.21135732805354648,1.5700552661698866,398.0034316742484,45,3175.2191490779715
563,0.3142699163829831,0.15262538314535834,2.0590933821517536,854.9206378606667,40,4109.443096175002
564,0.3429084290994936,0.2329460789959663,1.4720506590086515,306.1851925187846,46,2867.9795468106654
565,0.2767447725154111,0.16804160719608544,1.6468824425874564,468.48483231102057,52,3373.0347698455626
566,0.3202698772865604,0.18089846888299102,1.7704399559828103,588.5799827468691,43,3654.2850845255466
567,0.28398246567772584,0.15061057894036586,1.8855412924889456,694.3377504493996,46,3857.3532855887197
568,0.3369862706536438,0.20663210947613764,1.6308514272442238,456.33308110662296,43,3340.5628412524743
569,0.29007843439995157,0.16418746541512685,1.7667514000933362,583.4080011165848,47,3642.6091882240535
570,0.31331720126555135,0.1530657098380906,2.046945730673259,843.8166346508724,40,4094.1383441201006
571,0.3246111762005707,0.17151328800335108,1.892629894625006,703.6884336143048,40,3874.9164958140036
572,0.2919832493764503,0.18408959817693327,1.5860931430564462,411.51832971191743,50,3215.491351133605
573,0.2870053092477004,0.22215959677426733,1.291887964395802,149.12793707762302,64,2114.246355142318
574,0.3276835619966741,0.20675935566143971,1.5848548228852242,411.9287624011807,45,3216.5112165583764
575,0.25849570399771793,0.15526088264255217,1.6649119829676424,484.7751578058661,55,3414.4856513534546
576,0.2657409897107153,0.21178381819260306,1.2547747603126214,120.81954980310104,71,1916.2037565727226
577,0.3173968710613113,0.17721028435462188,1.7910747799837452,608.0490996706188,43,3694.3214095280714
578,0.3161938692808261,0.19856617048909964,1.5923853922447664,418.35954249721857,47,3235.9030050589517
579,0.2942044186697779,0.17731668443647694,1.6592032475949865,481.2482740340902,48,3405.6150578335833
580,0.32549431436683707,0.16138175081102016,2.0169214470104153,818.278284598635,39,4057.2073043909477
581,0.29299136333978903,0.17832464700804493,1.6430222532646934,465.82799916576664,49,3365.593884078619
582,0.3178486254760133,0.19866327533642508,1.5999365002804595,425.89646220274955,46,3256.7003790661615
583,0.31671325587363497,0.15454173626044274,2.0493703742262306,846.3638155416578,40,4097.697540665463
584,0.2895263396087629,0.20993249569444505,1.3791401786132529,221.4504434765645,58,2510.815518380986
585,0.2507687085899883,0.18014193620184368,1.3920618034715104,231.9769559173386,66,2557.860219226602
586,0.2711233979220312,0.16372348052573268,1.6559835953366402,477.01559332776367,52,3394.6576177108363
587,0.2755519504021459,0.18281223559378412,1.5072949001861835,336.85211342349106,56,2977.858553539162
588,0.2507729906569312,0.22470141234297678,1.1160276566226457,37.32123605351819,87,998.0236144139925
589,0.2675694801875842,0.18802074457152362,1.4230848877731148,259.7024123510659,61,2682.368711548542
590,0.32036712633826636,0.2000262346556213,1.601625541218791,427.52494308228256,46,3261.5854748321567
591,0.3333354202419878,0.2306200186566764,1.445388055137675,281.3957393602708,48,2772.4891644765053
592,0.2572075496592158,0.23617643620225887,1.089048314028018,26.587712969042506,84,804.8982583422587
593,0.25423022615627916,0.15187415365856458,1.67395320422872,493.26377957355646,55,3435.3861641849276
594,0.3421162434502412,0.23621100136120665,1.4483501677683823,284.3527868641598,47,2784.1285876972606
595,0.3075759160736831,0.2073399680885843,1.4834376551185435,315.71125124333514,51,2903.010957966258
596,0.3209498961568934,0.19176939598434806,1.6736241698497547,496.4861501784451,44,3443.774064066022
597,0.2615173372663798,0.1520856559024749,1.719539792984015,536.8589129017977,53,3539.834607820331
598,0.2824768179445514,0.23013221543104523,1.2274544761821502,101.50912947055393,69,1768.655119908586
599,0.311812526330424,0.23320259130717072,1.3370886000134945,186.01447983547652,56,2331.2098297734187
600,0.34197697517413844,0.15881298812978847,2.1533312810326373,940.5652015039344,36,4221.836785122092
601,0.33444843598146967,0.17433164748227337,1.9184608234455969,729.0772334946745,39,3917.365093268339
602,0.3088871288302912,0.20239625430006317,1.5261504215999455,355.5658648648962,49,3041.4659612256514
603,0.2895766696859333,0.18102745618358612,1.5996284530025309,424.221847080954,50,3252.2750369173796
604,0.28395132811484636,0.1833068622493132,1.5490490897642881,376.2629678515959,53,3108.071993642795
605,0.2668132708045687,0.20104832845421483,1.3271101175324154,177.16112376557308,66,2279.7211998098014
606,0.26140266398385525,0.2009952062322972,1.3005417834778759,155.68659043472485,69,2151.7113909904897
607,0.340592273158005,0.18493752654723802,1.841661232940782,657.6295641807999,39,3791.0102163453507
608,0.32273791056739043,0.2318948601524852,1.3917424058263745,233.06407904994944,52,2565.737646920803
609,0.3315037005750014,0.17362688489467243,1.909287843159209,719.6608696277036,39,3902.571905564815
610,0.2646444218277694,0.16972718028239833,1.5592341862242942,385.1487887156092,56,3135.5580942008164
611,0.3102398985273166,0.2260215295546892,1.3726121539773473,216.137222080908,55,2485.7381540225933
612,0.3155509010518739,0.16771461289472292,1.8814752966692898,692.8791332922285,42,3855.3269875119718
613,0.327284808924756,0.19941170250173887,1.6412517661640347,465.83408819940803,44,3365.6682262466593
614,0.32544458252469854,0.22598771496077485,1.4400985583715762,276.3034332066472,50,2752.3544089147777
615,0.2948905256995063,0.24241542583856593,1.2164676595122523,94.10373822526596,67,1708.1246518214507
616,0.3064491783402799,0.21352983190605934,1.4351586174389892,271.4436715914155,53,2732.1745386871844
617,0.31245217794418945,0.2364246874831416,1.321571707550503,173.20675056460266,57,2260.094223494274
618,0.31272174068997716,0.1650957401393077,1.8941841892837619,704.6901525191751,42,3875.6699911030128
619,0.2568286258495756,0.19422080638362849,1.3223538231134877,173.14015184417747,69,2255.237927486198
620,0.2802820435139013,0.1774673667486159,1.5793441275934594,404.6205467350919,53,3195.159227113642
621,0.2556172120213078,0.20073368852897783,1.273414611640572,134.6145203871235,73,2012.0039262015127
622,0.28104078506063107,0.19519138637006822,1.4398216554894427,275.09132765036304,57,2746.5579342276087
623,0.25568900508339526,0.23316966316631216,1.0965792102252205,29.357174721925155,85,859.015589645798
624,0.2576731001173455,0.23642500339252392,1.0898724602725054,26.88207626574531,84,811.6470278831906
625,0.335529337145609,0.21150083884155735,1.586420833994733,413.7569783781971,44,3221.84459615061
626,0.3007067817333955,0.19627116589272722,1.5320986165525097,360.8112640753178,50,3058.8807148844126
627,0.30543163713383037,0.22918177972653586,1.3327047093284523,182.23388012867807,58,2310.708100461534
628,0.33958767655568023,0.19497337036509063,1.7417131166158593,562.5795871529107,41,3598.218135769557
629,0.3309815917697971,0.21518374546486096,1.5381347278567825,367.66500439369656,46,3080.8978646161413
630,0.28215267628804286,0.19756290279430694,1.4281662817123453,264.5605085342841,57,2703.41778393636
631,0.26508610766956386,0.15618737001011007,1.6972313936293615,515.7363764691846,53,3490.797878040381
632,0.26035018772703916,0.23991268339557736,1.085187260807565,25.242559240865553,82,780.3868502296092
633,0.2843437775838268,0.22143155491674626,1.2841158871450558,143.06707166625637,65,2074.823847524756
634,0.30045490015009574,0.16725589114363648,1.7963785795268057,612.1091606148364,45,3702.0484000584543
635,0.27477437235982843,0.1937758274309233,1.4180012853139758,255.3210127452445,59,2663.943254967564
636,0.2939421791762624,0.20227480352655455,1.4531823739365235,287.53384150700504,54,2796.433189614097
637,0.26587462079815416,0.1872851982101327,1.4196243127545225,256.60206794886807,61,2668.946121246195
638,0.27828935786144177,0.19087693972473202,1.4579516952795304,291.49579871204145,57,2811.5884904601994
639,0.28383671468414196,0.20978858623829894,1.3529654771672455,198.91287595721727,61,2398.7099321655433
640,0.32892269315636646,0.21473053569693068,1.5317928215882899,361.579871570707,46,3061.254264946776
641,0.25659118542797177,0.15945059475150944,1.6092206230265111,431.9286382719888,56,3273.560662803008
642,0.3178379344840081,0.17841469738781138,1.7814560074786843,599.0703328253613,43,3675.7107872792217
643,0.32237336550024615,0.2156564086410478,1.4948471391676788,326.73809308325434,48,2942.7252674998836
644,0.3406342697163677,0.2373279662060539,1.4352892124842158,272.30356032627753,48,2736.1327642516685
645,0.28333620360605566,0.20827395145864197,1.3604015366382445,205.21259997235882,60,2430.9186399727946
646,0.2641428380584318,0.1849820787535844,1.4279374512289802,263.9921305987603,61,2700.2094450363325
647,0.34676965076927446,0.2198479962811881,1.5773154935910907,405.5150044361461,43,3197.7151607781257
648,0.28919579843353604,0.20950412281515748,1.3803823740914607,222.52182302546157,58,2515.9191174318444
649,0.34380021995657606,0.18095818874159608,1.8998876057911613,712.4573230869628,38,3889.4657628958103
650,0.28766793060563,0.22916619578635436,1.2552808219315874,121.37028293135066,66,1924.864034042492
651,0.3313184783814801,0.21701163999947226,1.5267313697195497,356.9447580099569,46,3045.879743714683
652,0.33289589728944646,0.22387746721294827,1.486955795210966,319.7378255394284,47,2917.626853800319
653,0.31854144402775764,0.2026393339734174,1.5719625493318314,399.1789713761194,47,3179.0411189629062
654,0.3146024820733488,0.19234063663221038,1.6356527023196086,459.7941844264329,46,3349.8792240744533
655,0.28618280963467846,0.18625976689820445,1.5364714259042556,364.505389305785,53,3070.5046035009605
656,0.2680262922876845,0.17141926612089003,1.563571577180037,389.292671668868,55,3148.607308823358
657,0.3447668267534347,0.19862709208727272,1.7357492531882364,557.2770841895668,40,3586.358152212535
658,0.2726543046533887,0.16375653531770792,1.6649980052668165,485.7336844226494,52,3416.6840749391067
659,0.25771650843008764,0.23444283886858833,1.0992722561875514,30.393311863919234,84,882.0040948033751
660,0.2601140763667894,0.2270874720363101,1.1454356069682194,51.43424637196191,82,1226.8989697945854
661,0.3335119826634556,0.23836821654925616,1.3991461927749878,239.81903291827123,50,2596.4618140371044
662,0.2537747492357561,0.18367643719642815,1.3816401989786151,222.984601723655,66,2515.820511242482
663,0.32663076044472417,0.16310490414295079,2.0025808675774313,805.4273130381548,39,4038.1953930360874
664,0.28767198708225244,0.16622472120884504,1.730620962936198,548.9947863114884,48,3567.4476558538618
665,0.33313450566891256,0.22710978137309884,1.4668434959286714,300.9780924363303,48,2848.8704920473974
666,0.3309043719639301,0.16655391657440585,1.9867702829798226,791.2658107105922,39,4017.1670154228927
667,0.2937673405138347,0.19108586114965334,1.5373578073563692,365.52088439966246,51,3074.123111748011
668,0.31763629221885326,0.17375302014469252,1.8280907690372357,643.2500692285416,42,3763.4050054526765
669,0.2944198709805276,0.17849279325633582,1.6494776377761502,471.82937498676705,48,3381.8255606215043
670,0.3248536518095436,0.19489279630333403,1.6668325252203606,490.1329835442859,44,3428.116431743124
671,0.3034011149698261,0.18094678965627897,1.6767421823076145,498.2581496986793,47,3448.7693272528863
672,0.3308623871090786,0.19690156050322527,1.680344159099029,503.3849462597172,43,3460.9314757394277
673,0.3335113392725707,0.18678409582250327,1.7855446300390534,604.0287414593239,41,3685.936151445372
674,0.34471301702441226,0.24844397935315773,1.387487907422422,229.7309633482257,49,2550.488603561868
675,0.2961679978440989,0.17817717327037755,1.6622106659794993,484.3104750631771,48,3413.159105471502
676,0.28818724341907104,0.20274597884614826,1.4214202671696834,258.61442050030365,57,2678.6086474736276
677,0.3466268153205947,0.23168912395812402,1.4960858300074749,328.66144245418354,45,2949.5015831885353
678,0.33012592241515476,0.1638398534603431,2.014930527846576,816.264580555568,39,4055.2672221976563
679,0.2750003211589007,0.2141179036204447,1.2843406203265422,143.15801649852733,67,2074.151546825366
680,0.3374116945052237,0.20545407454244313,1.6422730737107891,467.13823155642564,43,3369.561371168766
681,0.2602589731748409,0.23458922767334384,1.1094242295611338,34.49920598713832,84,961.6925670754005
682,0.3351166048084779,0.17850630140593285,1.8773376747435087,690.3424554333762,39,3851.3651059133163
683,0.3263116830291691,0.17727912995913567,1.8406660902746232,655.7273351326488,41,3787.1562142489106
684,0.3405306208978241,0.16473486559916042,2.067143586509592,864.8691915962754,37,4123.277827389624
685,0.2937472560194981,0.24464132630117608,1.200726224227006,83.76705518565694,69,1613.671283283321
686,0.27220380069069805,0.1951127990220709,1.3951099161870293,235.06441489936122,61,2573.7990608733708
687,0.2849585078138649,0.15266701908029384,1.8665361355093566,676.7249946417654,46,3825.8489826665373
688,0.2553256887171074,0.20020071146932356,1.2753485581704866,136.07304370528337,73,2022.0126986744594
689,0.27357780738634324,0.24945253512382912,1.0967128766622405,29.424520164235464,79,881.8235209634497
690,0.28749126734177677,0.152818754552815,1.8812564477641927,690.2528473139816,46,3850.823952570323
691,0.3430825904749953,0.23391762876116057,1.4666812086458716,301.191556604949,46,2849.356675584503
692,0.31499606842941813,0.2291380637482176,1.3746998786528255,218.04335574446694,54,2494.941291700425
693,0.2637599587725872,0.17868793973132682,1.476092674016913,307.6820143749525,59,2872.8238914477315
694,0.33297615831528227,0.21960719885759836,1.5162351691904081,347.11091848158327,46,3013.1222580979224
695,0.26387926918181864,0.22055361752890804,1.1964404489862057,80.90640931494056,77,1573.5667404534709
696,0.29486014739822464,0.1505251198305618,1.9588766827100565,762.1450374096967,44,3972.158852589988
697,0.2579225771270721,0.17559239284370448,1.4688710196953125,300.9233407553317,61,2847.116099259091
698,0.3334963099282381,0.20488042454438354,1.6277607324851686,452.9469277839038,43,3332.1737962271036
699,0.32272347853249317,0.20277715058867243,1.5915179673627449,417.9158156580395,46,3234.337533625434
700,0.26111868603242383,0.17881015780392306,1.4603123739690305,293.10828836474707,60,2817.6600540250756
701,0.280115119458622,0.15477494466188513,1.8098221263819527,623.2864947893277,48,3724.4436017454886
702,0.2919825543753443,0.2293899108639438,1.2728657214071004,134.5278024579799,64,2018.502086933707
703,0.29571136166364487,0.1610857895290015,1.8357383511498742,648.8331763022499,45,3773.935989907611
704,0.3405146885661998,0.2096739042818947,1.6240203554773183,449.77534579498376,43,3323.41865385799
705,0.25164353522058946,0.2015375730209406,1.2486184657708597,116.25290966806776,76,1875.8023698012976
706,0.2741938134420993,0.164357684024626,1.6682749885975297,488.72078789087084,51,3424.739633934006
707,0.29292388931033336,0.21148095827759505,1.3851076318929592,226.6929669011343,57,2535.771262394621
708,0.2740564238806543,0.19165675952085398,1.4299335153417039,266.0230998726014,59,2709.0490830924937
709,0.3164371301742009,0.15856139549872617,1.9956757392233158,797.8391069351186,40,4027.2687199566676
710,0.34746544909522215,0.1567679322908846,2.216431919574574,995.2517927466873,35,4286.733325612232
711,0.30260594453221706,0.20073276965797865,1.5075064477405282,337.9503782190059,51,2981.7628208779984
712,0.34883314855964676,0.20541519524181956,1.6981857069969544,521.3461764653756,40,3504.4948373089524
713,0.28904537325600643,0.1970135078158486,1.4671347993366088,300.0788336360564,55,2845.087788751378
714,0.313567079146863,0.24810394225515603,1.263853674781125,127.92610243084968,60,1974.3088888523823
715,0.27536502610692126,0.15162422311089477,1.8161018104971596,628.5724465183707,48,3735.3831883114212
716,0.32885200162795153,0.18448024931633913,1.7825864982654576,600.7321610928536,41,3679.4999970072904
717,0.32329410214506415,0.21282569624756564,1.5190557712025439,349.3350842529509,47,3020.9299265658847
718,0.32715013741098586,0.22351869848123113,1.4636365531560067,297.8343182044852,49,2837.0211030518126
719,0.2832518608371985,0.1544335688295208,1.834134009749397,646.3810569509334,47,3769.2539843450527
720,0.30460137452076913,0.23135088655560881,1.3166207359553532,169.03843061368605,59,2236.118297548079
721,0.26750891270517085,0.22791425934782816,1.1737260909898395,67.0864112712662,78,1429.1192879733374
722,0.29646228997470375,0.21953892519960638,1.3503859951266415,196.93620818235726,58,2388.878933802778
723,0.3131735847758338,0.23114976818476063,1.3548513902272685,200.9937551052964,55,2410.081772440412
724,0.25631005370322246,0.22761903997034216,1.1260483909281869,41.86914631032941,85,1080.759927566423
725,0.2957679577447353,0.17934425711750313,1.6491632489294232,471.77216985992754,48,3381.227597477271
726,0.2543806275659123,0.16994698337151884,1.4968234358700807,326.4547940302048,61,2940.923222210064
727,0.2541905941930382,0.24333709799503972,1.0446027189747273,14.27193504872334,65,495.7670809058016
728,0.3015383589254499,0.24891227022961235,1.2114242445633232,90.7780194440415,66,1679.9144020627057
729,0.3043030697654186,0.17533137652026173,1.7355882090519752,554.5809477041959,45,3580.346884956339
730,0.32532909188188647,0.1691103430733911,1.9237681502467239,733.1998895433272,40,3924.209160044231
731,0.28569741760353634,0.2280841566978425,1.2525965053417445,119.3801845352851,67,1909.9431576695342
732,0.33657982770780576,0.18319246863813446,1.8373016653466356,653.1828399408749,40,3782.690844530827
733,0.26244750082443835,0.1868019174314673,1.4049507865502688,243.49787586327173,63,2611.4921089214804
734,0.3389486517012281,0.2243307705519621,1.5109324987706798,342.12367976732696,45,2996.900812381462
735,0.3394637494955053,0.1886644768260692,1.7992987085134142,617.6031276218341,40,3713.230242925589
736,0.3473723584315309,0.19962032265370228,1.7401652988716294,561.7224643355528,40,3596.0604933217355
737,0.29975233924936273,0.24243104666269635,1.2364436955404465,107.89091903138447,65,1823.6557173295716
738,0.3019275853534942,0.23011480874017737,1.312073686202441,165.34336330698534,59,2214.3131013608404
739,0.32270813243426355,0.15789270060554678,2.0438445298396957,842.1209632575886,39,4091.630204903635
740,0.3102453298830227,0.23223412795398868,1.3359161834495317,184.9639041336823,56,2325.7615229212347
741,0.3045474397344637,0.18212114282145941,1.6722245150472377,494.0374917290692,46,3438.250435471093
742,0.2580068911074995,0.21609192214581366,1.193968236042635,79.32498846581562,79,1553.6208194724857
743,0.28064958560907527,0.21026216277305998,1.3347602911893652,183.62865715375239,62,2317.1300210783584
744,0.29261160728830454,0.21897648084454863,1.3362695672145242,185.0594870115484,60,2325.5080690782183
745,0.2851546983771992,0.15423551628501295,1.848826426270456,660.0055663891062,46,3795.463670104719
746,0.3370037175056392,0.18525593103084823,1.8191251185880921,636.2203023055465,40,3749.897196204139
747,0.34981505977730487,0.17745553600748576,1.9712828782222287,779.1107945879556,37,3998.2389534584245
748,0.3480027279194279,0.24479043786030863,1.421635301449226,260.2248569415182,47,2685.501187171102
749,0.25750411649881594,0.21375125378832982,1.2046905547221398,86.15735892433761,78,1620.7315650830244
750,0.28633111306509823,0.230109597556217,1.2443249482244914,113.41035904404696,67,1864.7963580774897
751,0.317941060781469,0.24527893962796077,1.2962428052882249,152.87975549657946,57,2139.406387548836
752,0.264277946836255,0.21075729033208554,1.2539445084904923,120.21214687473577,72,1911.1349643883095
753,0.3281311969743466,0.1534798965798542,2.137942520723702,925.6034730215408,38,4203.165180459484
754,0.25672333630621086,0.22785153735068653,1.1267132067276233,42.1801085494336,85,1086.2374558920937
755,0.28663284731071487,0.18828544016887777,1.5223314508738803,351.296734158065,53,3026.923385209908
756,0.30672446417241195,0.21050948288547855,1.4570577057532192,291.40713989211474,52,2811.634159142095
757,0.3179062056913395,0.24488235292655564,1.2981997350649637,154.438002454041,57,2148.9960722151964
758,0.28720133784706836,0.22630844717985796,1.2690703392914713,131.61906497906864,65,1997.9533763382258
759,0.30739217783338957,0.20294598815362896,1.5146501817059592,344.7868416400905,50,3005.1591848010394
760,0.289803404595245,0.21495607367060315,1.3481982604470961,194.98635944573516,60,2378.4926814901646
761,0.2749611653093398,0.1613448612585018,1.7041829728236921,522.9088315438928,51,3507.8448992664753
762,0.32356748594794277,0.1999043960256467,1.618611158037919,443.9824146560764,45,3307.141816062052
763,0.2886987380039263,0.20616727107596472,1.4003131364994976,239.9255024555436,57,2596.6079749839146
764,0.27617766765874957,0.17602897711399035,1.5689329801644325,394.65370820162593,54,3165.104345720496
765,0.29462731124056163,0.2496365112154761,1.180225239513347,71.02758727774808,70,1485.9800692668928
766,0.2785576877698158,0.24164789095418815,1.1527420606481729,55.331593353041,77,1294.8544170119833
767,0.2991200195254224,0.16226374219039708,1.843418717500308,655.9829157170133,44,3788.0365237363444
768,0.33528262903843226,0.19520426852453973,1.7175988597620386,539.0971817607689,42,3545.8993874643033
769,0.339867903078623,0.1945111192742455,1.7472929277602676,567.751998688784,41,3609.9159032591333
770,0.25877907411047313,0.2181929260250637,1.1860103754268703,74.39881062816755,79,1502.9791783160156
771,0.3345521218974699,0.181958777209997,1.8386149161211733,654.4486743731252,40,3784.728148593235
772,0.2847425294738565,0.1564939078316071,1.8195119121202428,632.7790873269909,47,3743.0147221089205
773,0.30421713612255624,0.23913316823538888,1.2721662091772332,134.0932012442512,61,2016.5887106666803
774,0.33513620507531255,0.22118091040072124,1.5152130645819952,346.2200192529291,46,3010.124721654265
775,0.34273244567231775,0.21377000225640164,1.6032766153093594,430.13135134328553,43,3268.871074025972
776,0.3293696383845003,0.20087557451743007,1.6396699259019205,464.3043695551735,44,3361.9632417126163
777,0.2621362455078457,0.17009803711776858,1.5410891856815128,367.9833856027151,57,3081.401085027912
778,0.2638876872038366,0.2290373060807749,1.1521602821802792,54.98739805447412,81,1278.5374948707577
779,0.2526284026808266,0.2054021437259595,1.2299209643005224,103.04055140226527,77,1769.470008609294
780,0.28689111655012206,0.23036617262885864,1.2453699832584813,114.16557428828283,67,1870.6898314340983
781,0.30516469339264274,0.2111948362620521,1.4449439143199134,280.22598370096057,53,2767.9525735357806
782,0.2586215481651933,0.18092907175284623,1.429408472942795,265.1434867503193,62,2704.88918348516
783,0.3499595043934387,0.22188696598907193,1.5771972131552532,405.2449055966282,43,3197.774480499509
784,0.30256956548303,0.2269164550374698,1.3333963173057146,182.8222422458349,58,2313.5645806072444
785,0.33233393995083904,0.1573750712911239,2.111731783339837,902.4005826347383,38,4174.582562125443
786,0.34723797315137656,0.2142338589386381,1.6208361034603505,447.20399195548373,42,3316.005234630087
787,0.2949974495662996,0.21801089906495807,1.3531316591580256,199.2113609531852,58,2400.749295053014
788,0.28445147807026994,0.23779601516504117,1.196199515256165,80.83319860750473,71,1582.6849950393605
789,0.32802629288383084,0.2139793929366663,1.5329807622219034,362.6197019537784,46,3064.8013724527555
790,0.26819631365521374,0.24662646139341068,1.0874596024284495,26.036367398738733,80,806.6823536334539
791,0.2932618286481975,0.24107122709468873,1.2164945281213888,94.11572184519858,68,1707.8793944419497
792,0.2555412850017777,0.16241611206390122,1.5733739821406214,398.06842885762563,58,3174.9592125834333
793,0.2653015466810201,0.16646570798901242,1.5937309244407942,417.7644585933446,55,3233.0427965729796
794,0.28226607511545554,0.2209332132529246,1.277608155693264,138.0397885910639,66,2041.2715848082603
795,0.2846023082341873,0.24409040549315347,1.1659708936907403,62.66631896298352,74,1388.4370246294154
796,0.33949259168211243,0.23459337061558655,1.447153390529597,283.1241858860286,47,2779.527143030162
797,0.27506053089819993,0.2135057091387746,1.2883052729958424,146.20954633419976,67,2094.1807033293326
798,0.305084141548314,0.16251702951269026,1.8772441415100518,688.3173866287565,43,3846.7720551357856
799,0.2802824606108876,0.20334780297683805,1.3783402451749756,220.59983537232898,60,2506.39455416443
800,0.30025731447412624,0.16686359017477068,1.799417800849429,614.9549962730264,45,3707.80013036153
801,0.34416069878685956,0.1654194266879563,2.0805337418807346,876.2149806064015,37,4139.992045154765
802,0.3158732873383754,0.2220632768437273,1.4224472043644798,260.1879601270091,52,2685.432716356163
803,0.3105138907861855,0.2342530004113389,1.3255492576015486,176.44875372772873,57,2278.3716714618154
804,0.3063618034431296,0.2325236267326632,1.3175512860693488,169.8491860136831,58,2240.678066031645
805,0.2528373487898878,0.1545461803291342,1.635998691468302,457.060872825034,56,3342.4204791292564
806,0.314145373382436,0.2076771231477379,1.5126623896795721,343.1489544023215,49,2999.6087071846214
807,0.31511299774855994,0.2266959000916311,1.3900251289114203,231.42185240919724,53,2558.0586138282188
808,0.2916586783663246,0.21389911922088706,1.3635337977485433,207.99116096031474,59,2445.3489065804647
809,0.2998038060136116,0.21271640102980843,1.4094061603251713,248.23672157012965,55,2633.586344026562
810,0.27896716568016056,0.2456650169954405,1.1355591817346062,46.475476382443304,78,1174.073351407589
811,0.2982944818175419,0.2304688154215733,1.2942943333652408,151.1519878434639,61,2127.7271357251507
812,0.3184990841195676,0.17974338714297422,1.7719655180761795,590.1604796921824,43,3657.072898677662
813,0.25729730255053457,0.1559913032934669,1.649433635838534,470.1757852405972,55,3376.639615011498
814,0.2939605499920411,0.19842511301073593,1.4814684771082183,313.50490429299214,53,2894.828891550367
815,0.27040230135633986,0.21066602628206363,1.2835591297207767,142.5130049969146,68,2069.11924700792
816,0.2812582499246933,0.22183628851124376,1.2678640262701553,130.6416049398639,67,1990.4747505447372
817,0.32341997548045465,0.23607773657543252,1.3699723666111743,214.06866280431848,53,2475.8585383344284
818,0.347537412791488,0.16307661515523864,2.131129668473032,921.9845028861281,36,4198.594828501224
819,0.2870540198050291,0.2061651215748369,1.392350061990626,232.93067787321147,58,2564.5490817553923
820,0.28191158864031574,0.19664725670406363,1.4335902435932133,269.4763376915021,57,2723.650778153634
821,0.2767471674454182,0.17479188825255457,1.5832952559305828,408.35231654472034,53,3205.7584176919554
822,0.25968116525605717,0.17902120049699016,1.4505609644843327,284.2799702913784,61,2782.7266470122745
823,0.2884149833501606,0.21153774441639686,1.3634209069679613,207.8961519473319,59,2444.494721321903
824,0.27482702803811865,0.23653075017207176,1.1619082416902964,60.348203237194205,77,1355.0450442709734
825,0.2659699662130161,0.18274358208011948,1.4554271246385444,288.81636307346037,60,2801.038387421484
826,0.3077687037893596,0.1812714920862273,1.6978329038245024,518.5764879713442,45,3498.0679404624543
827,0.32631213751386284,0.19982655420599088,1.632976852403132,457.7879665777618,44,3344.603201050855
828,0.30147248392314846,0.1998759708397654,1.5082977841535035,338.66923568234535,51,2984.17772846078
829,0.2808540482054429,0.1523176298216351,1.843870919829338,655.2963447482039,47,3786.158897393096
830,0.3445232804069237,0.20054444630237717,1.7179397722510747,539.8226016525093,41,3547.9301266406
831,0.3466686630552475,0.1715144422526241,2.0212214114578075,824.077884880771,37,4066.06443327047
832,0.28528950888563553,0.15505404046278917,1.83993598640921,651.5334653809686,46,3779.8691907850784
833,0.29948942035251763,0.2382339476368201,1.2571231905583813,122.80512763745118,63,1936.8028943690997
834,0.3154260036889617,0.19705868533681958,1.6006703949629246,426.30339452664936,46,3258.379815280356
835,0.30366907492889267,0.23471723653934679,1.2937655512912754,150.79295541358354,60,2125.7476197057636
836,0.29309277693475405,0.2382455730918593,1.2302128981080693,103.48360204881374,67,1787.1635285769858
837,0.32275080633593917,0.22638567641619894,1.4256679638272594,263.1813514152231,50,2698.32699985764
838,0.2865937352517563,0.19005816210147566,1.5079264793623461,337.7387888037706,54,2981.239545547846
839,0.30702816438810293,0.16946553018877192,1.8117440404906917,626.9492960082817,44,3731.915755083745
840,0.30532229266211514,0.15735317497428417,1.940363089032129,746.4460209470642,42,3946.4180913755185
841,0.3004255529123205,0.22644041147072397,1.3267311738265495,177.27897364094514,59,2282.805217836486
842,0.2779720677623982,0.24890907006207225,1.1167615052881692,37.679635001853974,79,1036.0357772364873
843,0.31803986401188605,0.16188110197235894,1.96465096998284,769.4869842200158,40,3983.970873570083
844,0.34750828154137836,0.1893903712728607,1.8348782950571028,651.3976480502099,39,3779.971664649015
845,0.3294897228380946,0.18390852999525653,1.7915956527225407,609.5648790059751,41,3697.0633336487094
846,0.34389485669553754,0.22549651722927938,1.5250561779004046,355.56229471350895,44,3042.1194124625667
847,0.269905788155245,0.20091225162251822,1.343401340513343,190.67992640332793,64,2354.395078970843
848,0.3000077903570644,0.15453033524670748,1.9414168090563082,747.2125628896687,43,3947.2022777634197
849,0.26370363735675206,0.18330407053527673,1.438613101098606,273.581320687232,61,2739.858637408597
850,0.297374415039519,0.1956988559282874,1.5195511165813353,348.977529348958,51,3019.4831535371404
851,0.3106260522403804,0.2015505732147254,1.5411816859952543,369.7205500234218,49,3087.727369088868
852,0.2827965847636526,0.2113068121064678,1.3383221390002533,186.61943619731798,62,2333.549302494366
853,0.26625020458769394,0.249061573756114,1.0690135799447384,20.150048600910793,76,669.8533115829808
854,0.32393193605736037,0.17992343425283183,1.800387689366606,617.3744392828738,42,3713.0514917164196
855,0.2836373452151678,0.23282893859573758,1.2182220428692037,95.2290256995595,70,1715.3050369382556
856,0.30323398298758764,0.2208739806435438,1.3728823200635845,216.2795292330111,56,2486.1807523435023
857,0.2799790564737414,0.23157488332438242,1.2090216885980507,89.07783714380564,71,1659.2797515454295
858,0.28683578098657697,0.21738063924730167,1.3195093269564826,171.2060822223379,62,2247.5955518147234
859,0.34798980311791616,0.20837021418487864,1.6700554082511936,494.51213181828984,41,3438.931146125019
860,0.3296754813930147,0.22253242125518552,1.4814716863884054,314.42216138397345,48,2898.7868854043354
861,0.31880436512027716,0.1526647154963833,2.088264888738025,881.0707849559934,39,4145.361749069702
862,0.29745902140850605,0.2467070696172051,1.2057174602659282,87.00543943371557,68,1644.9009371700593
863,0.3282903991431421,0.2276162025172072,1.44229802409749,278.48694581602655,49,2760.7056280676534
864,0.3077634395864183,0.22214001122963067,1.3854480238964106,227.20121285569678,55,2538.6993743927255
865,0.308352327704764,0.16705120617466593,1.8458551408623534,659.2593245594547,43,3793.6654064761597
866,0.31290252411453634,0.21197358055010895,1.4761392589703817,309.1041525729404,50,2878.8050316495573
867,0.3341167124958264,0.16477757083003317,2.0276832023483666,828.8584758792994,38,4072.6125646107184
868,0.31807268950506784,0.15315705133420993,2.076774701094167,870.4162584845071,39,4131.565901653175
869,0.3448205170784301,0.16098955213336968,2.141881336453238,931.1914554797642,36,4209.949910852325
870,0.25189373675066123,0.1813692483445855,1.3888447961811334,229.20250774887077,66,2545.022384817219
871,0.26514312581193455,0.21905002609185253,1.2104227081933976,89.93406653711767,75,1660.8307208475278
872,0.2910377409322705,0.2274972301807091,1.2793023488729462,139.41183540017997,64,2051.4490284111944
873,0.34205209498972106,0.23728177089123204,1.4415439235174743,278.118118322367,47,2759.340970420431
874,0.3235837271268681,0.1562281286014432,2.0712257774806306,866.5449339569357,39,4125.693969732497
875,0.26380824857852103,0.17073417049712447,1.5451403067727683,371.8653044979871,57,3093.8055104602245
876,0.28250495344260546,0.2162226799714349,1.3065463506415103,160.67886894167657,64,2185.3295374754284
877,0.3025477151400035,0.18137525987378172,1.6680759842910504,490.20668858433856,47,3428.103989873699
878,0.26731824238573276,0.24121241609240104,1.108227539511612,34.00689268876885,82,961.3364130140558
879,0.2842327017681846,0.18542869886448127,1.5328409437630433,361.0400034637241,53,3059.1736213598724
880,0.32719897841487405,0.22209245613272927,1.4732557067104066,306.84535696881517,48,2870.4549946526486
881,0.3143309099999461,0.21933133100298208,1.4331327337619284,269.71339202648795,51,2725.4669705767296
882,0.3110076580078751,0.16922641691367135,1.8378197900776425,651.8698388868148,43,3779.8720018436047
883,0.27465191355273605,0.20580866508074042,1.3345012147325666,183.337910034937,64,2315.045866608026
884,0.27248670379928164,0.2472910627590569,1.1018865815816952,31.43565066898343,80,919.4910598652574
885,0.2797614565276908,0.17890041374035248,1.5637831723168802,390.0271439063655,53,3150.7456372334773
886,0.270727779485464,0.22049882597401965,1.2277969204124588,101.678990794049,72,1766.544055579467
887,0.2817040745018448,0.18488031742013067,1.5237104654125366,352.4291813698853,54,3030.6293749101037
888,0.34337003747708006,0.22954053560023335,1.495901525973136,328.29619540785666,45,2948.532983954088
889,0.2773457536755423,0.1621874105732715,1.7100325647670767,528.8368473348456,50,3521.204411735104
890,0.31766222457825455,0.18796941853743826,1.6899675864826122,511.85787720904807,44,3481.463797562411
891,0.3480160537321362,0.23183774601305623,1.5011190356920447,333.2853914475445,45,2966.174699000549
892,0.3454608863391461,0.23046158339565703,1.4989955429840902,331.3528423379602,45,2958.9404196005607
893,0.27904526519929357,0.17876303416141398,1.5609785686862407,387.2833889467398,53,3142.523599466576
894,0.32141412874983954,0.18463635140956164,1.7407954950153695,560.7420737533157,43,3593.734960473751
895,0.2942376111864835,0.1756443975473482,1.6751892761462335,496.5953160659323,48,3443.8728427931883
896,0.2979079263016483,0.17020680072005964,1.7502704065956778,568.3020161206513,46,3610.168568504568
897,0.30385779237086524,0.24330239337833076,1.248889450496987,116.82828426952601,63,1893.0196188235677
898,0.31961713006468223,0.1637272954800923,1.952131006179997,758.3344445855313,40,3966.0042429481296
899,0.31156770344144924,0.20868304985708153,1.4930187365712222,324.73309344136885,50,2935.475147816383
900,0.2742458038410287,0.2169833964893104,1.263902253712483,127.61725082461832,69,1967.9090150876764
901,0.3031041489732799,0.21379445734086377,1.4177362348081128,255.73923187656524,54,2666.1433441174845
902,0.2552491106839463,0.19133013660482587,1.334076874732698,182.70680466439575,68,2309.151496900975
903,0.32173580562502435,0.1600544904777348,2.0101641926115223,811.1605346021356,40,4047.658870611264
904,0.3270766058098279,0.150518144640713,2.1730045011553933,955.4233626030745,38,4240.270325445535
905,0.30503525657796166,0.24290996801699777,1.2557543812142637,121.8420969612457,62,1930.2626557310782
906,0.29069074515468835,0.24350320985961516,1.1937860914534877,79.34650541778274,70,1570.0170570446337
907,0.3378399621514228,0.19774485204408965,1.7084640063150531,530.4657396405063,41,3526.0800532070803
908,0.26994559746676017,0.24639140388909359,1.0955966531538124,28.998331128103352,80,869.501391967774
909,0.28211677021191667,0.21458979178902698,1.3146793603736684,167.22270134702148,63,2224.1531983441173
910,0.34079369587356223,0.15894607205115163,2.1440837856244026,931.836223132593,36,4211.732116426109
911,0.30741333531753734,0.20351522768936048,1.510517609948892,340.9335366916948,50,2991.983022360071
912,0.3223117678242423,0.24366693797506261,1.322755440285577,174.3043031436289,55,2266.503150059201
913,0.34132297256698524,0.1675064775480963,2.0376702893115333,838.4568193022632,37,4086.574980319956
914,0.3382244973164833,0.16757887075388625,2.0183003728030533,820.3642736279036,38,4060.9451875882
915,0.3419634811850934,0.24971718030885098,1.3694031013891472,213.93356285948272,50,2475.1050286521013
916,0.28969945742783,0.19953838973217577,1.4518482273845654,286.225948495798,55,2791.180956984767
917,0.34366087447777627,0.24621313800833425,1.3957860951601349,236.9715553547968,49,2583.9704818182104
918,0.3426039697896443,0.23767431679179235,1.4414850304998352,278.0904087954662,47,2759.180850792327
919,0.25092671684801,0.20679618686644954,1.2134010817620164,91.83286653029234,79,1669.3849472626364
920,0.2607300690773538,0.24829938883710065,1.0500632736088142,15.387042333855572,68,535.8922886567727
921,0.2784561652350046,0.24890994700887234,1.118702440706715,38.543491606407834,78,1050.8321104817273
922,0.3043300483556975,0.1993912420341819,1.5262959659157236,355.6187135465111,50,3041.384134721377
923,0.3438560501740872,0.23510597385779966,1.462557690610037,297.39901012954493,46,2834.9893130834203
924,0.296802076900629,0.16928113982738097,1.753308591868435,571.1003426676381,46,3616.2706072492792
925,0.2612646761020154,0.16624942625397385,1.5715222722205962,396.4512820411006,57,3170.507084603476
926,0.2958914471032361,0.1757264880229519,1.6838181336930222,504.6045284283939,48,3464.2939671724544
927,0.2686199069128068,0.2236617895492257,1.2010093787329117,83.83504345100555,75,1605.0212068945411
928,0.32907676644252554,0.20677812224209394,1.5914486642704178,418.22588233403144,45,3234.942404733267
929,0.3257282750257561,0.16754949138384648,1.9440720012663655,751.762342094129,40,3955.002059954228
930,0.33561465042734573,0.2397042761783975,1.4001195797507087,240.63457542417413,50,2600.533728177054
931,0.33269898252763097,0.2015280658959796,1.6508816330294973,475.32491325361184,43,3390.3578634888086
932,0.25867377698483557,0.21692558534099543,1.1924539771471134,78.38001911630919,79,1544.4729043390212
933,0.268478120104734,0.16406118756342983,1.6364511563768498,458.34862121828246,53,3345.7879101649264
934,0.2823601670085083,0.1748047083667145,1.6152892542010844,438.88918683962606,51,3293.104755363165
935,0.2760785277065444,0.1735521252801534,1.590752791191059,415.3970836355307,53,3226.318248756494
936,0.3253756651781457,0.24540348226549125,1.3258803916487871,176.86811519146426,54,2281.2516915974047
937,0.28019458396916147,0.22228825284009973,1.2605010853664675,125.1490018740415,67,1951.2592740852692
938,0.2511435734194168,0.21536833670701988,1.1661118679718663,62.6444389900539,84,1361.9470105798364
939,0.3192768590422739,0.1562124331800536,2.0438632991156918,841.1035070950197,40,4091.138578250075
940,0.26182248478039727,0.18068063420036198,1.4490899145840652,283.0022628514888,61,2777.748816579738
941,0.2905416612968397,0.20025204712383896,1.450879856010482,285.3587318578394,55,2787.8017636983077
942,0.3395118369816254,0.2203557035102256,1.5407444943482953,370.3378336549211,45,3089.8221279706295
943,0.28109779483846603,0.16174157458447763,1.7379439736543967,555.5256304195639,49,3582.069987188817
944,0.34161303858506353,0.17950376001562468,1.9030968407309587,714.8515263088145,38,3894.2666007926623
945,0.3114625448143849,0.1719128600935344,1.8117466293384001,627.3835637970278,43,3732.5622879274893
946,0.2633568782196804,0.1653185564689179,1.5930267227393495,416.86421090516774,55,3230.8493264528724
947,0.32477348371508563,0.21057389480890693,1.542325481559874,371.2394011126464,47,3092.8576933321756
948,0.29158456154312246,0.20492345088183647,1.422895038553966,260.0900406267769,56,2684.593357090085
949,0.29708280768793116,0.20375176876932008,1.4580624722049746,291.98470838797516,53,2814.1471998565385
950,0.31640944393396636,0.1718411622657326,1.8412901761259945,655.5820281510271,42,3786.810441460492
951,0.27474654293085776,0.22547395497248654,1.2185289558804417,95.3892589813683,72,1713.9458818812882
952,0.3373135058487733,0.15818703064732748,2.1323714369530213,921.9198313133161,37,4198.429900716416
953,0.29467479774964833,0.22037661251558727,1.3371418790131642,185.8016476383484,59,2329.687765643173
954,0.257810272214744,0.20641687222734748,1.2489786781130559,116.55922082145376,74,1881.0320788607523
955,0.25617580475566837,0.20476492487109316,1.2510726869699007,118.0560583218564,74,1891.8531824686809
956,0.30054870560925956,0.20727016742278648,1.4500335930940074,284.83669089249486,53,2785.8641694938947
957,0.26498523813824143,0.18281176377422065,1.4494977383704262,283.46488235109143,60,2779.6710915534186
958,0.30203415411847867,0.16162400221846643,1.868745668791325,679.8660966478739,44,3832.0936168962694
959,0.27054014855393616,0.20831476784410174,1.2987084466157606,154.33726748854468,67,2144.944432915116
960,0.2590941644451688,0.20103753540328345,1.2887850217892054,146.4236851556695,71,2092.420702486449
961,0.3308692083177237,0.1953432300179782,1.6937838505448717,515.9591473275076,43,3492.0115257136054
962,0.30132478432016413,0.19567984757118762,1.5398866467868813,368.2904996458727,50,3082.7024348131554
963,0.25577367809325247,0.19623783057389238,1.3033861888161373,157.86139329234464,70,2163.9991311994177
964,0.33069153525543926,0.22232800798250024,1.4874038509869996,320.03768463622254,47,2918.8874210015015
965,0.28959487099532577,0.23164532259331305,1.2501649839213527,117.64984200295872,66,1897.5324733381487
966,0.32458044828318156,0.20783112650590355,1.5617508971831593,389.83162977700977,46,3150.3681098852703
967,0.25452898027278287,0.18445288665621346,1.3799132390222684,221.5022609476628,66,2508.8183922036806
968,0.2563759912112083,0.249412366047692,1.0279201279145265,11.63476625802997,46,403.3496899710218
969,0.34345827988849464,0.15690191461603137,2.1889999285795967,971.613705833545,36,4259.0443314767335
970,0.34337755625849303,0.1531734871023079,2.2417558205039994,1015.2728704639584,36,4310.15273158625
971,0.2908866935819248,0.22689720625834828,1.2820197232870167,141.49758550366153,63,2065.2605696427922
972,0.32658276829237115,0.2478333284924101,1.3177516126624298,170.24021561228835,55,2243.488807841865
973,0.3145880818097163,0.1920361938882328,1.6381707814559692,462.16486678186817,46,3356.247638837886
974,0.3492856598580879,0.1882479618851372,1.8554552004722935,671.382440325352,38,3816.381509302432
975,0.3369620285310708,0.24067673115245725,1.4000606827156108,240.64167535137608,49,2600.425761757834
976,0.28756455338019876,0.21827303541015414,1.3174534034395948,169.5430120062209,62,2238.03436697746
977,0.3161792538125468,0.203930026391886,1.5504301127532585,378.59610725660315,48,3116.088926755103
978,0.3153534098418702,0.184776988713915,1.7066703599663213,527.6827205645384,44,3518.9830956165592
979,0.26784736290041117,0.20372584863980012,1.3147441264264008,167.07664273307907,67,2221.9177393529276
980,0.30288425395440094,0.22278581409061282,1.3595311496413771,204.77181893194273,57,2429.353547345267
981,0.27226902159662664,0.15034732949449078,1.810933539771343,623.852222096544,49,3725.367314855957
982,0.25227353273219666,0.17983629887029817,1.4027953995769329,241.40543214771472,65,2601.178884617704
983,0.3173499857776567,0.20444453390250208,1.5522546860020152,380.4602913228307,47,3121.637995370486
984,0.30319336084967585,0.23233604373757843,1.30497772094342,159.6335004490854,60,2180.454029038849
985,0.27475120385037755,0.1846159734987627,1.4882309403862009,319.08322304238584,57,2915.27108032227
986,0.27756497277951275,0.24374103611350667,1.1387699716278172,48.07269954146239,78,1195.9146309724836
987,0.3225023945908918,0.16128446387664772,1.999587479408714,801.7093099333296,40,4033.5146917805473
988,0.3309478183539194,0.1919240598491752,1.7243685789785654,545.6479992272189,42,3560.035706219269
989,0.3266053467513903,0.23837566218453746,1.3701287445131467,214.2983521771267,52,2476.8081363511246
990,0.251564579636355,0.17060816218502142,1.4745166726755887,305.92116294250906,62,2865.5875215297306
991,0.2600896713092507,0.15335762757542806,1.695968276382778,514.2715755074555,54,3487.216063268011
992,0.30977848967315524,0.22032862668649286,1.405983844822585,245.36968734828824,53,2621.215217397847
993,0.2548676321243749,0.22405410784798616,1.1375271561514722,47.406060090852726,85,1163.385843777037
994,0.29022653508109064,0.17343392784875616,1.6734126862085716,494.515541400999,49,3439.1331414719766
995,0.2717269210177553,0.23637302426700563,1.1495682380017025,53.62593881922226,79,1267.481294581678
996,0.2556444035024461,0.20038958489409345,1.2757369782344476,136.36557091052433,72,2024.1692818703107
997,0.2789263451353919,0.2315786256763317,1.2044563453158939,86.10510378321976,72,1631.1967375813153
998,0.3231517483116018,0.1818903696369192,1.776629235273213,594.9364771573566,42,3666.9814883638965
999,0.30979176742772624,0.21725319014369138,1.4259480711092427,263.1396726389213,53,2698.0753838296487
1000,0.2820665115392983,0.18017644351442033,1.565501605190266,391.64707866201013,53,3155.9994904122073
